{"type":"FeatureCollection","name":"wwii_thor_flight_paths","features":[{"type":"Feature","geometry":{"type":"LineString","coordinates":[[14.3215,37.131],[15.37,38.22]]},"properties":{"mission_id":1,"date":"1943-08-15","theater":"MTO","aircraft":"North American A-36 Apache (Invader)","takeoff_base":"PONTE OLIVO AIRFIELD","target_location":"SPADAFORA","target_country":"ITALY","total_tons":10.0}},{"type":"Feature","geometry":{"type":"LineString","coordinates":[[14.3215,37.131],[16.25,39.27]]},"properties":{"mission_id":3,"date":"1943-08-15","theater":"MTO","aircraft":"North American A-36 Apache (Invader)","takeoff_base":"PONTE OLIVO AIRFIELD","target_location":"COSENZA","target_country":"ITALY","total_tons":9.0}},{"type":"Feature","geometry":{"type":"LineString","coordinates":[[14.3215,37.131],[15.9,38.43]]},"properties":{"mission_id":4,"date":"1943-08-15","theater":"MTO","aircraft":"North American A-36 Apache (Invader)","takeoff_base":"PONTE OLIVO AIRFIELD","target_location":"GIOJA TAURO","target_country":"ITALY","total_tons":7.5}},{"type":"Feature","geometry":{"type":"LineString","coordinates":[[14.3215,37.131],[15.72,38.23]]},"properties":{"mission_id":9,"date":"1943-08-15","theater":"MTO","aircraft":"North American A-36 Apache (Invader)","takeoff_base":"PONTE OLIVO AIRFIELD","target_location":"SCILLA","target_country":"ITALY","total_tons":0.0}},{"type":"Feature","geometry":{"type":"LineString","coordinates":[[14.3215,37.131],[15.9,38.43]]},"properties":{"mission_id":10,"date":"1943-08-15","theater":"MTO","aircraft":"North American A-36 Apache (Invader)","takeoff_base":"PONTE OLIVO AIRFIELD","target_location":"GIOJA TAURO","target_country":"ITALY","total_tons":0.0}},{"type":"Feature","geometry":{"type":"LineString","coordinates":[[14.3215,37.131],[15.65,38.2]]},"properties":{"mission_id":96,"date":"1943-08-16","theater":"MTO","aircraft":"North American A-36 Apache (Invader)","takeoff_base":"PONTE OLIVO AIRFIELD","target_location":"VILLA SAN GIOVANNI","target_country":"ITALY","total_tons":16.0}},{"type":"Feature","geometry":{"type":"LineString","coordinates":[[14.4792,35.8596],[15.06,37.47]]},"properties":{"mission_id":127357,"date":"1942-08-16","theater":"MTO","aircraft":"B-24 Liberator","takeoff_base":"MALTA","target_location":"CATANIA","target_country":"SICILY","total_tons":1.0}},{"type":"Feature","geometry":{"type":"LineString","coordinates":[[14.3215,37.131],[16.25,39.27]]},"properties":{"mission_id":302,"date":"1943-08-16","theater":"MTO","aircraft":"North American A-36 Apache (Invader)","takeoff_base":"PONTE OLIVO AIRFIELD","target_location":"COSENZA","target_country":"ITALY","total_tons":2.0}},{"type":"Feature","geometry":{"type":"LineString","coordinates":[[29.8514,30.9847],[27.23,31.36]]},"properties":{"mission_id":131917,"date":"1942-10-27","theater":"MTO","aircraft":"B-25 Mitchell","takeoff_base":"LG 88","target_location":null,"target_country":"EGYPT","total_tons":4.0}},{"type":"Feature","geometry":{"type":"LineString","coordinates":[[14.3215,37.131],[16.25,39.27]]},"properties":{"mission_id":645,"date":"1943-08-17","theater":"MTO","aircraft":"North American A-36 Apache (Invader)","takeoff_base":"PONTE OLIVO AIRFIELD","target_location":"COSENZA","target_country":"ITALY","total_tons":4.0}},{"type":"Feature","geometry":{"type":"LineString","coordinates":[[14.3215,37.131],[9.83,44.1]]},"properties":{"mission_id":646,"date":"1943-08-17","theater":"MTO","aircraft":"North American A-36 Apache (Invader)","takeoff_base":"PONTE OLIVO AIRFIELD","target_location":"LA SPEZIA","target_country":"ITALY","total_tons":3.0}},{"type":"Feature","geometry":{"type":"LineString","coordinates":[[14.3215,37.131],[16.25,38.92]]},"properties":{"mission_id":647,"date":"1943-08-17","theater":"MTO","aircraft":"North American A-36 Apache (Invader)","takeoff_base":"PONTE OLIVO AIRFIELD","target_location":"LAMEZIA","target_country":"ITALY","total_tons":3.0}},{"type":"Feature","geometry":{"type":"LineString","coordinates":[[14.3215,37.131],[15.8,38.27]]},"properties":{"mission_id":997,"date":"1943-08-18","theater":"MTO","aircraft":"North American A-36 Apache (Invader)","takeoff_base":"PONTE OLIVO AIRFIELD","target_location":"BAGNARA","target_country":"ITALY","total_tons":6.0}},{"type":"Feature","geometry":{"type":"LineString","coordinates":[[14.3215,37.131],[15.78,39.85]]},"properties":{"mission_id":998,"date":"1943-08-18","theater":"MTO","aircraft":"North American A-36 Apache (Invader)","takeoff_base":"PONTE OLIVO AIRFIELD","target_location":"SCALEA","target_country":"ITALY","total_tons":6.0}},{"type":"Feature","geometry":{"type":"LineString","coordinates":[[14.3215,37.131],[13.43,40.78]]},"properties":{"mission_id":1000,"date":"1943-08-18","theater":"MTO","aircraft":"North American A-36 Apache (Invader)","takeoff_base":"PONTE OLIVO AIRFIELD","target_location":"STEFANO","target_country":"ITALY","total_tons":3.0}},{"type":"Feature","geometry":{"type":"LineString","coordinates":[[155.3839,-6.2444],[155.5667,-6.2]]},"properties":{"mission_id":1045,"date":"1944-07-30","theater":"PTO","aircraft":"PV-1 Lockeed Ventura","takeoff_base":"BOUGAINVILLE ISLAND","target_location":"TUNURU","target_country":"SOLOMON ISLANDS","total_tons":0.75}},{"type":"Feature","geometry":{"type":"LineString","coordinates":[[29.8514,30.9847],[27.2,31.33]]},"properties":{"mission_id":131907,"date":"1942-10-27","theater":"MTO","aircraft":"B-25 Mitchell","takeoff_base":"LG 88","target_location":"MERSA MATRUH /  LG 104","target_country":"EGYPT","total_tons":6.0}},{"type":"Feature","geometry":{"type":"LineString","coordinates":[[14.3215,37.131],[16.3,38.97]]},"properties":{"mission_id":1204,"date":"1943-08-18","theater":"MTO","aircraft":"North American A-36 Apache (Invader)","takeoff_base":"PONTE OLIVO AIRFIELD","target_location":"NICASTRO","target_country":"ITALY","total_tons":0.0}},{"type":"Feature","geometry":{"type":"LineString","coordinates":[[10.1219,36.6496],[17.13,39.08]]},"properties":{"mission_id":1205,"date":"1943-08-18","theater":"MTO","aircraft":"Handley Page Halifax","takeoff_base":"OUDNA","target_location":"CROTONE","target_country":"GREECE","total_tons":61.62}},{"type":"Feature","geometry":{"type":"LineString","coordinates":[[14.3215,37.131],[16.62,38.9]]},"properties":{"mission_id":1237,"date":"1943-08-19","theater":"MTO","aircraft":"North American A-36 Apache (Invader)","takeoff_base":"PONTE OLIVO AIRFIELD","target_location":"CATANZARO","target_country":"ITALY","total_tons":8.0}},{"type":"Feature","geometry":{"type":"LineString","coordinates":[[14.3215,37.131],[16.25,39.27]]},"properties":{"mission_id":1238,"date":"1943-08-19","theater":"MTO","aircraft":"North American A-36 Apache (Invader)","takeoff_base":"PONTE OLIVO AIRFIELD","target_location":"COSENZA","target_country":"ITALY","total_tons":5.75}},{"type":"Feature","geometry":{"type":"LineString","coordinates":[[29.9014,30.8014],[29.14,30.59]]},"properties":{"mission_id":128421,"date":"1942-09-01","theater":"MTO","aircraft":"B-25 Mitchell","takeoff_base":"LG 99","target_location":"ALAM-EL HAIFA RIDGE","target_country":"EGYPT","total_tons":5.0}},{"type":"Feature","geometry":{"type":"LineString","coordinates":[[29.9014,30.8014],[28.97,30.48]]},"properties":{"mission_id":128422,"date":"1942-09-01","theater":"MTO","aircraft":"B-25 Mitchell","takeoff_base":"LG 99","target_location":"ALAM-EL HAIFA RIDGE","target_country":"EGYPT","total_tons":4.5}},{"type":"Feature","geometry":{"type":"LineString","coordinates":[[14.3215,37.131],[16.25,39.27]]},"properties":{"mission_id":1557,"date":"1943-08-20","theater":"MTO","aircraft":"North American A-36 Apache (Invader)","takeoff_base":"PONTE OLIVO AIRFIELD","target_location":"COSENZA","target_country":"ITALY","total_tons":8.0}},{"type":"Feature","geometry":{"type":"LineString","coordinates":[[29.9014,30.8014],[28.92,30.52]]},"properties":{"mission_id":128423,"date":"1942-09-01","theater":"MTO","aircraft":"B-25 Mitchell","takeoff_base":"LG 99","target_location":"ALAM-EL HAIFA RIDGE","target_country":"EGYPT","total_tons":4.5}},{"type":"Feature","geometry":{"type":"LineString","coordinates":[[10.1219,36.6496],[17.13,39.08]]},"properties":{"mission_id":1591,"date":"1943-08-21","theater":"MTO","aircraft":"B-24 Liberator","takeoff_base":"OUDNA","target_location":"CROTONE","target_country":"GREECE","total_tons":65.68}},{"type":"Feature","geometry":{"type":"LineString","coordinates":[[29.9014,30.8014],[28.91,30.55]]},"properties":{"mission_id":128489,"date":"1942-09-04","theater":"MTO","aircraft":"B-25 Mitchell","takeoff_base":"LG 99","target_location":"ALAM-EL HAIFA RIDGE","target_country":"EGYPT","total_tons":4.5}},{"type":"Feature","geometry":{"type":"LineString","coordinates":[[32.3333,30.4167],[28.83,30.5]]},"properties":{"mission_id":128189,"date":"1942-08-31","theater":"MTO","aircraft":"B-25 Mitchell","takeoff_base":"DEVERSOIR AIRFIELD","target_location":"ALAM-EL HAIFA RIDGE","target_country":"EGYPT","total_tons":5.0}},{"type":"Feature","geometry":{"type":"LineString","coordinates":[[29.8514,30.9847],[28.68,30.75]]},"properties":{"mission_id":131196,"date":"1942-10-22","theater":"MTO","aircraft":"B-25 Mitchell","takeoff_base":"LG 88","target_location":"EL DABA FRONT LINES","target_country":"EGYPT","total_tons":6.0}},{"type":"Feature","geometry":{"type":"LineString","coordinates":[[29.8514,30.9847],[28.7,30.89]]},"properties":{"mission_id":131596,"date":"1942-10-26","theater":"MTO","aircraft":"B-25 Mitchell","takeoff_base":"LG 88","target_location":"\"W OF KIDNEY RIDGE, EL ALAMEIN 86.3-30.0\"","target_country":"EGYPT","total_tons":6.0}},{"type":"Feature","geometry":{"type":"LineString","coordinates":[[12.484,30.7019],[15.26,31.45]]},"properties":{"mission_id":138959,"date":"1943-01-14","theater":"MTO","aircraft":"B-25 Mitchell","takeoff_base":"TMED EL CHEL","target_location":"\"MT 45MI SE OF BERI ULID, LIBYA\"","target_country":"LIBYA","total_tons":5.88}},{"type":"Feature","geometry":{"type":"LineString","coordinates":[[29.8514,30.9847],[28.64,30.87]]},"properties":{"mission_id":131912,"date":"1942-10-27","theater":"MTO","aircraft":"B-25 Mitchell","takeoff_base":"LG 88","target_location":"FRONT LINES EAST OF 857-297","target_country":"EGYPT","total_tons":5.0}},{"type":"Feature","geometry":{"type":"LineString","coordinates":[[29.8514,30.9847],[28.56,30.98]]},"properties":{"mission_id":131987,"date":"1942-11-02","theater":"MTO","aircraft":"B-25 Mitchell","takeoff_base":"LG 88","target_location":"GHAZAL STATION AREA 85.0-31.0","target_country":"EGYPT","total_tons":5.0}},{"type":"Feature","geometry":{"type":"LineString","coordinates":[[11.6211,32.8271],[10.17,33.63]]},"properties":{"mission_id":148798,"date":"1943-03-26","theater":"MTO","aircraft":"B-25 Mitchell","takeoff_base":"EL ASSA","target_location":"MARETH","target_country":"TUNISIA","total_tons":5.0}},{"type":"Feature","geometry":{"type":"LineString","coordinates":[[14.3215,37.131],[14.73,40.67]]},"properties":{"mission_id":1839,"date":"1943-08-22","theater":"MTO","aircraft":"North American A-36 Apache (Invader)","takeoff_base":"PONTE OLIVO AIRFIELD","target_location":"SALERNO","target_country":"ITALY","total_tons":11.0}},{"type":"Feature","geometry":{"type":"LineString","coordinates":[[29.8514,30.9847],[28.71,30.86]]},"properties":{"mission_id":131908,"date":"1942-10-27","theater":"MTO","aircraft":"B-25 Mitchell","takeoff_base":"LG 88","target_location":"FRONT LINES 863-297","target_country":"EGYPT","total_tons":6.0}},{"type":"Feature","geometry":{"type":"LineString","coordinates":[[29.8514,30.9847],[28.62,30.8]]},"properties":{"mission_id":131197,"date":"1942-10-22","theater":"MTO","aircraft":"B-25 Mitchell","takeoff_base":"LG 88","target_location":"MT CONCENTRATION","target_country":"EGYPT","total_tons":6.0}},{"type":"Feature","geometry":{"type":"LineString","coordinates":[[14.3215,37.131],[14.97,40.62]]},"properties":{"mission_id":1887,"date":"1943-08-23","theater":"MTO","aircraft":"North American A-36 Apache (Invader)","takeoff_base":"PONTE OLIVO AIRFIELD","target_location":"BATTIPAGLIA","target_country":"ITALY","total_tons":6.0}},{"type":"Feature","geometry":{"type":"LineString","coordinates":[[14.3215,37.131],[14.97,40.62]]},"properties":{"mission_id":1888,"date":"1943-08-23","theater":"MTO","aircraft":"North American A-36 Apache (Invader)","takeoff_base":"PONTE OLIVO AIRFIELD","target_location":"BATTIPAGLIA","target_country":"ITALY","total_tons":3.0}},{"type":"Feature","geometry":{"type":"LineString","coordinates":[[14.3215,37.131],[15.07,40.6]]},"properties":{"mission_id":1889,"date":"1943-08-23","theater":"MTO","aircraft":"North American A-36 Apache (Invader)","takeoff_base":"PONTE OLIVO AIRFIELD","target_location":"EBOLI","target_country":"ITALY","total_tons":3.0}},{"type":"Feature","geometry":{"type":"LineString","coordinates":[[29.8514,30.9847],[28.76,30.89]]},"properties":{"mission_id":131506,"date":"1942-10-22","theater":"MTO","aircraft":"B-25 Mitchell","takeoff_base":"LG 88","target_location":"EL DABA COMM NERVE CENTER  (GRID 86783003)","target_country":"EGYPT","total_tons":4.38}},{"type":"Feature","geometry":{"type":"LineString","coordinates":[[155.3839,-6.2444],[154.9,-5.5]]},"properties":{"mission_id":2015,"date":"1945-02-18","theater":"PTO","aircraft":"PV-1 Lockeed Ventura","takeoff_base":"BOUGAINVILLE ISLAND","target_location":"BANIU HARBOR","target_country":"SOLOMON ISLANDS","total_tons":7.8}},{"type":"Feature","geometry":{"type":"LineString","coordinates":[[155.3839,-6.2444],[154.9,-5.5]]},"properties":{"mission_id":2030,"date":"1945-02-18","theater":"PTO","aircraft":"PV-1 Lockeed Ventura","takeoff_base":"BOUGAINVILLE ISLAND","target_location":"BANIU HARBOR","target_country":"SOLOMON ISLANDS","total_tons":8.0}},{"type":"Feature","geometry":{"type":"LineString","coordinates":[[29.8514,30.9847],[28.58,30.95]]},"properties":{"mission_id":131198,"date":"1942-10-22","theater":"MTO","aircraft":"B-25 Mitchell","takeoff_base":"LG 88","target_location":"MT AND TENT AREA","target_country":"EGYPT","total_tons":6.0}},{"type":"Feature","geometry":{"type":"LineString","coordinates":[[29.8514,30.9847],[28.65,30.78]]},"properties":{"mission_id":131199,"date":"1942-10-22","theater":"MTO","aircraft":"B-25 Mitchell","takeoff_base":"LG 88","target_location":"EL DABA FRONT LINES","target_country":"EGYPT","total_tons":6.0}},{"type":"Feature","geometry":{"type":"LineString","coordinates":[[11.6211,32.8271],[10.17,33.63]]},"properties":{"mission_id":148797,"date":"1943-03-26","theater":"MTO","aircraft":"B-25 Mitchell","takeoff_base":"EL ASSA","target_location":"MARETH","target_country":"TUNISIA","total_tons":6.0}},{"type":"Feature","geometry":{"type":"LineString","coordinates":[[14.3215,37.131],[16.2,39.8]]},"properties":{"mission_id":2140,"date":"1943-08-24","theater":"MTO","aircraft":"North American A-36 Apache (Invader)","takeoff_base":"PONTE OLIVO AIRFIELD","target_location":"CASTROVILLARI","target_country":"ITALY","total_tons":8.0}},{"type":"Feature","geometry":{"type":"LineString","coordinates":[[14.3215,37.131],[16.47,39.78]]},"properties":{"mission_id":2141,"date":"1943-08-24","theater":"MTO","aircraft":"North American A-36 Apache (Invader)","takeoff_base":"PONTE OLIVO AIRFIELD","target_location":"SIBARI","target_country":"ITALY","total_tons":6.0}},{"type":"Feature","geometry":{"type":"LineString","coordinates":[[14.3215,37.131],[15.63,40.07]]},"properties":{"mission_id":2143,"date":"1943-08-24","theater":"MTO","aircraft":"North American A-36 Apache (Invader)","takeoff_base":"PONTE OLIVO AIRFIELD","target_location":"SAPRI","target_country":"ITALY","total_tons":4.0}},{"type":"Feature","geometry":{"type":"LineString","coordinates":[[14.3215,37.131],[15.63,40.07]]},"properties":{"mission_id":2145,"date":"1943-08-24","theater":"MTO","aircraft":"North American A-36 Apache (Invader)","takeoff_base":"PONTE OLIVO AIRFIELD","target_location":"SAPRI","target_country":"ITALY","total_tons":0.0}},{"type":"Feature","geometry":{"type":"LineString","coordinates":[[10.1219,36.6496],[17.13,39.08]]},"properties":{"mission_id":2146,"date":"1943-08-24","theater":"MTO","aircraft":"B-24 Liberator","takeoff_base":"OUDNA","target_location":"CROTONE","target_country":"GREECE","total_tons":39.75}},{"type":"Feature","geometry":{"type":"LineString","coordinates":[[29.8514,30.9847],[28.67,30.84]]},"properties":{"mission_id":131200,"date":"1942-10-22","theater":"MTO","aircraft":"B-25 Mitchell","takeoff_base":"LG 88","target_location":"EL DABA FRONT LINES","target_country":"EGYPT","total_tons":6.0}},{"type":"Feature","geometry":{"type":"LineString","coordinates":[[29.8514,30.9847],[28.67,30.84]]},"properties":{"mission_id":131501,"date":"1942-10-22","theater":"MTO","aircraft":"B-25 Mitchell","takeoff_base":"LG 88","target_location":"EL DABA FRONT LINES","target_country":"EGYPT","total_tons":6.0}},{"type":"Feature","geometry":{"type":"LineString","coordinates":[[29.8514,30.9847],[28.62,31.0]]},"properties":{"mission_id":131997,"date":"1942-11-03","theater":"MTO","aircraft":"B-25 Mitchell","takeoff_base":"LG 88","target_location":"BOMBING IN AREA OF LG 22 AND AMMO DUMP SOUTH OF LG COORDS: 856313","target_country":"EGYPT","total_tons":6.0}},{"type":"Feature","geometry":{"type":"LineString","coordinates":[[29.8514,30.9847],[28.27,31.03]]},"properties":{"mission_id":131502,"date":"1942-10-22","theater":"MTO","aircraft":"B-25 Mitchell","takeoff_base":"LG 88","target_location":"LG 104","target_country":"EGYPT","total_tons":6.0}},{"type":"Feature","geometry":{"type":"LineString","coordinates":[[29.8514,30.9847],[28.62,30.88]]},"properties":{"mission_id":131582,"date":"1942-10-25","theater":"MTO","aircraft":"B-25 Mitchell","takeoff_base":"LG 88","target_location":"EL DABA FRONT LINES 855299","target_country":"EGYPT","total_tons":6.0}},{"type":"Feature","geometry":{"type":"LineString","coordinates":[[29.8514,30.9847],[27.93,31.05]]},"properties":{"mission_id":131583,"date":"1942-10-25","theater":"MTO","aircraft":"B-25 Mitchell","takeoff_base":"LG 88","target_location":"LG 18","target_country":"EGYPT","total_tons":6.0}},{"type":"Feature","geometry":{"type":"LineString","coordinates":[[29.8514,30.9847],[27.84,31.05]]},"properties":{"mission_id":132311,"date":"1942-11-04","theater":"MTO","aircraft":"B-25 Mitchell","takeoff_base":"LG 88","target_location":"GERMAN FORCES RETREATING FROM EL ALAMEIN GRID 780 317","target_country":"EGYPT","total_tons":6.0}},{"type":"Feature","geometry":{"type":"LineString","coordinates":[[24.4847,31.8681],[25.17,35.34]]},"properties":{"mission_id":137339,"date":"1943-01-02","theater":"MTO","aircraft":"B-25 Mitchell","takeoff_base":"GAMBUT (LG 142)","target_location":"HERAKLION","target_country":"CRETE","total_tons":11.0}},{"type":"Feature","geometry":{"type":"LineString","coordinates":[[29.8514,30.9847],[28.76,30.89]]},"properties":{"mission_id":131503,"date":"1942-10-22","theater":"MTO","aircraft":"B-25 Mitchell","takeoff_base":"LG 88","target_location":"EL DABA COMM NERVE CENTER  (GRID 86783003)","target_country":"EGYPT","total_tons":6.0}},{"type":"Feature","geometry":{"type":"LineString","coordinates":[[29.8514,30.9847],[28.65,30.81]]},"properties":{"mission_id":131504,"date":"1942-10-22","theater":"MTO","aircraft":"B-25 Mitchell","takeoff_base":"LG 88","target_location":"EL DABA FRONT LINES","target_country":"EGYPT","total_tons":6.0}},{"type":"Feature","geometry":{"type":"LineString","coordinates":[[29.8514,30.9847],[28.69,30.98]]},"properties":{"mission_id":131505,"date":"1942-10-22","theater":"MTO","aircraft":"B-25 Mitchell","takeoff_base":"LG 88","target_location":"EL DABA FRONT LINES","target_country":"EGYPT","total_tons":6.0}},{"type":"Feature","geometry":{"type":"LineString","coordinates":[[29.8514,30.9847],[27.2,31.33]]},"properties":{"mission_id":131909,"date":"1942-10-27","theater":"MTO","aircraft":"B-25 Mitchell","takeoff_base":"LG 88","target_location":"MERSA MATRUH /  LG 104","target_country":"EGYPT","total_tons":6.0}},{"type":"Feature","geometry":{"type":"LineString","coordinates":[[29.8514,30.9847],[28.8,30.75]]},"properties":{"mission_id":131584,"date":"1942-10-25","theater":"MTO","aircraft":"B-25 Mitchell","takeoff_base":"LG 88","target_location":"EL DABA FRONT LINES 873-285","target_country":"EGYPT","total_tons":6.0}},{"type":"Feature","geometry":{"type":"LineString","coordinates":[[29.8514,30.9847],[28.8,30.75]]},"properties":{"mission_id":131585,"date":"1942-10-25","theater":"MTO","aircraft":"B-25 Mitchell","takeoff_base":"LG 88","target_location":"EL DABA FRONT LINES 873-289","target_country":"EGYPT","total_tons":6.0}},{"type":"Feature","geometry":{"type":"LineString","coordinates":[[29.8514,30.9847],[28.71,30.86]]},"properties":{"mission_id":131910,"date":"1942-10-27","theater":"MTO","aircraft":"B-25 Mitchell","takeoff_base":"LG 88","target_location":"FRONT LINES 863-297","target_country":"EGYPT","total_tons":6.0}},{"type":"Feature","geometry":{"type":"LineString","coordinates":[[29.8514,30.9847],[28.71,30.86]]},"properties":{"mission_id":131911,"date":"1942-10-27","theater":"MTO","aircraft":"B-25 Mitchell","takeoff_base":"LG 88","target_location":"FRONT LINES 863-297","target_country":"EGYPT","total_tons":6.0}},{"type":"Feature","geometry":{"type":"LineString","coordinates":[[11.6211,32.8271],[10.3,33.67]]},"properties":{"mission_id":147120,"date":"1943-03-14","theater":"MTO","aircraft":"B-25 Mitchell","takeoff_base":"EL ASSA","target_location":"ZARAT","target_country":"TUNISIA","total_tons":5.0}},{"type":"Feature","geometry":{"type":"LineString","coordinates":[[12.484,30.7019],[13.16,32.67]]},"properties":{"mission_id":139400,"date":"1943-01-19","theater":"MTO","aircraft":"B-25 Mitchell","takeoff_base":"TMED EL CHEL","target_location":"CASTEL BENITO L7516","target_country":"LIBYA","total_tons":9.0}},{"type":"Feature","geometry":{"type":"LineString","coordinates":[[29.8514,30.9847],[28.69,30.86]]},"properties":{"mission_id":131598,"date":"1942-10-26","theater":"MTO","aircraft":"B-25 Mitchell","takeoff_base":"LG 88","target_location":"\"W OF KIDNEY RIDGE, EL ALAMEIN 862297\"","target_country":"EGYPT","total_tons":5.0}},{"type":"Feature","geometry":{"type":"LineString","coordinates":[[29.8514,30.9847],[28.69,30.88]]},"properties":{"mission_id":131597,"date":"1942-10-26","theater":"MTO","aircraft":"B-25 Mitchell","takeoff_base":"LG 88","target_location":"\"W OF KIDNEY RIDGE, EL ALAMEIN 852299\"","target_country":"EGYPT","total_tons":6.0}},{"type":"Feature","geometry":{"type":"LineString","coordinates":[[12.484,30.7019],[10.51,33.35]]},"properties":{"mission_id":140415,"date":"1943-01-24","theater":"MTO","aircraft":"B-25 Mitchell","takeoff_base":"TMED EL CHEL","target_location":"LG WEST OF MEDENINE AND PP","target_country":"TUNISIA","total_tons":7.0}},{"type":"Feature","geometry":{"type":"LineString","coordinates":[[15.2333,38.2167],[16.47,39.78]]},"properties":{"mission_id":2772,"date":"1943-08-27","theater":"MTO","aircraft":"North American A-36 Apache (Invader)","takeoff_base":"BARCELONA LANDING GROUND","target_location":"SIBARI","target_country":"ITALY","total_tons":14.0}},{"type":"Feature","geometry":{"type":"LineString","coordinates":[[15.2333,38.2167],[16.05,39.35]]},"properties":{"mission_id":2774,"date":"1943-08-27","theater":"MTO","aircraft":"North American A-36 Apache (Invader)","takeoff_base":"BARCELONA LANDING GROUND","target_location":"PAOLA","target_country":"ITALY","total_tons":8.0}},{"type":"Feature","geometry":{"type":"LineString","coordinates":[[15.2333,38.2167],[16.47,39.78]]},"properties":{"mission_id":2775,"date":"1943-08-27","theater":"MTO","aircraft":"North American A-36 Apache (Invader)","takeoff_base":"BARCELONA LANDING GROUND","target_location":"SIBARI","target_country":"ITALY","total_tons":6.0}},{"type":"Feature","geometry":{"type":"LineString","coordinates":[[15.2333,38.2167],[14.33,41.07]]},"properties":{"mission_id":2776,"date":"1943-08-27","theater":"MTO","aircraft":"North American A-36 Apache (Invader)","takeoff_base":"BARCELONA LANDING GROUND","target_location":"CASERTA","target_country":"ITALY","total_tons":4.0}},{"type":"Feature","geometry":{"type":"LineString","coordinates":[[15.2333,38.2167],[15.93,39.5]]},"properties":{"mission_id":2781,"date":"1943-08-27","theater":"MTO","aircraft":"North American A-36 Apache (Invader)","takeoff_base":"BARCELONA LANDING GROUND","target_location":"CETRARO","target_country":"ITALY","total_tons":0.0}},{"type":"Feature","geometry":{"type":"LineString","coordinates":[[10.1219,36.6496],[17.13,39.08]]},"properties":{"mission_id":2782,"date":"1943-08-27","theater":"MTO","aircraft":"B-24 Liberator","takeoff_base":"OUDNA","target_location":"CROTONE","target_country":"GREECE","total_tons":37.0}},{"type":"Feature","geometry":{"type":"LineString","coordinates":[[12.484,30.7019],[15.26,31.45]]},"properties":{"mission_id":138958,"date":"1943-01-14","theater":"MTO","aircraft":"B-25 Mitchell","takeoff_base":"TMED EL CHEL","target_location":"MT NEAR GHEDDIA AND RW 9090","target_country":"LIBYA","total_tons":9.0}},{"type":"Feature","geometry":{"type":"LineString","coordinates":[[10.6908,34.7178],[10.46,36.3]]},"properties":{"mission_id":157620,"date":"1943-05-12","theater":"MTO","aircraft":"B-25 Mitchell","takeoff_base":"SFAX","target_location":"POSITIONS S OF BOU FICHA","target_country":"TUNISIA","total_tons":9.0}},{"type":"Feature","geometry":{"type":"LineString","coordinates":[[10.6908,34.7178],[12.44,37.79]]},"properties":{"mission_id":157327,"date":"1943-05-11","theater":"MTO","aircraft":"B-25 Mitchell","takeoff_base":"SFAX","target_location":"MARSALA","target_country":"ITALY","total_tons":9.0}},{"type":"Feature","geometry":{"type":"LineString","coordinates":[[15.2333,38.2167],[16.62,38.9]]},"properties":{"mission_id":3095,"date":"1943-08-28","theater":"MTO","aircraft":"North American A-36 Apache (Invader)","takeoff_base":"BARCELONA LANDING GROUND","target_location":"CATANZARO","target_country":"ITALY","total_tons":24.0}},{"type":"Feature","geometry":{"type":"LineString","coordinates":[[15.2333,38.2167],[16.62,38.9]]},"properties":{"mission_id":3097,"date":"1943-08-28","theater":"MTO","aircraft":"North American A-36 Apache (Invader)","takeoff_base":"BARCELONA LANDING GROUND","target_location":"CATANZARO","target_country":"ITALY","total_tons":14.0}},{"type":"Feature","geometry":{"type":"LineString","coordinates":[[15.2333,38.2167],[16.25,39.27]]},"properties":{"mission_id":3100,"date":"1943-08-28","theater":"MTO","aircraft":"North American A-36 Apache (Invader)","takeoff_base":"BARCELONA LANDING GROUND","target_location":"COSENZA","target_country":"ITALY","total_tons":6.0}},{"type":"Feature","geometry":{"type":"LineString","coordinates":[[15.2333,38.2167],[16.25,39.27]]},"properties":{"mission_id":3201,"date":"1943-08-28","theater":"MTO","aircraft":"North American A-36 Apache (Invader)","takeoff_base":"BARCELONA LANDING GROUND","target_location":"COSENZA","target_country":"ITALY","total_tons":6.0}},{"type":"Feature","geometry":{"type":"LineString","coordinates":[[15.2333,38.2167],[16.18,40.97]]},"properties":{"mission_id":3202,"date":"1943-08-28","theater":"MTO","aircraft":"North American A-36 Apache (Invader)","takeoff_base":"BARCELONA LANDING GROUND","target_location":"AVERSA","target_country":"ITALY","total_tons":3.0}},{"type":"Feature","geometry":{"type":"LineString","coordinates":[[15.2333,38.2167],[16.2,39.8]]},"properties":{"mission_id":3205,"date":"1943-08-28","theater":"MTO","aircraft":"North American A-36 Apache (Invader)","takeoff_base":"BARCELONA LANDING GROUND","target_location":"CASTROVILLARI","target_country":"ITALY","total_tons":0.0}},{"type":"Feature","geometry":{"type":"LineString","coordinates":[[15.2333,38.2167],[16.2,39.8]]},"properties":{"mission_id":3206,"date":"1943-08-28","theater":"MTO","aircraft":"North American A-36 Apache (Invader)","takeoff_base":"BARCELONA LANDING GROUND","target_location":"CASTROVILLARI","target_country":"ITALY","total_tons":0.0}},{"type":"Feature","geometry":{"type":"LineString","coordinates":[[15.2333,38.2167],[16.25,39.27]]},"properties":{"mission_id":3283,"date":"1943-08-29","theater":"MTO","aircraft":"North American A-36 Apache (Invader)","takeoff_base":"BARCELONA LANDING GROUND","target_location":"COSENZA","target_country":"ITALY","total_tons":6.0}},{"type":"Feature","geometry":{"type":"LineString","coordinates":[[15.2333,38.2167],[16.17,38.75]]},"properties":{"mission_id":3284,"date":"1943-08-29","theater":"MTO","aircraft":"North American A-36 Apache (Invader)","takeoff_base":"BARCELONA LANDING GROUND","target_location":"ANGITOLA RIVER","target_country":"ITALY","total_tons":6.0}},{"type":"Feature","geometry":{"type":"LineString","coordinates":[[15.2333,38.2167],[14.43,40.77]]},"properties":{"mission_id":3286,"date":"1943-08-29","theater":"MTO","aircraft":"North American A-36 Apache (Invader)","takeoff_base":"BARCELONA LANDING GROUND","target_location":"TORRE ANNUNZIATA","target_country":"ITALY","total_tons":3.0}},{"type":"Feature","geometry":{"type":"LineString","coordinates":[[15.2333,38.2167],[15.63,40.07]]},"properties":{"mission_id":3529,"date":"1943-08-30","theater":"MTO","aircraft":"North American A-36 Apache (Invader)","takeoff_base":"BARCELONA LANDING GROUND","target_location":"SAPRI","target_country":"ITALY","total_tons":12.0}},{"type":"Feature","geometry":{"type":"LineString","coordinates":[[15.2333,38.2167],[16.25,38.92]]},"properties":{"mission_id":3530,"date":"1943-08-30","theater":"MTO","aircraft":"North American A-36 Apache (Invader)","takeoff_base":"BARCELONA LANDING GROUND","target_location":"LAMEZIA","target_country":"ITALY","total_tons":10.0}},{"type":"Feature","geometry":{"type":"LineString","coordinates":[[15.2333,38.2167],[16.62,38.9]]},"properties":{"mission_id":3535,"date":"1943-08-30","theater":"MTO","aircraft":"North American A-36 Apache (Invader)","takeoff_base":"BARCELONA LANDING GROUND","target_location":"CATANZARO","target_country":"ITALY","total_tons":8.0}},{"type":"Feature","geometry":{"type":"LineString","coordinates":[[29.8514,30.9847],[28.39,31.05]]},"properties":{"mission_id":131996,"date":"1942-11-03","theater":"MTO","aircraft":"B-25 Mitchell","takeoff_base":"LG 88","target_location":"FLEETING TARGET 830317 MT ON ROAD TP EL DABA","target_country":"EGYPT","total_tons":8.0}},{"type":"Feature","geometry":{"type":"LineString","coordinates":[[12.484,30.7019],[12.64,32.76]]},"properties":{"mission_id":139722,"date":"1943-01-20","theater":"MTO","aircraft":"B-25 Mitchell","takeoff_base":"TMED EL CHEL","target_location":"\"ROAD EAST OF MEDININ, TUNISIA\"","target_country":"LIBYA","total_tons":8.88}},{"type":"Feature","geometry":{"type":"LineString","coordinates":[[32.3333,30.4167],[28.47,31.03]]},"properties":{"mission_id":127768,"date":"1942-08-25","theater":"MTO","aircraft":"B-25 Mitchell","takeoff_base":"DEVERSOIR AIRFIELD","target_location":"EL DABA AIRDROME - DISPERSED AIRCRAFT","target_country":"EGYPT","total_tons":9.0}},{"type":"Feature","geometry":{"type":"LineString","coordinates":[[9.4847,42.55],[12.72,42.2]]},"properties":{"mission_id":3730,"date":"1944-08-02","theater":"MTO","aircraft":"North American A-36 Apache (Invader)","takeoff_base":"PORETTA AIRFIELD","target_location":"FABA SABINA","target_country":"ITALY","total_tons":2.0}},{"type":"Feature","geometry":{"type":"LineString","coordinates":[[15.2333,38.2167],[16.25,39.27]]},"properties":{"mission_id":3809,"date":"1943-08-31","theater":"MTO","aircraft":"North American A-36 Apache (Invader)","takeoff_base":"BARCELONA LANDING GROUND","target_location":"COSENZA","target_country":"ITALY","total_tons":12.0}},{"type":"Feature","geometry":{"type":"LineString","coordinates":[[15.2333,38.2167],[15.93,39.5]]},"properties":{"mission_id":3810,"date":"1943-08-31","theater":"MTO","aircraft":"North American A-36 Apache (Invader)","takeoff_base":"BARCELONA LANDING GROUND","target_location":"CETRARO","target_country":"ITALY","total_tons":12.0}},{"type":"Feature","geometry":{"type":"LineString","coordinates":[[15.2333,38.2167],[15.63,40.07]]},"properties":{"mission_id":3811,"date":"1943-08-31","theater":"MTO","aircraft":"North American A-36 Apache (Invader)","takeoff_base":"BARCELONA LANDING GROUND","target_location":"SAPRI","target_country":"ITALY","total_tons":11.5}},{"type":"Feature","geometry":{"type":"LineString","coordinates":[[15.2333,38.2167],[15.63,40.07]]},"properties":{"mission_id":3819,"date":"1943-08-31","theater":"MTO","aircraft":"North American A-36 Apache (Invader)","takeoff_base":"BARCELONA LANDING GROUND","target_location":"SAPRI","target_country":"ITALY","total_tons":0.0}},{"type":"Feature","geometry":{"type":"LineString","coordinates":[[15.2333,38.2167],[15.93,39.5]]},"properties":{"mission_id":3820,"date":"1943-08-31","theater":"MTO","aircraft":"North American A-36 Apache (Invader)","takeoff_base":"BARCELONA LANDING GROUND","target_location":"CETRARO","target_country":"ITALY","total_tons":0.0}},{"type":"Feature","geometry":{"type":"LineString","coordinates":[[10.1219,36.6496],[17.42,40.53]]},"properties":{"mission_id":3821,"date":"1943-08-31","theater":"MTO","aircraft":"B-24 Liberator","takeoff_base":"OUDNA","target_location":"GROTTAGLIE","target_country":"GREECE","total_tons":6.0}},{"type":"Feature","geometry":{"type":"LineString","coordinates":[[12.484,30.7019],[10.51,33.35]]},"properties":{"mission_id":140039,"date":"1943-01-23","theater":"MTO","aircraft":"B-25 Mitchell","takeoff_base":"TMED EL CHEL","target_location":"LG WEST OF MEDENINE AND PP","target_country":"TUNISIA","total_tons":12.0}},{"type":"Feature","geometry":{"type":"LineString","coordinates":[[10.6908,34.7178],[10.15,36.4]]},"properties":{"mission_id":155513,"date":"1943-05-04","theater":"MTO","aircraft":"B-25 Mitchell","takeoff_base":"SFAX","target_location":"ZAGHOUAN TK 0912","target_country":"TUNISIA","total_tons":12.0}},{"type":"Feature","geometry":{"type":"LineString","coordinates":[[15.2333,38.2167],[16.25,39.27]]},"properties":{"mission_id":4148,"date":"1943-09-01","theater":"MTO","aircraft":"North American A-36 Apache (Invader)","takeoff_base":"BARCELONA LANDING GROUND","target_location":"COSENZA","target_country":"ITALY","total_tons":10.0}},{"type":"Feature","geometry":{"type":"LineString","coordinates":[[29.8514,30.9847],[28.3,31.07]]},"properties":{"mission_id":131160,"date":"1942-10-19","theater":"MTO","aircraft":"B-25 Mitchell","takeoff_base":"LG 88","target_location":"LG 21 / LG 104","target_country":"EGYPT","total_tons":10.88}},{"type":"Feature","geometry":{"type":"LineString","coordinates":[[15.2333,38.2167],[14.2,41.1]]},"properties":{"mission_id":4157,"date":"1943-09-01","theater":"MTO","aircraft":"North American A-36 Apache (Invader)","takeoff_base":"BARCELONA LANDING GROUND","target_location":"CAPUA","target_country":"ITALY","total_tons":0.0}},{"type":"Feature","geometry":{"type":"LineString","coordinates":[[15.2333,38.2167],[16.3,38.97]]},"properties":{"mission_id":4406,"date":"1943-09-02","theater":"MTO","aircraft":"North American A-36 Apache (Invader)","takeoff_base":"BARCELONA LANDING GROUND","target_location":"NICASTRO","target_country":"ITALY","total_tons":13.0}},{"type":"Feature","geometry":{"type":"LineString","coordinates":[[15.2333,38.2167],[16.25,38.92]]},"properties":{"mission_id":4409,"date":"1943-09-02","theater":"MTO","aircraft":"North American A-36 Apache (Invader)","takeoff_base":"BARCELONA LANDING GROUND","target_location":"LAMEZIA","target_country":"ITALY","total_tons":8.0}},{"type":"Feature","geometry":{"type":"LineString","coordinates":[[15.2333,38.2167],[16.62,38.9]]},"properties":{"mission_id":4410,"date":"1943-09-02","theater":"MTO","aircraft":"North American A-36 Apache (Invader)","takeoff_base":"BARCELONA LANDING GROUND","target_location":"CATANZARO","target_country":"ITALY","total_tons":7.5}},{"type":"Feature","geometry":{"type":"LineString","coordinates":[[12.484,30.7019],[10.51,33.35]]},"properties":{"mission_id":139793,"date":"1943-01-22","theater":"MTO","aircraft":"B-25 Mitchell","takeoff_base":"TMED EL CHEL","target_location":"LG WEST OF MEDENINE AND BEN GARDANE","target_country":"TUNISIA","total_tons":11.0}},{"type":"Feature","geometry":{"type":"LineString","coordinates":[[12.484,30.7019],[12.67,32.75]]},"properties":{"mission_id":139721,"date":"1943-01-20","theater":"MTO","aircraft":"B-25 Mitchell","takeoff_base":"TMED EL CHEL","target_location":"ROAD FROM SORMAN TO ZANIA","target_country":"LIBYA","total_tons":12.0}},{"type":"Feature","geometry":{"type":"LineString","coordinates":[[15.2333,38.2167],[16.25,39.27]]},"properties":{"mission_id":4732,"date":"1943-09-03","theater":"MTO","aircraft":"North American A-36 Apache (Invader)","takeoff_base":"BARCELONA LANDING GROUND","target_location":"COSENZA","target_country":"ITALY","total_tons":4.0}},{"type":"Feature","geometry":{"type":"LineString","coordinates":[[15.2333,38.2167],[16.23,40.83]]},"properties":{"mission_id":4733,"date":"1943-09-03","theater":"MTO","aircraft":"North American A-36 Apache (Invader)","takeoff_base":"BARCELONA LANDING GROUND","target_location":"MARINA DI CATANZARO","target_country":"ITALY","total_tons":3.0}},{"type":"Feature","geometry":{"type":"LineString","coordinates":[[10.1219,36.6496],[17.42,40.53]]},"properties":{"mission_id":4739,"date":"1943-09-03","theater":"MTO","aircraft":"B-24 Liberator","takeoff_base":"OUDNA","target_location":"GROTTAGLIE","target_country":"GREECE","total_tons":36.0}},{"type":"Feature","geometry":{"type":"LineString","coordinates":[[10.5053,33.3547],[10.3,36.42]]},"properties":{"mission_id":152297,"date":"1943-04-14","theater":"MTO","aircraft":"B-25 Mitchell","takeoff_base":"MEDENINE","target_location":"ST MARIE DU ZIT K2707","target_country":"TUNISIA","total_tons":12.0}},{"type":"Feature","geometry":{"type":"LineString","coordinates":[[10.5053,33.3547],[10.45,36.08]]},"properties":{"mission_id":151708,"date":"1943-04-10","theater":"MTO","aircraft":"B-25 Mitchell","takeoff_base":"MEDENINE","target_location":"ENFIDAVILLE","target_country":"TUNISIA","total_tons":12.5}},{"type":"Feature","geometry":{"type":"LineString","coordinates":[[29.8514,30.9847],[27.93,31.05]]},"properties":{"mission_id":131949,"date":"1942-10-30","theater":"MTO","aircraft":"B-25 Mitchell","takeoff_base":"LG 88","target_location":"LG 104 / LG 18","target_country":"EGYPT","total_tons":11.88}},{"type":"Feature","geometry":{"type":"LineString","coordinates":[[29.8514,30.9847],[28.65,30.92]]},"properties":{"mission_id":131986,"date":"1942-11-02","theater":"MTO","aircraft":"B-25 Mitchell","takeoff_base":"LG 88","target_location":"BOMBING 859 303","target_country":"EGYPT","total_tons":12.0}},{"type":"Feature","geometry":{"type":"LineString","coordinates":[[29.8514,30.9847],[28.6,30.98]]},"properties":{"mission_id":131995,"date":"1942-11-03","theater":"MTO","aircraft":"B-25 Mitchell","takeoff_base":"LG 88","target_location":"GHAZAL STATION - FUKA","target_country":"EGYPT","total_tons":12.0}},{"type":"Feature","geometry":{"type":"LineString","coordinates":[[15.2333,38.2167],[16.25,39.27]]},"properties":{"mission_id":5064,"date":"1943-09-04","theater":"MTO","aircraft":"North American A-36 Apache (Invader)","takeoff_base":"BARCELONA LANDING GROUND","target_location":"COSENZA","target_country":"ITALY","total_tons":24.0}},{"type":"Feature","geometry":{"type":"LineString","coordinates":[[15.2333,38.2167],[16.25,39.27]]},"properties":{"mission_id":5071,"date":"1943-09-04","theater":"MTO","aircraft":"North American A-36 Apache (Invader)","takeoff_base":"BARCELONA LANDING GROUND","target_location":"COSENZA","target_country":"ITALY","total_tons":6.0}},{"type":"Feature","geometry":{"type":"LineString","coordinates":[[29.8514,30.9847],[28.7,30.89]]},"properties":{"mission_id":131936,"date":"1942-10-29","theater":"MTO","aircraft":"B-25 Mitchell","takeoff_base":"LG 88","target_location":"GERMAN FORCES RETREATING FROM EL ALAMEIN 8675-3075","target_country":"EGYPT","total_tons":12.0}},{"type":"Feature","geometry":{"type":"LineString","coordinates":[[10.1219,36.6496],[17.63,40.4]]},"properties":{"mission_id":5928,"date":"1943-09-07","theater":"MTO","aircraft":"B-24 Liberator","takeoff_base":"OUDNA","target_location":"MANDURIA","target_country":"GREECE","total_tons":25.75}},{"type":"Feature","geometry":{"type":"LineString","coordinates":[[10.1219,36.6496],[15.8,40.63]]},"properties":{"mission_id":7314,"date":"1943-09-10","theater":"MTO","aircraft":"B-24 Liberator","takeoff_base":"OUDNA","target_location":"POTENZA","target_country":"GREECE","total_tons":24.0}},{"type":"Feature","geometry":{"type":"LineString","coordinates":[[15.2333,38.2167],[16.25,39.27]]},"properties":{"mission_id":7658,"date":"1943-09-12","theater":"MTO","aircraft":"North American A-36 Apache (Invader)","takeoff_base":"BARCELONA LANDING GROUND","target_location":"COSENZA","target_country":"ITALY","total_tons":19.0}},{"type":"Feature","geometry":{"type":"LineString","coordinates":[[15.0056,40.4212],[15.63,40.07]]},"properties":{"mission_id":7659,"date":"1943-09-12","theater":"MTO","aircraft":"North American A-36 Apache (Invader)","takeoff_base":"CAPACCIO","target_location":"SAPRI","target_country":"ITALY","total_tons":16.0}},{"type":"Feature","geometry":{"type":"LineString","coordinates":[[15.2333,38.2167],[16.25,39.27]]},"properties":{"mission_id":7661,"date":"1943-09-12","theater":"MTO","aircraft":"North American A-36 Apache (Invader)","takeoff_base":"BARCELONA LANDING GROUND","target_location":"COSENZA","target_country":"ITALY","total_tons":11.5}},{"type":"Feature","geometry":{"type":"LineString","coordinates":[[15.0056,40.4212],[15.43,40.57]]},"properties":{"mission_id":7947,"date":"1943-09-13","theater":"MTO","aircraft":"North American A-36 Apache (Invader)","takeoff_base":"CAPACCIO","target_location":"AULETTA","target_country":"ITALY","total_tons":14.5}},{"type":"Feature","geometry":{"type":"LineString","coordinates":[[15.2333,38.2167],[16.25,39.27]]},"properties":{"mission_id":7948,"date":"1943-09-13","theater":"MTO","aircraft":"North American A-36 Apache (Invader)","takeoff_base":"BARCELONA LANDING GROUND","target_location":"COSENZA","target_country":"ITALY","total_tons":14.0}},{"type":"Feature","geometry":{"type":"LineString","coordinates":[[15.0056,40.4212],[14.73,40.67]]},"properties":{"mission_id":7952,"date":"1943-09-13","theater":"MTO","aircraft":"North American A-36 Apache (Invader)","takeoff_base":"CAPACCIO","target_location":"SALERNO","target_country":"ITALY","total_tons":0.0}},{"type":"Feature","geometry":{"type":"LineString","coordinates":[[15.0056,40.4212],[14.73,40.67]]},"properties":{"mission_id":7953,"date":"1943-09-13","theater":"MTO","aircraft":"North American A-36 Apache (Invader)","takeoff_base":"CAPACCIO","target_location":"SALERNO","target_country":"ITALY","total_tons":0.0}},{"type":"Feature","geometry":{"type":"LineString","coordinates":[[15.0056,40.4212],[15.43,40.57]]},"properties":{"mission_id":7954,"date":"1943-09-13","theater":"MTO","aircraft":"North American A-36 Apache (Invader)","takeoff_base":"CAPACCIO","target_location":"AULETTA","target_country":"ITALY","total_tons":0.0}},{"type":"Feature","geometry":{"type":"LineString","coordinates":[[10.1219,36.6496],[15.8,40.63]]},"properties":{"mission_id":7955,"date":"1943-09-13","theater":"MTO","aircraft":"B-24 Liberator","takeoff_base":"OUDNA","target_location":"POTENZA","target_country":"GREECE","total_tons":7.5}},{"type":"Feature","geometry":{"type":"LineString","coordinates":[[15.2333,38.2167],[16.25,39.27]]},"properties":{"mission_id":8206,"date":"1943-09-14","theater":"MTO","aircraft":"North American A-36 Apache (Invader)","takeoff_base":"BARCELONA LANDING GROUND","target_location":"COSENZA","target_country":"ITALY","total_tons":37.0}},{"type":"Feature","geometry":{"type":"LineString","coordinates":[[15.0056,40.4212],[14.78,40.9]]},"properties":{"mission_id":8207,"date":"1943-09-14","theater":"MTO","aircraft":"North American A-36 Apache (Invader)","takeoff_base":"CAPACCIO","target_location":"AVELLINO","target_country":"ITALY","total_tons":13.0}},{"type":"Feature","geometry":{"type":"LineString","coordinates":[[15.0056,40.4212],[14.97,40.62]]},"properties":{"mission_id":8209,"date":"1943-09-14","theater":"MTO","aircraft":"North American A-36 Apache (Invader)","takeoff_base":"CAPACCIO","target_location":"BATTIPAGLIA","target_country":"ITALY","total_tons":10.5}},{"type":"Feature","geometry":{"type":"LineString","coordinates":[[15.0056,40.4212],[14.78,40.9]]},"properties":{"mission_id":8220,"date":"1943-09-14","theater":"MTO","aircraft":"North American A-36 Apache (Invader)","takeoff_base":"CAPACCIO","target_location":"AVELLINO","target_country":"ITALY","total_tons":0.0}},{"type":"Feature","geometry":{"type":"LineString","coordinates":[[15.0056,40.4212],[14.97,40.62]]},"properties":{"mission_id":8221,"date":"1943-09-14","theater":"MTO","aircraft":"North American A-36 Apache (Invader)","takeoff_base":"CAPACCIO","target_location":"BATTIPAGLIA","target_country":"ITALY","total_tons":0.0}},{"type":"Feature","geometry":{"type":"LineString","coordinates":[[15.0056,40.4212],[15.02,40.83]]},"properties":{"mission_id":8222,"date":"1943-09-14","theater":"MTO","aircraft":"North American A-36 Apache (Invader)","takeoff_base":"CAPACCIO","target_location":"MONTELLA","target_country":"ITALY","total_tons":0.0}},{"type":"Feature","geometry":{"type":"LineString","coordinates":[[15.0056,40.4212],[15.8,40.63]]},"properties":{"mission_id":8223,"date":"1943-09-14","theater":"MTO","aircraft":"North American A-36 Apache (Invader)","takeoff_base":"CAPACCIO","target_location":"POTENZA","target_country":"ITALY","total_tons":0.0}},{"type":"Feature","geometry":{"type":"LineString","coordinates":[[15.0056,40.4212],[15.43,40.57]]},"properties":{"mission_id":8224,"date":"1943-09-14","theater":"MTO","aircraft":"North American A-36 Apache (Invader)","takeoff_base":"CAPACCIO","target_location":"AULETTA","target_country":"ITALY","total_tons":0.0}},{"type":"Feature","geometry":{"type":"LineString","coordinates":[[10.1219,36.6496],[15.8,40.63]]},"properties":{"mission_id":8225,"date":"1943-09-14","theater":"MTO","aircraft":"B-24 Liberator","takeoff_base":"OUDNA","target_location":"POTENZA","target_country":"GREECE","total_tons":13.0}},{"type":"Feature","geometry":{"type":"LineString","coordinates":[[15.2333,38.2167],[16.25,39.27]]},"properties":{"mission_id":8503,"date":"1943-09-15","theater":"MTO","aircraft":"North American A-36 Apache (Invader)","takeoff_base":"BARCELONA LANDING GROUND","target_location":"COSENZA","target_country":"ITALY","total_tons":29.0}},{"type":"Feature","geometry":{"type":"LineString","coordinates":[[15.0056,40.4212],[14.97,40.62]]},"properties":{"mission_id":8504,"date":"1943-09-15","theater":"MTO","aircraft":"North American A-36 Apache (Invader)","takeoff_base":"CAPACCIO","target_location":"BATTIPAGLIA","target_country":"ITALY","total_tons":22.5}},{"type":"Feature","geometry":{"type":"LineString","coordinates":[[15.0056,40.4212],[15.07,40.6]]},"properties":{"mission_id":8509,"date":"1943-09-15","theater":"MTO","aircraft":"North American A-36 Apache (Invader)","takeoff_base":"CAPACCIO","target_location":"EBOLI","target_country":"ITALY","total_tons":17.0}},{"type":"Feature","geometry":{"type":"LineString","coordinates":[[15.0056,40.4212],[15.43,40.57]]},"properties":{"mission_id":8511,"date":"1943-09-15","theater":"MTO","aircraft":"North American A-36 Apache (Invader)","takeoff_base":"CAPACCIO","target_location":"AULETTA","target_country":"ITALY","total_tons":12.0}},{"type":"Feature","geometry":{"type":"LineString","coordinates":[[15.0056,40.4212],[15.4,40.85]]},"properties":{"mission_id":8512,"date":"1943-09-15","theater":"MTO","aircraft":"North American A-36 Apache (Invader)","takeoff_base":"CAPACCIO","target_location":"PESCOPAGANO","target_country":"ITALY","total_tons":11.5}},{"type":"Feature","geometry":{"type":"LineString","coordinates":[[15.0056,40.4212],[14.62,40.73]]},"properties":{"mission_id":8523,"date":"1943-09-15","theater":"MTO","aircraft":"North American A-36 Apache (Invader)","takeoff_base":"CAPACCIO","target_location":"NOCERA","target_country":"ITALY","total_tons":0.0}},{"type":"Feature","geometry":{"type":"LineString","coordinates":[[15.0056,40.4212],[9.12,45.13]]},"properties":{"mission_id":8524,"date":"1943-09-15","theater":"MTO","aircraft":"North American A-36 Apache (Invader)","takeoff_base":"CAPACCIO","target_location":"CAVA","target_country":"ITALY","total_tons":0.0}},{"type":"Feature","geometry":{"type":"LineString","coordinates":[[15.0056,40.4212],[14.12,41.1]]},"properties":{"mission_id":8525,"date":"1943-09-15","theater":"MTO","aircraft":"North American A-36 Apache (Invader)","takeoff_base":"CAPACCIO","target_location":"GRAZZANISE","target_country":"ITALY","total_tons":0.0}},{"type":"Feature","geometry":{"type":"LineString","coordinates":[[15.0056,40.4212],[14.78,40.9]]},"properties":{"mission_id":8526,"date":"1943-09-15","theater":"MTO","aircraft":"North American A-36 Apache (Invader)","takeoff_base":"CAPACCIO","target_location":"AVELLINO","target_country":"ITALY","total_tons":0.0}},{"type":"Feature","geometry":{"type":"LineString","coordinates":[[15.0056,40.4212],[14.0,40.67]]},"properties":{"mission_id":8527,"date":"1943-09-15","theater":"MTO","aircraft":"North American A-36 Apache (Invader)","takeoff_base":"CAPACCIO","target_location":"NAPLES","target_country":"ITALY","total_tons":0.0}},{"type":"Feature","geometry":{"type":"LineString","coordinates":[[15.0056,40.4212],[15.02,40.83]]},"properties":{"mission_id":8528,"date":"1943-09-15","theater":"MTO","aircraft":"North American A-36 Apache (Invader)","takeoff_base":"CAPACCIO","target_location":"MONTELLA","target_country":"ITALY","total_tons":0.0}},{"type":"Feature","geometry":{"type":"LineString","coordinates":[[15.0056,40.4212],[14.43,40.77]]},"properties":{"mission_id":8529,"date":"1943-09-15","theater":"MTO","aircraft":"North American A-36 Apache (Invader)","takeoff_base":"CAPACCIO","target_location":"TORRE ANNUNZIATA","target_country":"ITALY","total_tons":0.0}},{"type":"Feature","geometry":{"type":"LineString","coordinates":[[15.0056,40.4212],[15.07,40.6]]},"properties":{"mission_id":8530,"date":"1943-09-15","theater":"MTO","aircraft":"North American A-36 Apache (Invader)","takeoff_base":"CAPACCIO","target_location":"EBOLI","target_country":"ITALY","total_tons":0.0}},{"type":"Feature","geometry":{"type":"LineString","coordinates":[[10.1219,36.6496],[15.8,40.63]]},"properties":{"mission_id":8531,"date":"1943-09-15","theater":"MTO","aircraft":"B-24 Liberator","takeoff_base":"OUDNA","target_location":"POTENZA","target_country":"GREECE","total_tons":6.25}},{"type":"Feature","geometry":{"type":"LineString","coordinates":[[10.1219,36.6496],[15.8,40.63]]},"properties":{"mission_id":8873,"date":"1943-09-15","theater":"MTO","aircraft":"Handley Page Halifax","takeoff_base":"OUDNA","target_location":"POTENZA","target_country":"GREECE","total_tons":0.0}},{"type":"Feature","geometry":{"type":"LineString","coordinates":[[15.0056,40.4212],[15.07,40.6]]},"properties":{"mission_id":8882,"date":"1943-09-16","theater":"MTO","aircraft":"North American A-36 Apache (Invader)","takeoff_base":"CAPACCIO","target_location":"EBOLI","target_country":"ITALY","total_tons":20.0}},{"type":"Feature","geometry":{"type":"LineString","coordinates":[[15.0056,40.4212],[14.7,40.7]]},"properties":{"mission_id":8884,"date":"1943-09-16","theater":"MTO","aircraft":"North American A-36 Apache (Invader)","takeoff_base":"CAPACCIO","target_location":"CAVA DI TIRRENI","target_country":"ITALY","total_tons":12.0}},{"type":"Feature","geometry":{"type":"LineString","coordinates":[[15.2333,38.2167],[16.25,39.27]]},"properties":{"mission_id":8886,"date":"1943-09-16","theater":"MTO","aircraft":"North American A-36 Apache (Invader)","takeoff_base":"BARCELONA LANDING GROUND","target_location":"COSENZA","target_country":"ITALY","total_tons":11.5}},{"type":"Feature","geometry":{"type":"LineString","coordinates":[[15.2333,38.2167],[15.22,38.13]]},"properties":{"mission_id":8887,"date":"1943-09-16","theater":"MTO","aircraft":"North American A-36 Apache (Invader)","takeoff_base":"BARCELONA LANDING GROUND","target_location":"BARCELLONA","target_country":"ITALY","total_tons":11.5}},{"type":"Feature","geometry":{"type":"LineString","coordinates":[[15.0056,40.4212],[14.6,40.8]]},"properties":{"mission_id":8896,"date":"1943-09-16","theater":"MTO","aircraft":"North American A-36 Apache (Invader)","takeoff_base":"CAPACCIO","target_location":"SARNO","target_country":"ITALY","total_tons":0.0}},{"type":"Feature","geometry":{"type":"LineString","coordinates":[[15.0056,40.4212],[15.07,40.6]]},"properties":{"mission_id":8897,"date":"1943-09-16","theater":"MTO","aircraft":"North American A-36 Apache (Invader)","takeoff_base":"CAPACCIO","target_location":"EBOLI","target_country":"ITALY","total_tons":0.0}},{"type":"Feature","geometry":{"type":"LineString","coordinates":[[15.0056,40.4212],[14.7,40.7]]},"properties":{"mission_id":8898,"date":"1943-09-16","theater":"MTO","aircraft":"North American A-36 Apache (Invader)","takeoff_base":"CAPACCIO","target_location":"CAVA DI TIRRENI","target_country":"ITALY","total_tons":0.0}},{"type":"Feature","geometry":{"type":"LineString","coordinates":[[15.0056,40.4212],[15.07,40.6]]},"properties":{"mission_id":8899,"date":"1943-09-16","theater":"MTO","aircraft":"North American A-36 Apache (Invader)","takeoff_base":"CAPACCIO","target_location":"EBOLI","target_country":"ITALY","total_tons":0.0}},{"type":"Feature","geometry":{"type":"LineString","coordinates":[[10.1219,36.6496],[15.8,40.63]]},"properties":{"mission_id":8900,"date":"1943-09-16","theater":"MTO","aircraft":"B-24 Liberator","takeoff_base":"OUDNA","target_location":"POTENZA","target_country":"GREECE","total_tons":12.5}},{"type":"Feature","geometry":{"type":"LineString","coordinates":[[15.0056,40.4212],[14.97,40.62]]},"properties":{"mission_id":9189,"date":"1943-09-17","theater":"MTO","aircraft":"North American A-36 Apache (Invader)","takeoff_base":"CAPACCIO","target_location":"BATTIPAGLIA","target_country":"ITALY","total_tons":14.0}},{"type":"Feature","geometry":{"type":"LineString","coordinates":[[15.0056,40.4212],[14.97,40.62]]},"properties":{"mission_id":9190,"date":"1943-09-17","theater":"MTO","aircraft":"North American A-36 Apache (Invader)","takeoff_base":"CAPACCIO","target_location":"BATTIPAGLIA","target_country":"ITALY","total_tons":12.0}},{"type":"Feature","geometry":{"type":"LineString","coordinates":[[15.2333,38.2167],[16.25,39.27]]},"properties":{"mission_id":9191,"date":"1943-09-17","theater":"MTO","aircraft":"North American A-36 Apache (Invader)","takeoff_base":"BARCELONA LANDING GROUND","target_location":"COSENZA","target_country":"ITALY","total_tons":12.0}},{"type":"Feature","geometry":{"type":"LineString","coordinates":[[15.0056,40.4212],[14.6,40.8]]},"properties":{"mission_id":9192,"date":"1943-09-17","theater":"MTO","aircraft":"North American A-36 Apache (Invader)","takeoff_base":"CAPACCIO","target_location":"SARNO","target_country":"ITALY","total_tons":12.0}},{"type":"Feature","geometry":{"type":"LineString","coordinates":[[15.0056,40.4212],[15.22,40.78]]},"properties":{"mission_id":9194,"date":"1943-09-17","theater":"MTO","aircraft":"North American A-36 Apache (Invader)","takeoff_base":"CAPACCIO","target_location":"CALABRITTO","target_country":"ITALY","total_tons":7.0}},{"type":"Feature","geometry":{"type":"LineString","coordinates":[[15.0056,40.4212],[14.97,40.62]]},"properties":{"mission_id":9196,"date":"1943-09-17","theater":"MTO","aircraft":"North American A-36 Apache (Invader)","takeoff_base":"CAPACCIO","target_location":"BATTIPAGLIA","target_country":"ITALY","total_tons":0.0}},{"type":"Feature","geometry":{"type":"LineString","coordinates":[[15.0056,40.4212],[15.07,40.6]]},"properties":{"mission_id":9197,"date":"1943-09-17","theater":"MTO","aircraft":"North American A-36 Apache (Invader)","takeoff_base":"CAPACCIO","target_location":"EBOLI","target_country":"ITALY","total_tons":0.0}},{"type":"Feature","geometry":{"type":"LineString","coordinates":[[15.0056,40.4212],[15.07,40.6]]},"properties":{"mission_id":9198,"date":"1943-09-17","theater":"MTO","aircraft":"North American A-36 Apache (Invader)","takeoff_base":"CAPACCIO","target_location":"EBOLI","target_country":"ITALY","total_tons":0.0}},{"type":"Feature","geometry":{"type":"LineString","coordinates":[[15.0056,40.4212],[14.78,40.9]]},"properties":{"mission_id":9199,"date":"1943-09-17","theater":"MTO","aircraft":"North American A-36 Apache (Invader)","takeoff_base":"CAPACCIO","target_location":"AVELLINO","target_country":"ITALY","total_tons":0.0}},{"type":"Feature","geometry":{"type":"LineString","coordinates":[[15.0056,40.4212],[14.83,40.82]]},"properties":{"mission_id":9200,"date":"1943-09-17","theater":"MTO","aircraft":"North American A-36 Apache (Invader)","takeoff_base":"CAPACCIO","target_location":"SOLOFRA","target_country":"ITALY","total_tons":0.0}},{"type":"Feature","geometry":{"type":"LineString","coordinates":[[15.0056,40.4212],[14.97,40.62]]},"properties":{"mission_id":9462,"date":"1943-09-18","theater":"MTO","aircraft":"North American A-36 Apache (Invader)","takeoff_base":"CAPACCIO","target_location":"BATTIPAGLIA","target_country":"ITALY","total_tons":10.5}},{"type":"Feature","geometry":{"type":"LineString","coordinates":[[15.2333,38.2167],[16.25,39.27]]},"properties":{"mission_id":9463,"date":"1943-09-18","theater":"MTO","aircraft":"North American A-36 Apache (Invader)","takeoff_base":"BARCELONA LANDING GROUND","target_location":"COSENZA","target_country":"ITALY","total_tons":10.0}},{"type":"Feature","geometry":{"type":"LineString","coordinates":[[15.0056,40.4212],[14.6,40.8]]},"properties":{"mission_id":9465,"date":"1943-09-18","theater":"MTO","aircraft":"North American A-36 Apache (Invader)","takeoff_base":"CAPACCIO","target_location":"SARNO","target_country":"ITALY","total_tons":9.5}},{"type":"Feature","geometry":{"type":"LineString","coordinates":[[15.0056,40.4212],[15.8,40.63]]},"properties":{"mission_id":9467,"date":"1943-09-18","theater":"MTO","aircraft":"North American A-36 Apache (Invader)","takeoff_base":"CAPACCIO","target_location":"POTENZA","target_country":"ITALY","total_tons":3.5}},{"type":"Feature","geometry":{"type":"LineString","coordinates":[[15.0056,40.4212],[15.43,40.57]]},"properties":{"mission_id":9468,"date":"1943-09-18","theater":"MTO","aircraft":"North American A-36 Apache (Invader)","takeoff_base":"CAPACCIO","target_location":"AULETTA","target_country":"ITALY","total_tons":3.5}},{"type":"Feature","geometry":{"type":"LineString","coordinates":[[15.0056,40.4212],[14.97,40.62]]},"properties":{"mission_id":9471,"date":"1943-09-18","theater":"MTO","aircraft":"North American A-36 Apache (Invader)","takeoff_base":"CAPACCIO","target_location":"BATTIPAGLIA","target_country":"ITALY","total_tons":0.0}},{"type":"Feature","geometry":{"type":"LineString","coordinates":[[15.0056,40.4212],[14.78,40.9]]},"properties":{"mission_id":9472,"date":"1943-09-18","theater":"MTO","aircraft":"North American A-36 Apache (Invader)","takeoff_base":"CAPACCIO","target_location":"AVELLINO","target_country":"ITALY","total_tons":0.0}},{"type":"Feature","geometry":{"type":"LineString","coordinates":[[15.0056,40.4212],[14.62,40.42]]},"properties":{"mission_id":9473,"date":"1943-09-18","theater":"MTO","aircraft":"North American A-36 Apache (Invader)","takeoff_base":"CAPACCIO","target_location":"BAIANO","target_country":"ITALY","total_tons":0.0}},{"type":"Feature","geometry":{"type":"LineString","coordinates":[[15.0056,40.4212],[16.25,41.22]]},"properties":{"mission_id":9744,"date":"1943-09-19","theater":"MTO","aircraft":"North American A-36 Apache (Invader)","takeoff_base":"CAPACCIO","target_location":"ANDRIA","target_country":"ITALY","total_tons":15.5}},{"type":"Feature","geometry":{"type":"LineString","coordinates":[[15.0056,40.4212],[15.25,40.85]]},"properties":{"mission_id":9746,"date":"1943-09-19","theater":"MTO","aircraft":"North American A-36 Apache (Invader)","takeoff_base":"CAPACCIO","target_location":"TEORA","target_country":"ITALY","total_tons":12.0}},{"type":"Feature","geometry":{"type":"LineString","coordinates":[[15.0056,40.4212],[10.13,42.8]]},"properties":{"mission_id":9752,"date":"1943-09-19","theater":"MTO","aircraft":"North American A-36 Apache (Invader)","takeoff_base":"CAPACCIO","target_location":"SAN ANDREA","target_country":"ITALY","total_tons":8.75}},{"type":"Feature","geometry":{"type":"LineString","coordinates":[[15.0056,40.4212],[16.25,41.22]]},"properties":{"mission_id":9755,"date":"1943-09-19","theater":"MTO","aircraft":"North American A-36 Apache (Invader)","takeoff_base":"CAPACCIO","target_location":"ANDRIA","target_country":"ITALY","total_tons":6.0}},{"type":"Feature","geometry":{"type":"LineString","coordinates":[[15.0056,40.4212],[15.8,40.63]]},"properties":{"mission_id":9765,"date":"1943-09-19","theater":"MTO","aircraft":"North American A-36 Apache (Invader)","takeoff_base":"CAPACCIO","target_location":"POTENZA","target_country":"ITALY","total_tons":0.0}},{"type":"Feature","geometry":{"type":"LineString","coordinates":[[15.0056,40.4212],[15.22,40.78]]},"properties":{"mission_id":9766,"date":"1943-09-19","theater":"MTO","aircraft":"North American A-36 Apache (Invader)","takeoff_base":"CAPACCIO","target_location":"CALABRITTO","target_country":"ITALY","total_tons":0.0}},{"type":"Feature","geometry":{"type":"LineString","coordinates":[[15.0056,40.4212],[15.25,40.85]]},"properties":{"mission_id":9767,"date":"1943-09-19","theater":"MTO","aircraft":"North American A-36 Apache (Invader)","takeoff_base":"CAPACCIO","target_location":"TEORA","target_country":"ITALY","total_tons":0.0}},{"type":"Feature","geometry":{"type":"LineString","coordinates":[[15.0056,40.4212],[14.73,40.67]]},"properties":{"mission_id":9777,"date":"1943-09-20","theater":"MTO","aircraft":"North American A-36 Apache (Invader)","takeoff_base":"CAPACCIO","target_location":"SALERNO","target_country":"ITALY","total_tons":10.0}},{"type":"Feature","geometry":{"type":"LineString","coordinates":[[15.0056,40.4212],[15.02,40.83]]},"properties":{"mission_id":10036,"date":"1943-09-21","theater":"MTO","aircraft":"North American A-36 Apache (Invader)","takeoff_base":"CAPACCIO","target_location":"MONTELLA","target_country":"ITALY","total_tons":7.5}},{"type":"Feature","geometry":{"type":"LineString","coordinates":[[14.943,40.4974],[14.62,40.73]]},"properties":{"mission_id":10320,"date":"1943-09-22","theater":"MTO","aircraft":"North American A-36 Apache (Invader)","takeoff_base":"SELE AIRFIELD","target_location":"NOCERA","target_country":"ITALY","total_tons":13.5}},{"type":"Feature","geometry":{"type":"LineString","coordinates":[[14.943,40.4974],[14.62,40.73]]},"properties":{"mission_id":10324,"date":"1943-09-22","theater":"MTO","aircraft":"North American A-36 Apache (Invader)","takeoff_base":"SELE AIRFIELD","target_location":"CAMERELLE","target_country":"ITALY","total_tons":10.0}},{"type":"Feature","geometry":{"type":"LineString","coordinates":[[15.0056,40.4212],[14.78,40.9]]},"properties":{"mission_id":10334,"date":"1943-09-22","theater":"MTO","aircraft":"North American A-36 Apache (Invader)","takeoff_base":"CAPACCIO","target_location":"AVELLINO","target_country":"ITALY","total_tons":0.0}},{"type":"Feature","geometry":{"type":"LineString","coordinates":[[10.1219,36.6496],[28.33,36.47]]},"properties":{"mission_id":10617,"date":"1943-09-22","theater":"MTO","aircraft":"Handley Page Halifax","takeoff_base":"OUDNA","target_location":"CALATO","target_country":"CRETE","total_tons":0.0}},{"type":"Feature","geometry":{"type":"LineString","coordinates":[[15.0056,40.4212],[15.83,40.12]]},"properties":{"mission_id":10625,"date":"1943-09-23","theater":"MTO","aircraft":"North American A-36 Apache (Invader)","takeoff_base":"CAPACCIO","target_location":"SERINO","target_country":"ITALY","total_tons":9.5}},{"type":"Feature","geometry":{"type":"LineString","coordinates":[[14.943,40.4974],[14.62,40.73]]},"properties":{"mission_id":10631,"date":"1943-09-23","theater":"MTO","aircraft":"North American A-36 Apache (Invader)","takeoff_base":"SELE AIRFIELD","target_location":"CAMERELLE","target_country":"ITALY","total_tons":0.0}},{"type":"Feature","geometry":{"type":"LineString","coordinates":[[155.3839,-6.2444],[156.4333,-6.65]]},"properties":{"mission_id":10817,"date":"1945-02-26","theater":"PTO","aircraft":"PV-1 Lockeed Ventura","takeoff_base":"BOUGAINVILLE ISLAND","target_location":"PORO PORO/ CHOISEIUL?","target_country":"SOLOMON ISLANDS","total_tons":0.3}},{"type":"Feature","geometry":{"type":"LineString","coordinates":[[155.3839,-6.2444],[156.4333,-6.65]]},"properties":{"mission_id":10818,"date":"1945-02-26","theater":"PTO","aircraft":"PV-1 Lockeed Ventura","takeoff_base":"BOUGAINVILLE ISLAND","target_location":"PORO PORO/ CHOISEIUL?","target_country":"SOLOMON ISLANDS","total_tons":3.0}},{"type":"Feature","geometry":{"type":"LineString","coordinates":[[155.3839,-6.2444],[156.4333,-6.65]]},"properties":{"mission_id":10831,"date":"1945-02-26","theater":"PTO","aircraft":"PV-1 Lockeed Ventura","takeoff_base":"BOUGAINVILLE ISLAND","target_location":"PORO PORO/ CHOISEIUL?","target_country":"SOLOMON ISLANDS","total_tons":1.56}},{"type":"Feature","geometry":{"type":"LineString","coordinates":[[14.943,40.4974],[14.62,40.73]]},"properties":{"mission_id":10937,"date":"1943-09-24","theater":"MTO","aircraft":"North American A-36 Apache (Invader)","takeoff_base":"SELE AIRFIELD","target_location":"CAMERELLE","target_country":"ITALY","total_tons":12.0}},{"type":"Feature","geometry":{"type":"LineString","coordinates":[[14.943,40.4974],[14.75,40.73]]},"properties":{"mission_id":10938,"date":"1943-09-24","theater":"MTO","aircraft":"North American A-36 Apache (Invader)","takeoff_base":"SELE AIRFIELD","target_location":"BAROMISSI","target_country":"ITALY","total_tons":6.0}},{"type":"Feature","geometry":{"type":"LineString","coordinates":[[14.943,40.4974],[11.0,45.05]]},"properties":{"mission_id":10941,"date":"1943-09-24","theater":"MTO","aircraft":"North American A-36 Apache (Invader)","takeoff_base":"SELE AIRFIELD","target_location":"SANTA LUCIA","target_country":"ITALY","total_tons":3.0}},{"type":"Feature","geometry":{"type":"LineString","coordinates":[[14.943,40.4974],[13.08,41.48]]},"properties":{"mission_id":11102,"date":"1943-09-25","theater":"MTO","aircraft":"North American A-36 Apache (Invader)","takeoff_base":"SELE AIRFIELD","target_location":"SEZZE","target_country":"ITALY","total_tons":10.0}},{"type":"Feature","geometry":{"type":"LineString","coordinates":[[14.943,40.4974],[11.0,45.05]]},"properties":{"mission_id":11103,"date":"1943-09-25","theater":"MTO","aircraft":"North American A-36 Apache (Invader)","takeoff_base":"SELE AIRFIELD","target_location":"SANTA LUCIA","target_country":"ITALY","total_tons":5.0}},{"type":"Feature","geometry":{"type":"LineString","coordinates":[[14.943,40.4974],[14.62,40.73]]},"properties":{"mission_id":11104,"date":"1943-09-25","theater":"MTO","aircraft":"North American A-36 Apache (Invader)","takeoff_base":"SELE AIRFIELD","target_location":"NOCERA","target_country":"ITALY","total_tons":4.0}},{"type":"Feature","geometry":{"type":"LineString","coordinates":[[10.1219,36.6496],[13.62,41.25]]},"properties":{"mission_id":11196,"date":"1943-09-26","theater":"EAST AFRICA","aircraft":"Vickers Wellington","takeoff_base":"OUDNA","target_location":"FORMIA COAST ROAD","target_country":null,"total_tons":91.0}},{"type":"Feature","geometry":{"type":"LineString","coordinates":[[14.943,40.4974],[11.95,42.02]]},"properties":{"mission_id":11441,"date":"1943-09-27","theater":"MTO","aircraft":"North American A-36 Apache (Invader)","takeoff_base":"SELE AIRFIELD","target_location":"SANTA SEVERA","target_country":"ITALY","total_tons":5.0}},{"type":"Feature","geometry":{"type":"LineString","coordinates":[[14.943,40.4974],[14.75,41.13]]},"properties":{"mission_id":11744,"date":"1943-09-28","theater":"MTO","aircraft":"North American A-36 Apache (Invader)","takeoff_base":"SELE AIRFIELD","target_location":"BENEVENTO","target_country":"ITALY","total_tons":0.0}},{"type":"Feature","geometry":{"type":"LineString","coordinates":[[14.943,40.4974],[9.37,44.73]]},"properties":{"mission_id":11745,"date":"1943-09-28","theater":"MTO","aircraft":"North American A-36 Apache (Invader)","takeoff_base":"SELE AIRFIELD","target_location":"SAN SALVATORE","target_country":"ITALY","total_tons":0.0}},{"type":"Feature","geometry":{"type":"LineString","coordinates":[[10.1219,36.6496],[13.62,41.25]]},"properties":{"mission_id":11759,"date":"1943-09-29","theater":"EAST AFRICA","aircraft":"Vickers Wellington","takeoff_base":"OUDNA","target_location":"FORMIA COAST ROAD JUNCTION","target_country":null,"total_tons":74.0}},{"type":"Feature","geometry":{"type":"LineString","coordinates":[[14.943,40.4974],[13.92,41.02]]},"properties":{"mission_id":11788,"date":"1943-09-30","theater":"MTO","aircraft":"North American A-36 Apache (Invader)","takeoff_base":"SELE AIRFIELD","target_location":"VOLTURNO","target_country":"ITALY","total_tons":4.0}},{"type":"Feature","geometry":{"type":"LineString","coordinates":[[10.1219,36.6496],[13.62,41.25]]},"properties":{"mission_id":11795,"date":"1943-09-30","theater":"EAST AFRICA","aircraft":"Vickers Wellington","takeoff_base":"OUDNA","target_location":"FORMIA COAST ROAD","target_country":null,"total_tons":60.0}},{"type":"Feature","geometry":{"type":"LineString","coordinates":[[102.7433,24.9922],[95.6667,22.5833]]},"properties":{"mission_id":136999,"date":"1942-10-25","theater":"CBI","aircraft":"B-25 Mitchell","takeoff_base":"KUNMING","target_location":"SHWEBO AIRDROME","target_country":"BURMA","total_tons":7.7}},{"type":"Feature","geometry":{"type":"LineString","coordinates":[[102.7433,24.9922],[95.6789,22.9016]]},"properties":{"mission_id":136551,"date":"1942-12-22","theater":"CBI","aircraft":"B-25 Mitchell","takeoff_base":"KUNMING","target_location":"LASHIO","target_country":"BURMA","total_tons":8.25}},{"type":"Feature","geometry":{"type":"LineString","coordinates":[[14.943,40.4974],[14.3,41.72]]},"properties":{"mission_id":12040,"date":"1943-10-01","theater":"MTO","aircraft":"North American A-36 Apache (Invader)","takeoff_base":"SELE AIRFIELD","target_location":"CAROVILLI","target_country":"ITALY","total_tons":10.0}},{"type":"Feature","geometry":{"type":"LineString","coordinates":[[14.943,40.4974],[13.87,41.12]]},"properties":{"mission_id":12041,"date":"1943-10-01","theater":"MTO","aircraft":"North American A-36 Apache (Invader)","takeoff_base":"SELE AIRFIELD","target_location":"MONDRAGONE","target_country":"ITALY","total_tons":8.0}},{"type":"Feature","geometry":{"type":"LineString","coordinates":[[14.943,40.4974],[11.3,42.6]]},"properties":{"mission_id":12043,"date":"1943-10-01","theater":"MTO","aircraft":"North American A-36 Apache (Invader)","takeoff_base":"SELE AIRFIELD","target_location":"MAGLIANO","target_country":"ITALY","total_tons":5.0}},{"type":"Feature","geometry":{"type":"LineString","coordinates":[[14.943,40.4974],[13.92,41.02]]},"properties":{"mission_id":12338,"date":"1943-10-02","theater":"MTO","aircraft":"North American A-36 Apache (Invader)","takeoff_base":"SELE AIRFIELD","target_location":"VOLTURNO","target_country":"ITALY","total_tons":20.0}},{"type":"Feature","geometry":{"type":"LineString","coordinates":[[14.943,40.4974],[13.92,41.02]]},"properties":{"mission_id":12341,"date":"1943-10-02","theater":"MTO","aircraft":"North American A-36 Apache (Invader)","takeoff_base":"SELE AIRFIELD","target_location":"VOLTURNO","target_country":"ITALY","total_tons":8.0}},{"type":"Feature","geometry":{"type":"LineString","coordinates":[[10.1219,36.6496],[13.62,41.25]]},"properties":{"mission_id":12349,"date":"1943-10-02","theater":"EAST AFRICA","aircraft":"Vickers Wellington","takeoff_base":"OUDNA","target_location":"FORMIA COAST ROAD","target_country":null,"total_tons":59.0}},{"type":"Feature","geometry":{"type":"LineString","coordinates":[[10.1219,36.6496],[14.12,41.1]]},"properties":{"mission_id":12350,"date":"1943-10-02","theater":"EAST AFRICA","aircraft":"Vickers Wellington","takeoff_base":"OUDNA","target_location":"GRAZZANISE BRIDGES","target_country":null,"total_tons":50.0}},{"type":"Feature","geometry":{"type":"LineString","coordinates":[[10.1219,36.6496],[16.62,43.18]]},"properties":{"mission_id":12668,"date":"1943-10-03","theater":"MTO","aircraft":"Vickers Wellington","takeoff_base":"OUDNA","target_location":"CIVITAVECCHIA M/Y","target_country":"ITALY","total_tons":89.5}},{"type":"Feature","geometry":{"type":"LineString","coordinates":[[14.943,40.4974],[15.0,41.0]]},"properties":{"mission_id":12673,"date":"1943-10-04","theater":"MTO","aircraft":"North American A-36 Apache (Invader)","takeoff_base":"SELE AIRFIELD","target_location":"41 00 N 015 00 E","target_country":"ITALY","total_tons":0.0}},{"type":"Feature","geometry":{"type":"LineString","coordinates":[[14.943,40.4974],[13.0,42.0]]},"properties":{"mission_id":13222,"date":"1943-10-06","theater":"MTO","aircraft":"North American A-36 Apache (Invader)","takeoff_base":"SELE AIRFIELD","target_location":"42 00 N 013 00 E","target_country":"ITALY","total_tons":4.0}},{"type":"Feature","geometry":{"type":"LineString","coordinates":[[10.1219,36.6496],[11.13,42.77]]},"properties":{"mission_id":13227,"date":"1943-10-06","theater":"EAST AFRICA","aircraft":"Vickers Wellington","takeoff_base":"OUDNA","target_location":"GROSSETTO A/D","target_country":null,"total_tons":82.0}},{"type":"Feature","geometry":{"type":"LineString","coordinates":[[10.1219,36.6496],[13.25,41.27]]},"properties":{"mission_id":14131,"date":"1943-10-10","theater":"EAST AFRICA","aircraft":"Vickers Wellington","takeoff_base":"OUDNA","target_location":"TERRACINA COAST ROAD","target_country":null,"total_tons":96.5}},{"type":"Feature","geometry":{"type":"LineString","coordinates":[[10.1219,36.6496],[16.62,43.18]]},"properties":{"mission_id":14428,"date":"1943-10-12","theater":"MTO","aircraft":"Vickers Wellington","takeoff_base":"OUDNA","target_location":"CIVITAVECCHIA RR BRIDGES","target_country":"ITALY","total_tons":85.0}},{"type":"Feature","geometry":{"type":"LineString","coordinates":[[14.9828,40.6084],[14.4,40.98]]},"properties":{"mission_id":14439,"date":"1943-10-13","theater":"MTO","aircraft":"North American A-36 Apache (Invader)","takeoff_base":"SERRETELLA AIRFIELD","target_location":"CANCELLO","target_country":"ITALY","total_tons":11.5}},{"type":"Feature","geometry":{"type":"LineString","coordinates":[[15.0056,40.4212],[13.0,40.0]]},"properties":{"mission_id":14440,"date":"1943-10-13","theater":"MTO","aircraft":"North American A-36 Apache (Invader)","takeoff_base":"CAPACCIO","target_location":"PONTELATONE","target_country":"ITALY","total_tons":9.5}},{"type":"Feature","geometry":{"type":"LineString","coordinates":[[14.9828,40.6084],[13.92,41.02]]},"properties":{"mission_id":14446,"date":"1943-10-13","theater":"MTO","aircraft":"North American A-36 Apache (Invader)","takeoff_base":"SERRETELLA AIRFIELD","target_location":"VOLTURNO","target_country":"ITALY","total_tons":3.5}},{"type":"Feature","geometry":{"type":"LineString","coordinates":[[14.9828,40.6084],[7.8,45.6]]},"properties":{"mission_id":14456,"date":"1943-10-13","theater":"MTO","aircraft":"North American A-36 Apache (Invader)","takeoff_base":"SERRETELLA AIRFIELD","target_location":"PONTE SAN MARTINO","target_country":"ITALY","total_tons":1.5}},{"type":"Feature","geometry":{"type":"LineString","coordinates":[[14.9828,40.6084],[7.8,45.6]]},"properties":{"mission_id":14459,"date":"1943-10-13","theater":"MTO","aircraft":"North American A-36 Apache (Invader)","takeoff_base":"SERRETELLA AIRFIELD","target_location":"PONTE SAN MARTINO","target_country":"ITALY","total_tons":0.0}},{"type":"Feature","geometry":{"type":"LineString","coordinates":[[14.9828,40.6084],[14.4,40.98]]},"properties":{"mission_id":14470,"date":"1943-10-14","theater":"MTO","aircraft":"North American A-36 Apache (Invader)","takeoff_base":"SERRETELLA AIRFIELD","target_location":"CANCELLO","target_country":"ITALY","total_tons":5.5}},{"type":"Feature","geometry":{"type":"LineString","coordinates":[[14.9828,40.6084],[14.22,41.22]]},"properties":{"mission_id":14471,"date":"1943-10-14","theater":"MTO","aircraft":"North American A-36 Apache (Invader)","takeoff_base":"SERRETELLA AIRFIELD","target_location":"FORMICOLA","target_country":"ITALY","total_tons":3.5}},{"type":"Feature","geometry":{"type":"LineString","coordinates":[[10.1219,36.6496],[11.13,42.55]]},"properties":{"mission_id":14480,"date":"1943-10-14","theater":"EAST AFRICA","aircraft":"Vickers Wellington","takeoff_base":"OUDNA","target_location":"TALAMONE; BRIDGE AND RR S OF","target_country":null,"total_tons":93.0}},{"type":"Feature","geometry":{"type":"LineString","coordinates":[[10.1219,36.6496],[11.22,42.45]]},"properties":{"mission_id":14722,"date":"1943-10-14","theater":"MTO","aircraft":"Vickers Wellington","takeoff_base":"OUDNA","target_location":"ORBETELLO RR","target_country":"GREECE","total_tons":34.0}},{"type":"Feature","geometry":{"type":"LineString","coordinates":[[14.9828,40.6084],[14.28,41.32]]},"properties":{"mission_id":14731,"date":"1943-10-15","theater":"MTO","aircraft":"North American A-36 Apache (Invader)","takeoff_base":"SERRETELLA AIRFIELD","target_location":"ALIFE","target_country":"ITALY","total_tons":13.5}},{"type":"Feature","geometry":{"type":"LineString","coordinates":[[14.9828,40.6084],[14.12,41.2]]},"properties":{"mission_id":14737,"date":"1943-10-15","theater":"MTO","aircraft":"North American A-36 Apache (Invader)","takeoff_base":"SERRETELLA AIRFIELD","target_location":"SPARANISE","target_country":"ITALY","total_tons":0.0}},{"type":"Feature","geometry":{"type":"LineString","coordinates":[[14.9828,40.6084],[14.28,41.32]]},"properties":{"mission_id":14759,"date":"1943-10-16","theater":"MTO","aircraft":"North American A-36 Apache (Invader)","takeoff_base":"SERRETELLA AIRFIELD","target_location":"ALIFE","target_country":"ITALY","total_tons":11.0}},{"type":"Feature","geometry":{"type":"LineString","coordinates":[[14.9828,40.6084],[14.03,41.2]]},"properties":{"mission_id":14763,"date":"1943-10-16","theater":"MTO","aircraft":"North American A-36 Apache (Invader)","takeoff_base":"SERRETELLA AIRFIELD","target_location":"FRANCOLISE","target_country":"ITALY","total_tons":6.0}},{"type":"Feature","geometry":{"type":"LineString","coordinates":[[14.9828,40.6084],[14.03,41.2]]},"properties":{"mission_id":14764,"date":"1943-10-16","theater":"MTO","aircraft":"North American A-36 Apache (Invader)","takeoff_base":"SERRETELLA AIRFIELD","target_location":"FRANCOLISE","target_country":"ITALY","total_tons":6.0}},{"type":"Feature","geometry":{"type":"LineString","coordinates":[[10.1219,36.6496],[12.47,41.9]]},"properties":{"mission_id":14770,"date":"1943-10-16","theater":"EAST AFRICA","aircraft":"Vickers Wellington","takeoff_base":"OUDNA","target_location":"ROME CASALE L/G","target_country":null,"total_tons":20.0}},{"type":"Feature","geometry":{"type":"LineString","coordinates":[[14.9828,40.6084],[14.3,40.87]]},"properties":{"mission_id":15014,"date":"1943-10-17","theater":"MTO","aircraft":"North American A-36 Apache (Invader)","takeoff_base":"SERRETELLA AIRFIELD","target_location":"NOCELLETA","target_country":"ITALY","total_tons":6.0}},{"type":"Feature","geometry":{"type":"LineString","coordinates":[[14.9828,40.6084],[14.03,41.48]]},"properties":{"mission_id":15039,"date":"1943-10-18","theater":"MTO","aircraft":"North American A-36 Apache (Invader)","takeoff_base":"SERRETELLA AIRFIELD","target_location":"VENAFRO","target_country":"ITALY","total_tons":6.5}},{"type":"Feature","geometry":{"type":"LineString","coordinates":[[14.9828,40.6084],[14.25,41.3]]},"properties":{"mission_id":15078,"date":"1943-10-19","theater":"MTO","aircraft":"North American A-36 Apache (Invader)","takeoff_base":"SERRETELLA AIRFIELD","target_location":"BAIA A LATINA","target_country":"ITALY","total_tons":12.0}},{"type":"Feature","geometry":{"type":"LineString","coordinates":[[15.0056,40.4212],[16.25,39.27]]},"properties":{"mission_id":15080,"date":"1943-10-19","theater":"MTO","aircraft":"North American A-36 Apache (Invader)","takeoff_base":"CAPACCIO","target_location":"COSENZA","target_country":"ITALY","total_tons":9.5}},{"type":"Feature","geometry":{"type":"LineString","coordinates":[[14.9828,40.6084],[14.23,41.6]]},"properties":{"mission_id":15081,"date":"1943-10-19","theater":"MTO","aircraft":"North American A-36 Apache (Invader)","takeoff_base":"SERRETELLA AIRFIELD","target_location":"ISERNIA","target_country":"ITALY","total_tons":8.0}},{"type":"Feature","geometry":{"type":"LineString","coordinates":[[14.9828,40.6084],[14.17,41.33]]},"properties":{"mission_id":15085,"date":"1943-10-19","theater":"MTO","aircraft":"North American A-36 Apache (Invader)","takeoff_base":"SERRETELLA AIRFIELD","target_location":"PIETRAVAIRANO","target_country":"ITALY","total_tons":0.0}},{"type":"Feature","geometry":{"type":"LineString","coordinates":[[15.0056,40.4212],[16.25,39.27]]},"properties":{"mission_id":15318,"date":"1943-10-20","theater":"MTO","aircraft":"North American A-36 Apache (Invader)","takeoff_base":"CAPACCIO","target_location":"COSENZA","target_country":"ITALY","total_tons":24.0}},{"type":"Feature","geometry":{"type":"LineString","coordinates":[[15.0056,40.4212],[16.53,38.08]]},"properties":{"mission_id":15320,"date":"1943-10-20","theater":"MTO","aircraft":"North American A-36 Apache (Invader)","takeoff_base":"CAPACCIO","target_location":"SAN GATA","target_country":"ITALY","total_tons":7.0}},{"type":"Feature","geometry":{"type":"LineString","coordinates":[[15.0056,40.4212],[18.15,40.28]]},"properties":{"mission_id":15332,"date":"1943-10-20","theater":"MTO","aircraft":"North American A-36 Apache (Invader)","takeoff_base":"CAPACCIO","target_location":"S CESARIO","target_country":"ITALY","total_tons":0.0}},{"type":"Feature","geometry":{"type":"LineString","coordinates":[[14.9828,40.6084],[13.6,41.6]]},"properties":{"mission_id":15333,"date":"1943-10-20","theater":"MTO","aircraft":"North American A-36 Apache (Invader)","takeoff_base":"SERRETELLA AIRFIELD","target_location":"ARCE","target_country":"ITALY","total_tons":0.0}},{"type":"Feature","geometry":{"type":"LineString","coordinates":[[10.1219,36.6496],[12.0,41.0]]},"properties":{"mission_id":15339,"date":"1943-10-20","theater":"EAST AFRICA","aircraft":"Vickers Wellington","takeoff_base":"OUDNA","target_location":"FURBARA A/D","target_country":null,"total_tons":69.5}},{"type":"Feature","geometry":{"type":"LineString","coordinates":[[14.9828,40.6084],[13.75,41.25]]},"properties":{"mission_id":15616,"date":"1943-10-21","theater":"MTO","aircraft":"North American A-36 Apache (Invader)","takeoff_base":"SERRETELLA AIRFIELD","target_location":"MINTURNO","target_country":"ITALY","total_tons":14.0}},{"type":"Feature","geometry":{"type":"LineString","coordinates":[[14.9828,40.6084],[8.53,44.73]]},"properties":{"mission_id":15625,"date":"1943-10-21","theater":"MTO","aircraft":"North American A-36 Apache (Invader)","takeoff_base":"SERRETELLA AIRFIELD","target_location":"CASSINE","target_country":"ITALY","total_tons":0.0}},{"type":"Feature","geometry":{"type":"LineString","coordinates":[[14.9828,40.6084],[11.22,42.45]]},"properties":{"mission_id":15669,"date":"1943-10-22","theater":"MTO","aircraft":"North American A-36 Apache (Invader)","takeoff_base":"SERRETELLA AIRFIELD","target_location":"ORBETELLO","target_country":"ITALY","total_tons":5.75}},{"type":"Feature","geometry":{"type":"LineString","coordinates":[[15.0056,40.4212],[16.25,39.27]]},"properties":{"mission_id":15670,"date":"1943-10-22","theater":"MTO","aircraft":"North American A-36 Apache (Invader)","takeoff_base":"CAPACCIO","target_location":"COSENZA","target_country":"ITALY","total_tons":5.5}},{"type":"Feature","geometry":{"type":"LineString","coordinates":[[14.9828,40.6084],[12.47,41.9]]},"properties":{"mission_id":15672,"date":"1943-10-22","theater":"MTO","aircraft":"North American A-36 Apache (Invader)","takeoff_base":"SERRETELLA AIRFIELD","target_location":"ROME","target_country":"ITALY","total_tons":2.75}},{"type":"Feature","geometry":{"type":"LineString","coordinates":[[14.9828,40.6084],[13.75,41.25]]},"properties":{"mission_id":15675,"date":"1943-10-22","theater":"MTO","aircraft":"North American A-36 Apache (Invader)","takeoff_base":"SERRETELLA AIRFIELD","target_location":"MINTURNO","target_country":"ITALY","total_tons":0.0}},{"type":"Feature","geometry":{"type":"LineString","coordinates":[[10.1219,36.6496],[13.73,43.3]]},"properties":{"mission_id":15920,"date":"1943-10-22","theater":"MTO","aircraft":"Vickers Wellington","takeoff_base":"OUDNA","target_location":"PORTO CIVITANOVA","target_country":"GREECE","total_tons":65.0}},{"type":"Feature","geometry":{"type":"LineString","coordinates":[[15.0056,40.4212],[16.25,39.27]]},"properties":{"mission_id":15936,"date":"1943-10-23","theater":"MTO","aircraft":"North American A-36 Apache (Invader)","takeoff_base":"CAPACCIO","target_location":"COSENZA","target_country":"ITALY","total_tons":23.0}},{"type":"Feature","geometry":{"type":"LineString","coordinates":[[14.9828,40.6084],[13.57,41.2]]},"properties":{"mission_id":15940,"date":"1943-10-23","theater":"MTO","aircraft":"North American A-36 Apache (Invader)","takeoff_base":"SERRETELLA AIRFIELD","target_location":"GAETA","target_country":"ITALY","total_tons":10.5}},{"type":"Feature","geometry":{"type":"LineString","coordinates":[[14.9828,40.6084],[13.7,41.48]]},"properties":{"mission_id":15941,"date":"1943-10-23","theater":"MTO","aircraft":"North American A-36 Apache (Invader)","takeoff_base":"SERRETELLA AIRFIELD","target_location":"AQUINO","target_country":"ITALY","total_tons":4.0}},{"type":"Feature","geometry":{"type":"LineString","coordinates":[[15.0056,40.4212],[14.88,37.57]]},"properties":{"mission_id":15944,"date":"1943-10-23","theater":"MTO","aircraft":"North American A-36 Apache (Invader)","takeoff_base":"CAPACCIO","target_location":"PATERNO","target_country":"ITALY","total_tons":2.0}},{"type":"Feature","geometry":{"type":"LineString","coordinates":[[14.9828,40.6084],[14.65,41.57]]},"properties":{"mission_id":15949,"date":"1943-10-23","theater":"MTO","aircraft":"North American A-36 Apache (Invader)","takeoff_base":"SERRETELLA AIRFIELD","target_location":"PRATELLA","target_country":"ITALY","total_tons":0.0}},{"type":"Feature","geometry":{"type":"LineString","coordinates":[[10.1219,36.6496],[12.73,41.98]]},"properties":{"mission_id":15957,"date":"1943-10-23","theater":"EAST AFRICA","aircraft":"Vickers Wellington","takeoff_base":"OUDNA","target_location":"GUIDONIAA A/D","target_country":null,"total_tons":107.5}},{"type":"Feature","geometry":{"type":"LineString","coordinates":[[155.3839,-6.2444],[155.25,-6.5833]]},"properties":{"mission_id":16040,"date":"1944-08-13","theater":"PTO","aircraft":"PV-1 Lockeed Ventura","takeoff_base":"BOUGAINVILLE ISLAND","target_location":"MOSIGETTA","target_country":"SOLOMON ISLANDS","total_tons":5.25}},{"type":"Feature","geometry":{"type":"LineString","coordinates":[[14.9828,40.6084],[14.03,41.48]]},"properties":{"mission_id":16236,"date":"1943-10-24","theater":"MTO","aircraft":"North American A-36 Apache (Invader)","takeoff_base":"SERRETELLA AIRFIELD","target_location":"VENAFRO","target_country":"ITALY","total_tons":7.5}},{"type":"Feature","geometry":{"type":"LineString","coordinates":[[10.1219,36.6496],[10.93,43.87]]},"properties":{"mission_id":16245,"date":"1943-10-24","theater":"EAST AFRICA","aircraft":"Vickers Wellington","takeoff_base":"OUDNA","target_location":"PISTOIA M/Y","target_country":null,"total_tons":64.5}},{"type":"Feature","geometry":{"type":"LineString","coordinates":[[14.9828,40.6084],[13.57,41.2]]},"properties":{"mission_id":16513,"date":"1943-10-25","theater":"MTO","aircraft":"North American A-36 Apache (Invader)","takeoff_base":"SERRETELLA AIRFIELD","target_location":"GAETA","target_country":"ITALY","total_tons":8.0}},{"type":"Feature","geometry":{"type":"LineString","coordinates":[[14.9828,40.6084],[13.75,41.25]]},"properties":{"mission_id":16515,"date":"1943-10-25","theater":"MTO","aircraft":"North American A-36 Apache (Invader)","takeoff_base":"SERRETELLA AIRFIELD","target_location":"MINTURNO","target_country":"ITALY","total_tons":6.0}},{"type":"Feature","geometry":{"type":"LineString","coordinates":[[14.9828,40.6084],[14.13,41.33]]},"properties":{"mission_id":16561,"date":"1943-10-26","theater":"MTO","aircraft":"North American A-36 Apache (Invader)","takeoff_base":"SERRETELLA AIRFIELD","target_location":"VAIANO","target_country":"ITALY","total_tons":12.0}},{"type":"Feature","geometry":{"type":"LineString","coordinates":[[14.9828,40.6084],[14.17,41.33]]},"properties":{"mission_id":16578,"date":"1943-10-26","theater":"MTO","aircraft":"North American A-36 Apache (Invader)","takeoff_base":"SERRETELLA AIRFIELD","target_location":"PIETRAVAIRANO","target_country":"ITALY","total_tons":0.0}},{"type":"Feature","geometry":{"type":"LineString","coordinates":[[14.9828,40.6084],[13.57,41.2]]},"properties":{"mission_id":16599,"date":"1943-10-27","theater":"MTO","aircraft":"North American A-36 Apache (Invader)","takeoff_base":"SERRETELLA AIRFIELD","target_location":"GAETA","target_country":"ITALY","total_tons":12.0}},{"type":"Feature","geometry":{"type":"LineString","coordinates":[[14.9828,40.6084],[13.97,41.38]]},"properties":{"mission_id":16811,"date":"1943-10-28","theater":"MTO","aircraft":"North American A-36 Apache (Invader)","takeoff_base":"SERRETELLA AIRFIELD","target_location":"MIGNANO","target_country":"ITALY","total_tons":7.5}},{"type":"Feature","geometry":{"type":"LineString","coordinates":[[14.9828,40.6084],[14.65,41.57]]},"properties":{"mission_id":16812,"date":"1943-10-28","theater":"MTO","aircraft":"North American A-36 Apache (Invader)","takeoff_base":"SERRETELLA AIRFIELD","target_location":"PRATELLA","target_country":"ITALY","total_tons":5.0}},{"type":"Feature","geometry":{"type":"LineString","coordinates":[[14.9828,40.6084],[13.98,41.28]]},"properties":{"mission_id":16820,"date":"1943-10-29","theater":"MTO","aircraft":"North American A-36 Apache (Invader)","takeoff_base":"SERRETELLA AIRFIELD","target_location":"RACCAMONFINA","target_country":"ITALY","total_tons":16.5}},{"type":"Feature","geometry":{"type":"LineString","coordinates":[[14.9828,40.6084],[13.75,41.25]]},"properties":{"mission_id":16826,"date":"1943-10-29","theater":"MTO","aircraft":"North American A-36 Apache (Invader)","takeoff_base":"SERRETELLA AIRFIELD","target_location":"MINTURNO","target_country":"ITALY","total_tons":10.5}},{"type":"Feature","geometry":{"type":"LineString","coordinates":[[14.9828,40.6084],[13.97,41.38]]},"properties":{"mission_id":16836,"date":"1943-10-29","theater":"MTO","aircraft":"North American A-36 Apache (Invader)","takeoff_base":"SERRETELLA AIRFIELD","target_location":"MIGNANO","target_country":"ITALY","total_tons":0.0}},{"type":"Feature","geometry":{"type":"LineString","coordinates":[[14.9828,40.6084],[13.97,41.38]]},"properties":{"mission_id":16837,"date":"1943-10-29","theater":"MTO","aircraft":"North American A-36 Apache (Invader)","takeoff_base":"SERRETELLA AIRFIELD","target_location":"MIGNANO","target_country":"ITALY","total_tons":0.0}},{"type":"Feature","geometry":{"type":"LineString","coordinates":[[10.1219,36.6496],[11.13,42.77]]},"properties":{"mission_id":16840,"date":"1943-10-29","theater":"EAST AFRICA","aircraft":"Vickers Wellington","takeoff_base":"OUDNA","target_location":"GROSSETTO M/Y","target_country":null,"total_tons":58.0}},{"type":"Feature","geometry":{"type":"LineString","coordinates":[[14.9828,40.6084],[13.97,41.38]]},"properties":{"mission_id":16865,"date":"1943-10-30","theater":"MTO","aircraft":"North American A-36 Apache (Invader)","takeoff_base":"SERRETELLA AIRFIELD","target_location":"MIGNANO","target_country":"ITALY","total_tons":12.0}},{"type":"Feature","geometry":{"type":"LineString","coordinates":[[15.0056,40.4212],[18.37,39.87]]},"properties":{"mission_id":16869,"date":"1943-10-30","theater":"MTO","aircraft":"North American A-36 Apache (Invader)","takeoff_base":"CAPACCIO","target_location":"GARIGLIANO","target_country":"ITALY","total_tons":5.0}},{"type":"Feature","geometry":{"type":"LineString","coordinates":[[155.3839,-6.2444],[155.75,-6.2833]]},"properties":{"mission_id":16871,"date":"1943-10-30","theater":"PTO","aircraft":"PV-1 Lockeed Ventura","takeoff_base":"BOUGAINVILLE ISLAND","target_location":"KIETA","target_country":"SOLOMON ISLANDS","total_tons":1.5}},{"type":"Feature","geometry":{"type":"LineString","coordinates":[[10.1219,36.6496],[12.38,43.12]]},"properties":{"mission_id":16878,"date":"1943-10-30","theater":"EAST AFRICA","aircraft":"Vickers Wellington","takeoff_base":"OUDNA","target_location":"PERUGIA A/D","target_country":null,"total_tons":34.5}},{"type":"Feature","geometry":{"type":"LineString","coordinates":[[14.9828,40.6084],[13.67,41.33]]},"properties":{"mission_id":17113,"date":"1943-11-01","theater":"MTO","aircraft":"North American A-36 Apache (Invader)","takeoff_base":"SERRETELLA AIRFIELD","target_location":"41 20 N 013 40 E","target_country":"ITALY","total_tons":12.0}},{"type":"Feature","geometry":{"type":"LineString","coordinates":[[14.9828,40.6084],[13.67,41.33]]},"properties":{"mission_id":17114,"date":"1943-11-01","theater":"MTO","aircraft":"North American A-36 Apache (Invader)","takeoff_base":"SERRETELLA AIRFIELD","target_location":"41 20 N 013 40 E","target_country":"ITALY","total_tons":11.5}},{"type":"Feature","geometry":{"type":"LineString","coordinates":[[14.9828,40.6084],[13.67,41.45]]},"properties":{"mission_id":17119,"date":"1943-11-01","theater":"MTO","aircraft":"North American A-36 Apache (Invader)","takeoff_base":"SERRETELLA AIRFIELD","target_location":"PONTECORVO","target_country":"ITALY","total_tons":6.0}},{"type":"Feature","geometry":{"type":"LineString","coordinates":[[14.9828,40.6084],[12.0,45.0]]},"properties":{"mission_id":17121,"date":"1943-11-01","theater":"MTO","aircraft":"North American A-36 Apache (Invader)","takeoff_base":"SERRETELLA AIRFIELD","target_location":"45 00 N 012 00 E","target_country":"ITALY","total_tons":3.0}},{"type":"Feature","geometry":{"type":"LineString","coordinates":[[14.9828,40.6084],[13.0,41.33]]},"properties":{"mission_id":17125,"date":"1943-11-01","theater":"MTO","aircraft":"North American A-36 Apache (Invader)","takeoff_base":"SERRETELLA AIRFIELD","target_location":"41 20 N 013 00 E","target_country":"ITALY","total_tons":0.0}},{"type":"Feature","geometry":{"type":"LineString","coordinates":[[14.9828,40.6084],[13.33,41.33]]},"properties":{"mission_id":17126,"date":"1943-11-01","theater":"MTO","aircraft":"North American A-36 Apache (Invader)","takeoff_base":"SERRETELLA AIRFIELD","target_location":"41 20 N 013 20 E","target_country":"ITALY","total_tons":0.0}},{"type":"Feature","geometry":{"type":"LineString","coordinates":[[10.1219,36.6496],[10.27,44.87]]},"properties":{"mission_id":17128,"date":"1943-11-01","theater":"EAST AFRICA","aircraft":"B-24 Liberator","takeoff_base":"OUDNA","target_location":"VIA REGGIO","target_country":null,"total_tons":25.0}},{"type":"Feature","geometry":{"type":"LineString","coordinates":[[14.9828,40.6084],[13.62,41.7]]},"properties":{"mission_id":17161,"date":"1943-11-02","theater":"MTO","aircraft":"North American A-36 Apache (Invader)","takeoff_base":"SERRETELLA AIRFIELD","target_location":"SORA","target_country":"ITALY","total_tons":6.0}},{"type":"Feature","geometry":{"type":"LineString","coordinates":[[14.9828,40.6084],[12.3,43.33]]},"properties":{"mission_id":17166,"date":"1943-11-02","theater":"MTO","aircraft":"North American A-36 Apache (Invader)","takeoff_base":"SERRETELLA AIRFIELD","target_location":"SAN BIAGIO","target_country":"ITALY","total_tons":3.0}},{"type":"Feature","geometry":{"type":"LineString","coordinates":[[14.9828,40.6084],[12.33,45.33]]},"properties":{"mission_id":17167,"date":"1943-11-02","theater":"MTO","aircraft":"North American A-36 Apache (Invader)","takeoff_base":"SERRETELLA AIRFIELD","target_location":"45 20 N 012 20 E","target_country":"ITALY","total_tons":3.0}},{"type":"Feature","geometry":{"type":"LineString","coordinates":[[14.9828,40.6084],[13.67,41.0]]},"properties":{"mission_id":17175,"date":"1943-11-02","theater":"MTO","aircraft":"North American A-36 Apache (Invader)","takeoff_base":"SERRETELLA AIRFIELD","target_location":"41 00 N 013 40 E","target_country":"ITALY","total_tons":0.0}},{"type":"Feature","geometry":{"type":"LineString","coordinates":[[10.1219,36.6496],[7.52,45.25]]},"properties":{"mission_id":17181,"date":"1943-11-02","theater":"EAST AFRICA","aircraft":"B-24 Liberator","takeoff_base":"OUDNA","target_location":"FIANO/ROMANO A/D","target_country":null,"total_tons":51.75}},{"type":"Feature","geometry":{"type":"LineString","coordinates":[[14.9828,40.6084],[12.83,41.57]]},"properties":{"mission_id":17460,"date":"1943-11-03","theater":"MTO","aircraft":"North American A-36 Apache (Invader)","takeoff_base":"SERRETELLA AIRFIELD","target_location":"CISTERNA DI ROMA","target_country":"ITALY","total_tons":5.0}},{"type":"Feature","geometry":{"type":"LineString","coordinates":[[14.9828,40.6084],[13.67,41.33]]},"properties":{"mission_id":17461,"date":"1943-11-03","theater":"MTO","aircraft":"North American A-36 Apache (Invader)","takeoff_base":"SERRETELLA AIRFIELD","target_location":"41 20 N 013 40 E","target_country":"ITALY","total_tons":4.0}},{"type":"Feature","geometry":{"type":"LineString","coordinates":[[14.9125,40.62],[14.12,41.57]]},"properties":{"mission_id":17798,"date":"1943-11-04","theater":"MTO","aircraft":"North American A-36 Apache (Invader)","takeoff_base":"GUADO AIRFIELD","target_location":"MONTAQUILLA","target_country":"ITALY","total_tons":6.0}},{"type":"Feature","geometry":{"type":"LineString","coordinates":[[14.9125,40.62],[13.25,41.27]]},"properties":{"mission_id":17799,"date":"1943-11-04","theater":"MTO","aircraft":"North American A-36 Apache (Invader)","takeoff_base":"GUADO AIRFIELD","target_location":"TERRACINA","target_country":"ITALY","total_tons":4.0}},{"type":"Feature","geometry":{"type":"LineString","coordinates":[[14.9125,40.62],[12.47,41.9]]},"properties":{"mission_id":17800,"date":"1943-11-04","theater":"MTO","aircraft":"North American A-36 Apache (Invader)","takeoff_base":"GUADO AIRFIELD","target_location":"ROME","target_country":"ITALY","total_tons":3.0}},{"type":"Feature","geometry":{"type":"LineString","coordinates":[[155.3839,-6.2444],[155.5667,-6.2]]},"properties":{"mission_id":17811,"date":"1944-08-15","theater":"PTO","aircraft":"PV-1 Lockeed Ventura","takeoff_base":"BOUGAINVILLE ISLAND","target_location":"TUNURU","target_country":"SOLOMON ISLANDS","total_tons":0.75}},{"type":"Feature","geometry":{"type":"LineString","coordinates":[[10.1219,36.6496],[12.4,42.47]]},"properties":{"mission_id":18010,"date":"1943-11-04","theater":"MTO","aircraft":"B-24 Liberator","takeoff_base":"OUDNA","target_location":"ORTE","target_country":"GREECE","total_tons":75.0}},{"type":"Feature","geometry":{"type":"LineString","coordinates":[[14.9125,40.62],[14.15,41.62]]},"properties":{"mission_id":18014,"date":"1943-11-05","theater":"MTO","aircraft":"North American A-36 Apache (Invader)","takeoff_base":"GUADO AIRFIELD","target_location":"FORNELLI","target_country":"ITALY","total_tons":13.0}},{"type":"Feature","geometry":{"type":"LineString","coordinates":[[14.9125,40.62],[13.67,41.33]]},"properties":{"mission_id":18017,"date":"1943-11-05","theater":"MTO","aircraft":"North American A-36 Apache (Invader)","takeoff_base":"GUADO AIRFIELD","target_location":"41 20 N 013 40 E","target_country":"ITALY","total_tons":10.5}},{"type":"Feature","geometry":{"type":"LineString","coordinates":[[14.9125,40.62],[13.82,41.48]]},"properties":{"mission_id":18021,"date":"1943-11-05","theater":"MTO","aircraft":"North American A-36 Apache (Invader)","takeoff_base":"GUADO AIRFIELD","target_location":"CASSINO","target_country":"ITALY","total_tons":6.0}},{"type":"Feature","geometry":{"type":"LineString","coordinates":[[14.9125,40.62],[13.25,41.27]]},"properties":{"mission_id":18023,"date":"1943-11-05","theater":"MTO","aircraft":"North American A-36 Apache (Invader)","takeoff_base":"GUADO AIRFIELD","target_location":"TERRACINA","target_country":"ITALY","total_tons":5.5}},{"type":"Feature","geometry":{"type":"LineString","coordinates":[[14.9125,40.62],[12.0,45.0]]},"properties":{"mission_id":18024,"date":"1943-11-05","theater":"MTO","aircraft":"North American A-36 Apache (Invader)","takeoff_base":"GUADO AIRFIELD","target_location":"45 00 N 012 00 E","target_country":"ITALY","total_tons":0.0}},{"type":"Feature","geometry":{"type":"LineString","coordinates":[[14.9125,40.62],[13.9,41.47]]},"properties":{"mission_id":18316,"date":"1943-11-06","theater":"MTO","aircraft":"North American A-36 Apache (Invader)","takeoff_base":"GUADO AIRFIELD","target_location":"CERVARO","target_country":"ITALY","total_tons":15.5}},{"type":"Feature","geometry":{"type":"LineString","coordinates":[[14.9125,40.62],[13.67,41.33]]},"properties":{"mission_id":18324,"date":"1943-11-06","theater":"MTO","aircraft":"North American A-36 Apache (Invader)","takeoff_base":"GUADO AIRFIELD","target_location":"41 20 N 013 40 E","target_country":"ITALY","total_tons":4.0}},{"type":"Feature","geometry":{"type":"LineString","coordinates":[[14.9125,40.62],[9.0,41.33]]},"properties":{"mission_id":18326,"date":"1943-11-06","theater":"MTO","aircraft":"North American A-36 Apache (Invader)","takeoff_base":"GUADO AIRFIELD","target_location":"41 20 N 009 00 E","target_country":"ITALY","total_tons":3.0}},{"type":"Feature","geometry":{"type":"LineString","coordinates":[[14.9125,40.62],[9.37,46.3]]},"properties":{"mission_id":18331,"date":"1943-11-06","theater":"MTO","aircraft":"North American A-36 Apache (Invader)","takeoff_base":"GUADO AIRFIELD","target_location":"SAN VITTORE","target_country":"ITALY","total_tons":0.0}},{"type":"Feature","geometry":{"type":"LineString","coordinates":[[155.3839,-6.2444],[155.75,-6.2833]]},"properties":{"mission_id":18345,"date":"1943-11-07","theater":"PTO","aircraft":"PV-1 Lockeed Ventura","takeoff_base":"BOUGAINVILLE ISLAND","target_location":"KIETA","target_country":"SOLOMON ISLANDS","total_tons":4.5}},{"type":"Feature","geometry":{"type":"LineString","coordinates":[[14.9828,40.6084],[18.37,39.87]]},"properties":{"mission_id":18347,"date":"1943-11-07","theater":"MTO","aircraft":"North American A-36 Apache (Invader)","takeoff_base":"SERRETELLA AIRFIELD","target_location":"GARIGLIANO","target_country":"ITALY","total_tons":3.0}},{"type":"Feature","geometry":{"type":"LineString","coordinates":[[14.9125,40.62],[10.13,42.8]]},"properties":{"mission_id":18348,"date":"1943-11-07","theater":"MTO","aircraft":"North American A-36 Apache (Invader)","takeoff_base":"GUADO AIRFIELD","target_location":"SAN ANDREA","target_country":"ITALY","total_tons":3.0}},{"type":"Feature","geometry":{"type":"LineString","coordinates":[[14.9125,40.62],[12.47,41.9]]},"properties":{"mission_id":18350,"date":"1943-11-07","theater":"MTO","aircraft":"North American A-36 Apache (Invader)","takeoff_base":"GUADO AIRFIELD","target_location":"ROME","target_country":"ITALY","total_tons":2.0}},{"type":"Feature","geometry":{"type":"LineString","coordinates":[[10.1219,36.6496],[11.07,43.77]]},"properties":{"mission_id":18644,"date":"1943-11-08","theater":"MTO","aircraft":"B-24 Liberator","takeoff_base":"OUDNA","target_location":"OMBRANE RIVER RR BRIDGE","target_country":"GREECE","total_tons":12.0}},{"type":"Feature","geometry":{"type":"LineString","coordinates":[[14.9125,40.62],[13.67,41.33]]},"properties":{"mission_id":18654,"date":"1943-11-09","theater":"MTO","aircraft":"North American A-36 Apache (Invader)","takeoff_base":"GUADO AIRFIELD","target_location":"41 20 N 013 40 E","target_country":"ITALY","total_tons":11.5}},{"type":"Feature","geometry":{"type":"LineString","coordinates":[[14.9125,40.62],[13.67,41.33]]},"properties":{"mission_id":18662,"date":"1943-11-09","theater":"MTO","aircraft":"North American A-36 Apache (Invader)","takeoff_base":"GUADO AIRFIELD","target_location":"41 20 N 013 40 E","target_country":"ITALY","total_tons":0.0}},{"type":"Feature","geometry":{"type":"LineString","coordinates":[[10.1219,36.6496],[10.33,43.68]]},"properties":{"mission_id":18666,"date":"1943-11-09","theater":"EAST AFRICA","aircraft":"B-24 Liberator","takeoff_base":"OUDNA","target_location":"ARNO VALLEY","target_country":null,"total_tons":10.0}},{"type":"Feature","geometry":{"type":"LineString","coordinates":[[10.1219,36.6496],[11.45,43.77]]},"properties":{"mission_id":18668,"date":"1943-11-09","theater":"EAST AFRICA","aircraft":"B-24 Liberator","takeoff_base":"OUDNA","target_location":"PONTASSIEVE RR & RR BRIDGE","target_country":null,"total_tons":15.0}},{"type":"Feature","geometry":{"type":"LineString","coordinates":[[10.1219,36.6496],[11.13,42.55]]},"properties":{"mission_id":18669,"date":"1943-11-09","theater":"EAST AFRICA","aircraft":"B-24 Liberator","takeoff_base":"OUDNA","target_location":"TALAMONE","target_country":null,"total_tons":2.75}},{"type":"Feature","geometry":{"type":"LineString","coordinates":[[14.9125,40.62],[13.8,41.62]]},"properties":{"mission_id":18694,"date":"1943-11-10","theater":"MTO","aircraft":"North American A-36 Apache (Invader)","takeoff_base":"GUADO AIRFIELD","target_location":"ATINA","target_country":"ITALY","total_tons":8.0}},{"type":"Feature","geometry":{"type":"LineString","coordinates":[[14.9125,40.62],[13.9,41.47]]},"properties":{"mission_id":18695,"date":"1943-11-10","theater":"MTO","aircraft":"North American A-36 Apache (Invader)","takeoff_base":"GUADO AIRFIELD","target_location":"CERVARO","target_country":"ITALY","total_tons":0.0}},{"type":"Feature","geometry":{"type":"LineString","coordinates":[[14.9125,40.62],[12.47,41.9]]},"properties":{"mission_id":18696,"date":"1943-11-10","theater":"MTO","aircraft":"North American A-36 Apache (Invader)","takeoff_base":"GUADO AIRFIELD","target_location":"ROME","target_country":"ITALY","total_tons":0.0}},{"type":"Feature","geometry":{"type":"LineString","coordinates":[[10.1219,36.6496],[9.13,44.35]]},"properties":{"mission_id":18923,"date":"1943-11-10","theater":"MTO","aircraft":"B-24 Liberator","takeoff_base":"OUDNA","target_location":"RECCO RR VIADUCT","target_country":"GREECE","total_tons":33.0}},{"type":"Feature","geometry":{"type":"LineString","coordinates":[[14.9125,40.62],[13.67,41.33]]},"properties":{"mission_id":18939,"date":"1943-11-11","theater":"MTO","aircraft":"North American A-36 Apache (Invader)","takeoff_base":"GUADO AIRFIELD","target_location":"41 20 N 013 40 E","target_country":"ITALY","total_tons":6.0}},{"type":"Feature","geometry":{"type":"LineString","coordinates":[[14.9125,40.62],[13.95,41.55]]},"properties":{"mission_id":18942,"date":"1943-11-11","theater":"MTO","aircraft":"North American A-36 Apache (Invader)","takeoff_base":"GUADO AIRFIELD","target_location":"AQUA FONDALA (AQUAFONDATA)","target_country":"ITALY","total_tons":0.0}},{"type":"Feature","geometry":{"type":"LineString","coordinates":[[14.9125,40.62],[13.8,41.62]]},"properties":{"mission_id":18943,"date":"1943-11-11","theater":"MTO","aircraft":"North American A-36 Apache (Invader)","takeoff_base":"GUADO AIRFIELD","target_location":"ATINA","target_country":"ITALY","total_tons":0.0}},{"type":"Feature","geometry":{"type":"LineString","coordinates":[[10.1219,36.6496],[11.12,43.88]]},"properties":{"mission_id":18946,"date":"1943-11-11","theater":"EAST AFRICA","aircraft":"B-24 Liberator","takeoff_base":"OUDNA","target_location":"PRATO","target_country":null,"total_tons":52.5}},{"type":"Feature","geometry":{"type":"LineString","coordinates":[[10.1219,36.6496],[11.45,43.77]]},"properties":{"mission_id":19201,"date":"1943-11-12","theater":"EAST AFRICA","aircraft":"B-24 Liberator","takeoff_base":"OUDNA","target_location":"PONTASSIEVE RR BRIDGE","target_country":null,"total_tons":44.0}},{"type":"Feature","geometry":{"type":"LineString","coordinates":[[10.1219,36.6496],[10.55,43.3]]},"properties":{"mission_id":19224,"date":"1943-11-12","theater":"MTO","aircraft":"B-24 Liberator","takeoff_base":"OUDNA","target_location":"CECINA RR BRIDGE","target_country":"ITALY","total_tons":0.0}},{"type":"Feature","geometry":{"type":"LineString","coordinates":[[10.1219,36.6496],[11.22,42.45]]},"properties":{"mission_id":19225,"date":"1943-11-12","theater":"MTO","aircraft":"B-24 Liberator","takeoff_base":"OUDNA","target_location":"ORBATELLO-CIVITAVECCHIA RR","target_country":"GREECE","total_tons":0.0}},{"type":"Feature","geometry":{"type":"LineString","coordinates":[[14.9125,40.62],[13.67,41.33]]},"properties":{"mission_id":19248,"date":"1943-11-13","theater":"MTO","aircraft":"North American A-36 Apache (Invader)","takeoff_base":"GUADO AIRFIELD","target_location":"41 20 N 013 40 E","target_country":"ITALY","total_tons":12.0}},{"type":"Feature","geometry":{"type":"LineString","coordinates":[[14.9125,40.62],[13.67,41.33]]},"properties":{"mission_id":19252,"date":"1943-11-13","theater":"MTO","aircraft":"North American A-36 Apache (Invader)","takeoff_base":"GUADO AIRFIELD","target_location":"41 20 N 013 40 E","target_country":"ITALY","total_tons":6.0}},{"type":"Feature","geometry":{"type":"LineString","coordinates":[[14.9125,40.62],[13.7,41.48]]},"properties":{"mission_id":19254,"date":"1943-11-13","theater":"MTO","aircraft":"North American A-36 Apache (Invader)","takeoff_base":"GUADO AIRFIELD","target_location":"AQUINO","target_country":"ITALY","total_tons":5.5}},{"type":"Feature","geometry":{"type":"LineString","coordinates":[[14.9125,40.62],[12.52,42.02]]},"properties":{"mission_id":19257,"date":"1943-11-13","theater":"MTO","aircraft":"North American A-36 Apache (Invader)","takeoff_base":"GUADO AIRFIELD","target_location":"MARCIGLIANO (MARCIGLIANA)","target_country":"ITALY","total_tons":2.0}},{"type":"Feature","geometry":{"type":"LineString","coordinates":[[10.1219,36.6496],[6.03,43.42]]},"properties":{"mission_id":19263,"date":"1943-11-13","theater":"EAST AFRICA","aircraft":"B-24 Liberator","takeoff_base":"OUDNA","target_location":"ANTHEOR VAIDUCT","target_country":null,"total_tons":5.5}},{"type":"Feature","geometry":{"type":"LineString","coordinates":[[10.1219,36.6496],[7.18,43.67]]},"properties":{"mission_id":19264,"date":"1943-11-13","theater":"EAST AFRICA","aircraft":"B-24 Liberator","takeoff_base":"OUDNA","target_location":"VAR RIVER RR BRIDGE","target_country":null,"total_tons":6.75}},{"type":"Feature","geometry":{"type":"LineString","coordinates":[[155.3839,-6.2444],[155.685,-6.746]]},"properties":{"mission_id":19894,"date":"1943-11-16","theater":"PTO","aircraft":"PV-1 Lockeed Ventura","takeoff_base":"BOUGAINVILLE ISLAND","target_location":"BUKA PASSAGE","target_country":null,"total_tons":0.0}},{"type":"Feature","geometry":{"type":"LineString","coordinates":[[14.9125,40.62],[11.78,42.1]]},"properties":{"mission_id":20048,"date":"1943-11-18","theater":"MTO","aircraft":"North American A-36 Apache (Invader)","takeoff_base":"GUADO AIRFIELD","target_location":"CIVITAVECCHIA","target_country":"ITALY","total_tons":0.0}},{"type":"Feature","geometry":{"type":"LineString","coordinates":[[14.4,40.9167],[13.88,41.53]]},"properties":{"mission_id":20326,"date":"1943-11-19","theater":"MTO","aircraft":"North American A-36 Apache (Invader)","takeoff_base":"POMIGLIANO AIRFIELD","target_location":"SANTA ELIA","target_country":"ITALY","total_tons":5.0}},{"type":"Feature","geometry":{"type":"LineString","coordinates":[[14.4,40.9167],[13.88,41.53]]},"properties":{"mission_id":20327,"date":"1943-11-19","theater":"MTO","aircraft":"North American A-36 Apache (Invader)","takeoff_base":"POMIGLIANO AIRFIELD","target_location":"SANTA ELIA","target_country":"ITALY","total_tons":5.0}},{"type":"Feature","geometry":{"type":"LineString","coordinates":[[14.4,40.9167],[11.78,42.1]]},"properties":{"mission_id":20643,"date":"1943-11-22","theater":"MTO","aircraft":"North American A-36 Apache (Invader)","takeoff_base":"POMIGLIANO AIRFIELD","target_location":"CIVITAVECCHIA","target_country":"ITALY","total_tons":11.5}},{"type":"Feature","geometry":{"type":"LineString","coordinates":[[14.4,40.9167],[13.57,41.2]]},"properties":{"mission_id":20646,"date":"1943-11-22","theater":"MTO","aircraft":"North American A-36 Apache (Invader)","takeoff_base":"POMIGLIANO AIRFIELD","target_location":"GAETA","target_country":"ITALY","total_tons":6.0}},{"type":"Feature","geometry":{"type":"LineString","coordinates":[[14.4,40.9167],[11.78,42.1]]},"properties":{"mission_id":20647,"date":"1943-11-22","theater":"MTO","aircraft":"North American A-36 Apache (Invader)","takeoff_base":"POMIGLIANO AIRFIELD","target_location":"CIVITAVECCHIA","target_country":"ITALY","total_tons":6.0}},{"type":"Feature","geometry":{"type":"LineString","coordinates":[[14.4,40.9167],[13.7,41.48]]},"properties":{"mission_id":20648,"date":"1943-11-22","theater":"MTO","aircraft":"North American A-36 Apache (Invader)","takeoff_base":"POMIGLIANO AIRFIELD","target_location":"ACQUAFONDATA","target_country":"ITALY","total_tons":6.0}},{"type":"Feature","geometry":{"type":"LineString","coordinates":[[10.1219,36.6496],[12.6,41.8]]},"properties":{"mission_id":20903,"date":"1943-11-22","theater":"MTO","aircraft":"B-24 Liberator","takeoff_base":"OUDNA","target_location":"CIAMPINO","target_country":"ITALY","total_tons":64.0}},{"type":"Feature","geometry":{"type":"LineString","coordinates":[[14.9125,40.62],[16.25,39.27]]},"properties":{"mission_id":20971,"date":"1943-11-24","theater":"MTO","aircraft":"North American A-36 Apache (Invader)","takeoff_base":"GUADO AIRFIELD","target_location":"COSENZA","target_country":"ITALY","total_tons":8.0}},{"type":"Feature","geometry":{"type":"LineString","coordinates":[[14.4,40.9167],[11.78,42.1]]},"properties":{"mission_id":20974,"date":"1943-11-24","theater":"MTO","aircraft":"North American A-36 Apache (Invader)","takeoff_base":"POMIGLIANO AIRFIELD","target_location":"CIVITAVECCHIA","target_country":"ITALY","total_tons":4.0}},{"type":"Feature","geometry":{"type":"LineString","coordinates":[[14.4,40.9167],[11.13,45.25]]},"properties":{"mission_id":20981,"date":"1943-11-24","theater":"MTO","aircraft":"North American A-36 Apache (Invader)","takeoff_base":"POMIGLIANO AIRFIELD","target_location":"SAN PIETRO","target_country":"ITALY","total_tons":1.0}},{"type":"Feature","geometry":{"type":"LineString","coordinates":[[10.1219,36.6496],[8.5,44.3]]},"properties":{"mission_id":20987,"date":"1943-11-24","theater":"EAST AFRICA","aircraft":"B-24 Liberator","takeoff_base":"OUDNA","target_location":"ROAD NEAR SAVONA","target_country":null,"total_tons":1.5}},{"type":"Feature","geometry":{"type":"LineString","coordinates":[[10.1219,36.6496],[8.95,44.4]]},"properties":{"mission_id":21226,"date":"1943-11-24","theater":"MTO","aircraft":"B-24 Liberator","takeoff_base":"OUDNA","target_location":"GENOA-SORI RR","target_country":"GREECE","total_tons":1.5}},{"type":"Feature","geometry":{"type":"LineString","coordinates":[[10.1219,36.6496],[8.23,44.03]]},"properties":{"mission_id":21227,"date":"1943-11-24","theater":"MTO","aircraft":"B-24 Liberator","takeoff_base":"OUDNA","target_location":"ROAD NEAR GALLINARIA [ISOLA GALLINARA]","target_country":"GREECE","total_tons":1.5}},{"type":"Feature","geometry":{"type":"LineString","coordinates":[[10.1219,36.6496],[7.68,45.07]]},"properties":{"mission_id":21228,"date":"1943-11-24","theater":"MTO","aircraft":"B-24 Liberator","takeoff_base":"OUDNA","target_location":"TURIN BALL BEARING FACTORY","target_country":"GREECE","total_tons":7.0}},{"type":"Feature","geometry":{"type":"LineString","coordinates":[[14.4,40.9167],[13.05,41.68]]},"properties":{"mission_id":21289,"date":"1943-11-26","theater":"MTO","aircraft":"North American A-36 Apache (Invader)","takeoff_base":"POMIGLIANO AIRFIELD","target_location":"SEGNI","target_country":"ITALY","total_tons":12.0}},{"type":"Feature","geometry":{"type":"LineString","coordinates":[[14.4,40.9167],[11.78,42.1]]},"properties":{"mission_id":21291,"date":"1943-11-26","theater":"MTO","aircraft":"North American A-36 Apache (Invader)","takeoff_base":"POMIGLIANO AIRFIELD","target_location":"CIVITAVECCHIA","target_country":"ITALY","total_tons":10.0}},{"type":"Feature","geometry":{"type":"LineString","coordinates":[[14.9125,40.62],[16.25,39.27]]},"properties":{"mission_id":21292,"date":"1943-11-26","theater":"MTO","aircraft":"North American A-36 Apache (Invader)","takeoff_base":"GUADO AIRFIELD","target_location":"COSENZA","target_country":"ITALY","total_tons":6.0}},{"type":"Feature","geometry":{"type":"LineString","coordinates":[[14.4,40.9167],[13.53,41.28]]},"properties":{"mission_id":21293,"date":"1943-11-26","theater":"MTO","aircraft":"North American A-36 Apache (Invader)","takeoff_base":"POMIGLIANO AIRFIELD","target_location":"ITRI","target_country":"ITALY","total_tons":6.0}},{"type":"Feature","geometry":{"type":"LineString","coordinates":[[155.3839,-6.2444],[119.5,10.25]]},"properties":{"mission_id":21294,"date":"1943-11-26","theater":"PTO","aircraft":"PV-1 Lockeed Ventura","takeoff_base":"BOUGAINVILLE ISLAND","target_location":"GREEN ISLAND","target_country":"PHILIPPINE ISLANDS","total_tons":6.0}},{"type":"Feature","geometry":{"type":"LineString","coordinates":[[14.4,40.9167],[9.37,46.3]]},"properties":{"mission_id":21296,"date":"1943-11-26","theater":"MTO","aircraft":"North American A-36 Apache (Invader)","takeoff_base":"POMIGLIANO AIRFIELD","target_location":"SAN VITTORE","target_country":"ITALY","total_tons":3.0}},{"type":"Feature","geometry":{"type":"LineString","coordinates":[[10.1219,36.6496],[11.07,43.77]]},"properties":{"mission_id":21872,"date":"1943-11-26","theater":"MTO","aircraft":"B-24 Liberator","takeoff_base":"OUDNA","target_location":"OMBRANE RIVER RR BRIDGE","target_country":"GREECE","total_tons":38.0}},{"type":"Feature","geometry":{"type":"LineString","coordinates":[[14.9125,40.62],[16.25,39.27]]},"properties":{"mission_id":21892,"date":"1943-11-27","theater":"MTO","aircraft":"North American A-36 Apache (Invader)","takeoff_base":"GUADO AIRFIELD","target_location":"COSENZA","target_country":"ITALY","total_tons":5.5}},{"type":"Feature","geometry":{"type":"LineString","coordinates":[[14.4,40.9167],[12.47,41.9]]},"properties":{"mission_id":21893,"date":"1943-11-27","theater":"MTO","aircraft":"North American A-36 Apache (Invader)","takeoff_base":"POMIGLIANO AIRFIELD","target_location":"ROME","target_country":"ITALY","total_tons":5.5}},{"type":"Feature","geometry":{"type":"LineString","coordinates":[[155.3839,-6.2444],[155.0833,-6.5833]]},"properties":{"mission_id":21895,"date":"1943-11-27","theater":"PTO","aircraft":"PV-1 Lockeed Ventura","takeoff_base":"BOUGAINVILLE ISLAND","target_location":"MOTUPENA POINT","target_country":"SOLOMON ISLANDS","total_tons":4.5}},{"type":"Feature","geometry":{"type":"LineString","coordinates":[[14.4,40.9167],[9.37,46.3]]},"properties":{"mission_id":21896,"date":"1943-11-27","theater":"MTO","aircraft":"North American A-36 Apache (Invader)","takeoff_base":"POMIGLIANO AIRFIELD","target_location":"SAN VITTORE","target_country":"ITALY","total_tons":3.0}},{"type":"Feature","geometry":{"type":"LineString","coordinates":[[14.4,40.9167],[13.85,44.87]]},"properties":{"mission_id":22172,"date":"1943-11-28","theater":"MTO","aircraft":"North American A-36 Apache (Invader)","takeoff_base":"POMIGLIANO AIRFIELD","target_location":"POLA","target_country":"ITALY","total_tons":13.75}},{"type":"Feature","geometry":{"type":"LineString","coordinates":[[14.4,40.9167],[13.82,41.48]]},"properties":{"mission_id":22175,"date":"1943-11-28","theater":"MTO","aircraft":"North American A-36 Apache (Invader)","takeoff_base":"POMIGLIANO AIRFIELD","target_location":"CASSINO","target_country":"ITALY","total_tons":6.0}},{"type":"Feature","geometry":{"type":"LineString","coordinates":[[14.4,40.9167],[12.63,41.47]]},"properties":{"mission_id":22176,"date":"1943-11-28","theater":"MTO","aircraft":"North American A-36 Apache (Invader)","takeoff_base":"POMIGLIANO AIRFIELD","target_location":"NETTUNO","target_country":"ITALY","total_tons":6.0}},{"type":"Feature","geometry":{"type":"LineString","coordinates":[[14.4,40.9167],[9.37,46.3]]},"properties":{"mission_id":22179,"date":"1943-11-28","theater":"MTO","aircraft":"North American A-36 Apache (Invader)","takeoff_base":"POMIGLIANO AIRFIELD","target_location":"SAN VITTORE","target_country":"ITALY","total_tons":3.0}},{"type":"Feature","geometry":{"type":"LineString","coordinates":[[14.4,40.9167],[11.78,42.1]]},"properties":{"mission_id":22185,"date":"1943-11-28","theater":"MTO","aircraft":"North American A-36 Apache (Invader)","takeoff_base":"POMIGLIANO AIRFIELD","target_location":"CIVITAVECCHIA","target_country":"ITALY","total_tons":0.0}},{"type":"Feature","geometry":{"type":"LineString","coordinates":[[10.1219,36.6496],[12.6,41.8]]},"properties":{"mission_id":22432,"date":"1943-11-28","theater":"MTO","aircraft":"B-24 Liberator","takeoff_base":"OUDNA","target_location":"CIAMPINO","target_country":"ITALY","total_tons":70.25}},{"type":"Feature","geometry":{"type":"LineString","coordinates":[[14.4,40.9167],[10.48,43.4]]},"properties":{"mission_id":22449,"date":"1943-11-29","theater":"MTO","aircraft":"North American A-36 Apache (Invader)","takeoff_base":"POMIGLIANO AIRFIELD","target_location":"ROSIGNANA","target_country":"ITALY","total_tons":3.0}},{"type":"Feature","geometry":{"type":"LineString","coordinates":[[14.4,40.9167],[12.63,41.47]]},"properties":{"mission_id":22456,"date":"1943-11-29","theater":"MTO","aircraft":"North American A-36 Apache (Invader)","takeoff_base":"POMIGLIANO AIRFIELD","target_location":"NETTUNO","target_country":"ITALY","total_tons":1.0}},{"type":"Feature","geometry":{"type":"LineString","coordinates":[[155.3839,-6.2444],[155.0833,-6.5833]]},"properties":{"mission_id":22756,"date":"1943-11-30","theater":"PTO","aircraft":"PV-1 Lockeed Ventura","takeoff_base":"BOUGAINVILLE ISLAND","target_location":"MOTUPENA POINT","target_country":"SOLOMON ISLANDS","total_tons":4.5}},{"type":"Feature","geometry":{"type":"LineString","coordinates":[[14.4,40.9167],[9.37,46.3]]},"properties":{"mission_id":23026,"date":"1943-12-01","theater":"MTO","aircraft":"North American A-36 Apache (Invader)","takeoff_base":"POMIGLIANO AIRFIELD","target_location":"SAN VITTORE","target_country":"ITALY","total_tons":17.0}},{"type":"Feature","geometry":{"type":"LineString","coordinates":[[14.4,40.9167],[9.37,46.3]]},"properties":{"mission_id":23035,"date":"1943-12-01","theater":"MTO","aircraft":"North American A-36 Apache (Invader)","takeoff_base":"POMIGLIANO AIRFIELD","target_location":"SAN VITTORE","target_country":"ITALY","total_tons":5.25}},{"type":"Feature","geometry":{"type":"LineString","coordinates":[[14.4,40.9167],[9.25,44.35]]},"properties":{"mission_id":23038,"date":"1943-12-01","theater":"MTO","aircraft":"North American A-36 Apache (Invader)","takeoff_base":"POMIGLIANO AIRFIELD","target_location":"SAN AMBROGIO","target_country":"ITALY","total_tons":3.0}},{"type":"Feature","geometry":{"type":"LineString","coordinates":[[14.4,40.9167],[9.37,46.3]]},"properties":{"mission_id":23399,"date":"1943-12-02","theater":"MTO","aircraft":"North American A-36 Apache (Invader)","takeoff_base":"POMIGLIANO AIRFIELD","target_location":"SAN VITTORE","target_country":"ITALY","total_tons":20.75}},{"type":"Feature","geometry":{"type":"LineString","coordinates":[[14.4,40.9167],[13.83,41.45]]},"properties":{"mission_id":23602,"date":"1943-12-02","theater":"MTO","aircraft":"North American A-36 Apache (Invader)","takeoff_base":"POMIGLIANO AIRFIELD","target_location":"S ANGELO","target_country":"ITALY","total_tons":6.0}},{"type":"Feature","geometry":{"type":"LineString","coordinates":[[14.9125,40.62],[13.75,37.83]]},"properties":{"mission_id":23603,"date":"1943-12-02","theater":"MTO","aircraft":"North American A-36 Apache (Invader)","takeoff_base":"GUADO AIRFIELD","target_location":"MAGGIORA","target_country":"ITALY","total_tons":5.75}},{"type":"Feature","geometry":{"type":"LineString","coordinates":[[14.4,40.9167],[9.25,44.35]]},"properties":{"mission_id":23605,"date":"1943-12-02","theater":"MTO","aircraft":"North American A-36 Apache (Invader)","takeoff_base":"POMIGLIANO AIRFIELD","target_location":"SAN AMBROGIO","target_country":"ITALY","total_tons":3.0}},{"type":"Feature","geometry":{"type":"LineString","coordinates":[[14.4,40.9167],[12.47,41.9]]},"properties":{"mission_id":24161,"date":"1943-12-05","theater":"MTO","aircraft":"North American A-36 Apache (Invader)","takeoff_base":"POMIGLIANO AIRFIELD","target_location":"ROME","target_country":"ITALY","total_tons":27.0}},{"type":"Feature","geometry":{"type":"LineString","coordinates":[[14.4,40.9167],[13.82,41.48]]},"properties":{"mission_id":24171,"date":"1943-12-05","theater":"MTO","aircraft":"North American A-36 Apache (Invader)","takeoff_base":"POMIGLIANO AIRFIELD","target_location":"CASSINO","target_country":"ITALY","total_tons":5.0}},{"type":"Feature","geometry":{"type":"LineString","coordinates":[[14.4,40.9167],[13.53,41.28]]},"properties":{"mission_id":24173,"date":"1943-12-05","theater":"MTO","aircraft":"North American A-36 Apache (Invader)","takeoff_base":"POMIGLIANO AIRFIELD","target_location":"ITRI","target_country":"ITALY","total_tons":4.0}},{"type":"Feature","geometry":{"type":"LineString","coordinates":[[14.4,40.9167],[13.62,41.25]]},"properties":{"mission_id":24174,"date":"1943-12-05","theater":"MTO","aircraft":"North American A-36 Apache (Invader)","takeoff_base":"POMIGLIANO AIRFIELD","target_location":"FORMIA","target_country":"ITALY","total_tons":3.0}},{"type":"Feature","geometry":{"type":"LineString","coordinates":[[14.9125,40.62],[16.25,39.27]]},"properties":{"mission_id":24410,"date":"1943-12-06","theater":"MTO","aircraft":"North American A-36 Apache (Invader)","takeoff_base":"GUADO AIRFIELD","target_location":"COSENZA","target_country":"ITALY","total_tons":6.0}},{"type":"Feature","geometry":{"type":"LineString","coordinates":[[14.4,40.9167],[13.95,41.52]]},"properties":{"mission_id":24465,"date":"1943-12-07","theater":"MTO","aircraft":"North American A-36 Apache (Invader)","takeoff_base":"POMIGLIANO AIRFIELD","target_location":"VITICUSO","target_country":"ITALY","total_tons":19.5}},{"type":"Feature","geometry":{"type":"LineString","coordinates":[[14.4,40.9167],[13.43,41.9]]},"properties":{"mission_id":24472,"date":"1943-12-07","theater":"MTO","aircraft":"North American A-36 Apache (Invader)","takeoff_base":"POMIGLIANO AIRFIELD","target_location":"CIVITELLA ROVETO","target_country":"ITALY","total_tons":6.0}},{"type":"Feature","geometry":{"type":"LineString","coordinates":[[14.4,40.9167],[11.78,42.1]]},"properties":{"mission_id":24473,"date":"1943-12-07","theater":"MTO","aircraft":"North American A-36 Apache (Invader)","takeoff_base":"POMIGLIANO AIRFIELD","target_location":"CIVITAVECCHIA","target_country":"ITALY","total_tons":5.75}},{"type":"Feature","geometry":{"type":"LineString","coordinates":[[14.9125,40.62],[16.25,39.27]]},"properties":{"mission_id":24482,"date":"1943-12-07","theater":"MTO","aircraft":"North American A-36 Apache (Invader)","takeoff_base":"GUADO AIRFIELD","target_location":"COSENZA","target_country":"ITALY","total_tons":0.0}},{"type":"Feature","geometry":{"type":"LineString","coordinates":[[14.4,40.9167],[13.95,41.52]]},"properties":{"mission_id":24713,"date":"1943-12-08","theater":"MTO","aircraft":"North American A-36 Apache (Invader)","takeoff_base":"POMIGLIANO AIRFIELD","target_location":"VITICUSO","target_country":"ITALY","total_tons":24.0}},{"type":"Feature","geometry":{"type":"LineString","coordinates":[[14.4,40.9167],[13.43,42.03]]},"properties":{"mission_id":24715,"date":"1943-12-08","theater":"MTO","aircraft":"North American A-36 Apache (Invader)","takeoff_base":"POMIGLIANO AIRFIELD","target_location":"AVEZZANO","target_country":"ITALY","total_tons":20.0}},{"type":"Feature","geometry":{"type":"LineString","coordinates":[[14.4,40.9167],[13.37,41.63]]},"properties":{"mission_id":24717,"date":"1943-12-08","theater":"MTO","aircraft":"North American A-36 Apache (Invader)","takeoff_base":"POMIGLIANO AIRFIELD","target_location":"FROSINONE","target_country":"ITALY","total_tons":6.0}},{"type":"Feature","geometry":{"type":"LineString","coordinates":[[14.4,40.9167],[13.37,41.63]]},"properties":{"mission_id":24718,"date":"1943-12-08","theater":"MTO","aircraft":"North American A-36 Apache (Invader)","takeoff_base":"POMIGLIANO AIRFIELD","target_location":"FROSINONE","target_country":"ITALY","total_tons":6.0}},{"type":"Feature","geometry":{"type":"LineString","coordinates":[[14.4,40.9167],[13.43,42.03]]},"properties":{"mission_id":24720,"date":"1943-12-08","theater":"MTO","aircraft":"North American A-36 Apache (Invader)","takeoff_base":"POMIGLIANO AIRFIELD","target_location":"AVEZZANO","target_country":"ITALY","total_tons":5.5}},{"type":"Feature","geometry":{"type":"LineString","coordinates":[[14.9125,40.62],[13.53,38.1]]},"properties":{"mission_id":24722,"date":"1943-12-08","theater":"MTO","aircraft":"North American A-36 Apache (Invader)","takeoff_base":"GUADO AIRFIELD","target_location":"SANT ELIA","target_country":"ITALY","total_tons":2.0}},{"type":"Feature","geometry":{"type":"LineString","coordinates":[[14.4,40.9167],[13.43,42.03]]},"properties":{"mission_id":24768,"date":"1943-12-09","theater":"MTO","aircraft":"North American A-36 Apache (Invader)","takeoff_base":"POMIGLIANO AIRFIELD","target_location":"AVEZZANO","target_country":"ITALY","total_tons":35.5}},{"type":"Feature","geometry":{"type":"LineString","coordinates":[[14.4,40.9167],[12.8,41.97]]},"properties":{"mission_id":24769,"date":"1943-12-09","theater":"MTO","aircraft":"North American A-36 Apache (Invader)","takeoff_base":"POMIGLIANO AIRFIELD","target_location":"TIVOLI","target_country":"ITALY","total_tons":28.0}},{"type":"Feature","geometry":{"type":"LineString","coordinates":[[14.9125,40.62],[13.53,38.1]]},"properties":{"mission_id":24772,"date":"1943-12-09","theater":"MTO","aircraft":"North American A-36 Apache (Invader)","takeoff_base":"GUADO AIRFIELD","target_location":"SANT ELIA","target_country":"ITALY","total_tons":6.0}},{"type":"Feature","geometry":{"type":"LineString","coordinates":[[14.4,40.9167],[13.43,42.03]]},"properties":{"mission_id":24773,"date":"1943-12-09","theater":"MTO","aircraft":"North American A-36 Apache (Invader)","takeoff_base":"POMIGLIANO AIRFIELD","target_location":"AVEZZANO","target_country":"ITALY","total_tons":6.0}},{"type":"Feature","geometry":{"type":"LineString","coordinates":[[14.4,40.9167],[13.43,42.03]]},"properties":{"mission_id":24778,"date":"1943-12-09","theater":"MTO","aircraft":"North American A-36 Apache (Invader)","takeoff_base":"POMIGLIANO AIRFIELD","target_location":"AVEZZANO","target_country":"ITALY","total_tons":5.5}},{"type":"Feature","geometry":{"type":"LineString","coordinates":[[14.4,40.9167],[12.8,41.97]]},"properties":{"mission_id":24779,"date":"1943-12-09","theater":"MTO","aircraft":"North American A-36 Apache (Invader)","takeoff_base":"POMIGLIANO AIRFIELD","target_location":"TIVOLI","target_country":"ITALY","total_tons":5.0}},{"type":"Feature","geometry":{"type":"LineString","coordinates":[[14.4,40.9167],[11.78,42.1]]},"properties":{"mission_id":24780,"date":"1943-12-09","theater":"MTO","aircraft":"North American A-36 Apache (Invader)","takeoff_base":"POMIGLIANO AIRFIELD","target_location":"CIVITAVECCHIA","target_country":"ITALY","total_tons":4.5}},{"type":"Feature","geometry":{"type":"LineString","coordinates":[[14.4,40.9167],[11.13,45.25]]},"properties":{"mission_id":24783,"date":"1943-12-09","theater":"MTO","aircraft":"North American A-36 Apache (Invader)","takeoff_base":"POMIGLIANO AIRFIELD","target_location":"SAN PIETRO","target_country":"ITALY","total_tons":3.0}},{"type":"Feature","geometry":{"type":"LineString","coordinates":[[155.3839,-6.2444],[155.3833,-5.9667]]},"properties":{"mission_id":25033,"date":"1943-12-10","theater":"PTO","aircraft":"PV-1 Lockeed Ventura","takeoff_base":"BOUGAINVILLE ISLAND","target_location":"ARIGUA PLANTATION","target_country":null,"total_tons":9.0}},{"type":"Feature","geometry":{"type":"LineString","coordinates":[[14.4,40.9167],[11.78,42.1]]},"properties":{"mission_id":25034,"date":"1943-12-10","theater":"MTO","aircraft":"North American A-36 Apache (Invader)","takeoff_base":"POMIGLIANO AIRFIELD","target_location":"CIVITAVECCHIA","target_country":"ITALY","total_tons":8.75}},{"type":"Feature","geometry":{"type":"LineString","coordinates":[[14.4,40.9167],[13.8,41.62]]},"properties":{"mission_id":25035,"date":"1943-12-10","theater":"MTO","aircraft":"North American A-36 Apache (Invader)","takeoff_base":"POMIGLIANO AIRFIELD","target_location":"ATINA","target_country":"ITALY","total_tons":6.0}},{"type":"Feature","geometry":{"type":"LineString","coordinates":[[14.4,40.9167],[13.95,41.55]]},"properties":{"mission_id":25037,"date":"1943-12-10","theater":"MTO","aircraft":"North American A-36 Apache (Invader)","takeoff_base":"POMIGLIANO AIRFIELD","target_location":"AQUA FONDALA (AQUAFONDATA)","target_country":"ITALY","total_tons":5.5}},{"type":"Feature","geometry":{"type":"LineString","coordinates":[[14.9125,40.62],[16.25,39.27]]},"properties":{"mission_id":25064,"date":"1943-12-11","theater":"MTO","aircraft":"North American A-36 Apache (Invader)","takeoff_base":"GUADO AIRFIELD","target_location":"COSENZA","target_country":"ITALY","total_tons":30.0}},{"type":"Feature","geometry":{"type":"LineString","coordinates":[[14.4,40.9167],[13.6,41.6]]},"properties":{"mission_id":25065,"date":"1943-12-11","theater":"MTO","aircraft":"North American A-36 Apache (Invader)","takeoff_base":"POMIGLIANO AIRFIELD","target_location":"ARCE","target_country":"ITALY","total_tons":24.0}},{"type":"Feature","geometry":{"type":"LineString","coordinates":[[14.4,40.9167],[12.35,41.8]]},"properties":{"mission_id":25070,"date":"1943-12-11","theater":"MTO","aircraft":"North American A-36 Apache (Invader)","takeoff_base":"POMIGLIANO AIRFIELD","target_location":"PONTE GALERA","target_country":"ITALY","total_tons":6.0}},{"type":"Feature","geometry":{"type":"LineString","coordinates":[[14.4,40.9167],[13.83,41.45]]},"properties":{"mission_id":25071,"date":"1943-12-11","theater":"MTO","aircraft":"North American A-36 Apache (Invader)","takeoff_base":"POMIGLIANO AIRFIELD","target_location":"S ANGELO","target_country":"ITALY","total_tons":6.0}},{"type":"Feature","geometry":{"type":"LineString","coordinates":[[14.4,40.9167],[13.67,41.45]]},"properties":{"mission_id":25072,"date":"1943-12-11","theater":"MTO","aircraft":"North American A-36 Apache (Invader)","takeoff_base":"POMIGLIANO AIRFIELD","target_location":"PONTECORVO","target_country":"ITALY","total_tons":6.0}},{"type":"Feature","geometry":{"type":"LineString","coordinates":[[14.4,40.9167],[13.6,41.6]]},"properties":{"mission_id":25073,"date":"1943-12-11","theater":"MTO","aircraft":"North American A-36 Apache (Invader)","takeoff_base":"POMIGLIANO AIRFIELD","target_location":"ARCE","target_country":"ITALY","total_tons":6.0}},{"type":"Feature","geometry":{"type":"LineString","coordinates":[[14.4,40.9167],[11.4,44.75]]},"properties":{"mission_id":25079,"date":"1943-12-11","theater":"MTO","aircraft":"North American A-36 Apache (Invader)","takeoff_base":"POMIGLIANO AIRFIELD","target_location":"GALLIERA","target_country":"ITALY","total_tons":3.0}},{"type":"Feature","geometry":{"type":"LineString","coordinates":[[14.4,40.9167],[13.53,41.28]]},"properties":{"mission_id":25352,"date":"1943-12-12","theater":"MTO","aircraft":"North American A-36 Apache (Invader)","takeoff_base":"POMIGLIANO AIRFIELD","target_location":"ITRI","target_country":"ITALY","total_tons":10.5}},{"type":"Feature","geometry":{"type":"LineString","coordinates":[[14.4,40.9167],[13.8,41.62]]},"properties":{"mission_id":25392,"date":"1943-12-13","theater":"MTO","aircraft":"North American A-36 Apache (Invader)","takeoff_base":"POMIGLIANO AIRFIELD","target_location":"ATINA","target_country":"ITALY","total_tons":29.5}},{"type":"Feature","geometry":{"type":"LineString","coordinates":[[14.4,40.9167],[13.67,41.45]]},"properties":{"mission_id":25396,"date":"1943-12-13","theater":"MTO","aircraft":"North American A-36 Apache (Invader)","takeoff_base":"POMIGLIANO AIRFIELD","target_location":"PONTECORVO","target_country":"ITALY","total_tons":17.5}},{"type":"Feature","geometry":{"type":"LineString","coordinates":[[14.4,40.9167],[13.95,41.55]]},"properties":{"mission_id":25606,"date":"1943-12-13","theater":"MTO","aircraft":"North American A-36 Apache (Invader)","takeoff_base":"POMIGLIANO AIRFIELD","target_location":"AQUA FONDALA (AQUAFONDATA)","target_country":"ITALY","total_tons":6.0}},{"type":"Feature","geometry":{"type":"LineString","coordinates":[[14.4,40.9167],[11.78,42.1]]},"properties":{"mission_id":25611,"date":"1943-12-13","theater":"MTO","aircraft":"North American A-36 Apache (Invader)","takeoff_base":"POMIGLIANO AIRFIELD","target_location":"CIVITAVECCHIA","target_country":"ITALY","total_tons":3.0}},{"type":"Feature","geometry":{"type":"LineString","coordinates":[[14.4,40.9167],[11.78,42.1]]},"properties":{"mission_id":25613,"date":"1943-12-13","theater":"MTO","aircraft":"North American A-36 Apache (Invader)","takeoff_base":"POMIGLIANO AIRFIELD","target_location":"CIVITAVECCHIA","target_country":"ITALY","total_tons":2.75}},{"type":"Feature","geometry":{"type":"LineString","coordinates":[[14.4,40.9167],[12.95,41.77]]},"properties":{"mission_id":25942,"date":"1943-12-14","theater":"MTO","aircraft":"North American A-36 Apache (Invader)","takeoff_base":"POMIGLIANO AIRFIELD","target_location":"VALMONTONE","target_country":"ITALY","total_tons":27.5}},{"type":"Feature","geometry":{"type":"LineString","coordinates":[[14.4,40.9167],[13.62,41.7]]},"properties":{"mission_id":25945,"date":"1943-12-14","theater":"MTO","aircraft":"North American A-36 Apache (Invader)","takeoff_base":"POMIGLIANO AIRFIELD","target_location":"SORA","target_country":"ITALY","total_tons":17.0}},{"type":"Feature","geometry":{"type":"LineString","coordinates":[[14.4,40.9167],[13.62,41.7]]},"properties":{"mission_id":25956,"date":"1943-12-14","theater":"MTO","aircraft":"North American A-36 Apache (Invader)","takeoff_base":"POMIGLIANO AIRFIELD","target_location":"SORA","target_country":"ITALY","total_tons":10.5}},{"type":"Feature","geometry":{"type":"LineString","coordinates":[[14.4,40.9167],[13.9,41.43]]},"properties":{"mission_id":25966,"date":"1943-12-14","theater":"MTO","aircraft":"North American A-36 Apache (Invader)","takeoff_base":"POMIGLIANO AIRFIELD","target_location":"MONTE PORCHIA","target_country":"ITALY","total_tons":6.0}},{"type":"Feature","geometry":{"type":"LineString","coordinates":[[14.4,40.9167],[13.53,41.55]]},"properties":{"mission_id":25967,"date":"1943-12-14","theater":"MTO","aircraft":"North American A-36 Apache (Invader)","takeoff_base":"POMIGLIANO AIRFIELD","target_location":"CEPRANO","target_country":"ITALY","total_tons":6.0}},{"type":"Feature","geometry":{"type":"LineString","coordinates":[[14.4,40.9167],[13.53,41.55]]},"properties":{"mission_id":25968,"date":"1943-12-14","theater":"MTO","aircraft":"North American A-36 Apache (Invader)","takeoff_base":"POMIGLIANO AIRFIELD","target_location":"CEPRANO","target_country":"ITALY","total_tons":6.0}},{"type":"Feature","geometry":{"type":"LineString","coordinates":[[14.4,40.9167],[11.78,42.1]]},"properties":{"mission_id":25973,"date":"1943-12-14","theater":"MTO","aircraft":"North American A-36 Apache (Invader)","takeoff_base":"POMIGLIANO AIRFIELD","target_location":"CIVITAVECCHIA","target_country":"ITALY","total_tons":2.5}},{"type":"Feature","geometry":{"type":"LineString","coordinates":[[14.4,40.9167],[11.78,42.1]]},"properties":{"mission_id":25974,"date":"1943-12-14","theater":"MTO","aircraft":"North American A-36 Apache (Invader)","takeoff_base":"POMIGLIANO AIRFIELD","target_location":"CIVITAVECCHIA","target_country":"ITALY","total_tons":2.5}},{"type":"Feature","geometry":{"type":"LineString","coordinates":[[14.4,40.9167],[13.9,41.47]]},"properties":{"mission_id":26230,"date":"1943-12-15","theater":"MTO","aircraft":"North American A-36 Apache (Invader)","takeoff_base":"POMIGLIANO AIRFIELD","target_location":"CERVARO","target_country":"ITALY","total_tons":32.0}},{"type":"Feature","geometry":{"type":"LineString","coordinates":[[14.4,40.9167],[13.62,41.7]]},"properties":{"mission_id":26231,"date":"1943-12-15","theater":"MTO","aircraft":"North American A-36 Apache (Invader)","takeoff_base":"POMIGLIANO AIRFIELD","target_location":"SORA","target_country":"ITALY","total_tons":21.0}},{"type":"Feature","geometry":{"type":"LineString","coordinates":[[14.4,40.9167],[13.62,41.7]]},"properties":{"mission_id":26240,"date":"1943-12-15","theater":"MTO","aircraft":"North American A-36 Apache (Invader)","takeoff_base":"POMIGLIANO AIRFIELD","target_location":"SORA","target_country":"ITALY","total_tons":5.0}},{"type":"Feature","geometry":{"type":"LineString","coordinates":[[14.4,40.9167],[14.33,41.17]]},"properties":{"mission_id":26295,"date":"1943-12-16","theater":"MTO","aircraft":"North American A-36 Apache (Invader)","takeoff_base":"POMIGLIANO AIRFIELD","target_location":"CARDITO","target_country":"ITALY","total_tons":21.5}},{"type":"Feature","geometry":{"type":"LineString","coordinates":[[155.3839,-6.2444],[155.0833,-6.5833]]},"properties":{"mission_id":26506,"date":"1943-12-16","theater":"PTO","aircraft":"PV-1 Lockeed Ventura","takeoff_base":"BOUGAINVILLE ISLAND","target_location":"MOTUPENA POINT","target_country":"SOLOMON ISLANDS","total_tons":6.0}},{"type":"Feature","geometry":{"type":"LineString","coordinates":[[14.4,40.9167],[11.78,42.1]]},"properties":{"mission_id":26509,"date":"1943-12-16","theater":"MTO","aircraft":"North American A-36 Apache (Invader)","takeoff_base":"POMIGLIANO AIRFIELD","target_location":"CIVITAVECCHIA","target_country":"ITALY","total_tons":3.0}},{"type":"Feature","geometry":{"type":"LineString","coordinates":[[14.4,40.9167],[11.78,42.1]]},"properties":{"mission_id":26513,"date":"1943-12-16","theater":"MTO","aircraft":"North American A-36 Apache (Invader)","takeoff_base":"POMIGLIANO AIRFIELD","target_location":"CIVITAVECCHIA","target_country":"ITALY","total_tons":2.5}},{"type":"Feature","geometry":{"type":"LineString","coordinates":[[14.4,40.9167],[13.9,41.47]]},"properties":{"mission_id":26852,"date":"1943-12-17","theater":"MTO","aircraft":"North American A-36 Apache (Invader)","takeoff_base":"POMIGLIANO AIRFIELD","target_location":"CERVARO","target_country":"ITALY","total_tons":30.0}},{"type":"Feature","geometry":{"type":"LineString","coordinates":[[14.4,40.9167],[11.78,42.1]]},"properties":{"mission_id":26854,"date":"1943-12-17","theater":"MTO","aircraft":"North American A-36 Apache (Invader)","takeoff_base":"POMIGLIANO AIRFIELD","target_location":"CIVITAVECCHIA","target_country":"ITALY","total_tons":6.0}},{"type":"Feature","geometry":{"type":"LineString","coordinates":[[14.4,40.9167],[13.88,41.47]]},"properties":{"mission_id":26864,"date":"1943-12-17","theater":"MTO","aircraft":"North American A-36 Apache (Invader)","takeoff_base":"POMIGLIANO AIRFIELD","target_location":"MONTE TROCCHIO","target_country":"ITALY","total_tons":0.0}},{"type":"Feature","geometry":{"type":"LineString","coordinates":[[14.4,40.9167],[14.33,41.17]]},"properties":{"mission_id":26865,"date":"1943-12-17","theater":"MTO","aircraft":"North American A-36 Apache (Invader)","takeoff_base":"POMIGLIANO AIRFIELD","target_location":"CARDITO","target_country":"ITALY","total_tons":0.0}},{"type":"Feature","geometry":{"type":"LineString","coordinates":[[14.4,40.9167],[13.95,41.52]]},"properties":{"mission_id":26887,"date":"1943-12-18","theater":"MTO","aircraft":"North American A-36 Apache (Invader)","takeoff_base":"POMIGLIANO AIRFIELD","target_location":"VITICUSO","target_country":"ITALY","total_tons":18.0}},{"type":"Feature","geometry":{"type":"LineString","coordinates":[[14.4,40.9167],[13.88,41.47]]},"properties":{"mission_id":26895,"date":"1943-12-18","theater":"MTO","aircraft":"North American A-36 Apache (Invader)","takeoff_base":"POMIGLIANO AIRFIELD","target_location":"MONTE TROCCHIO","target_country":"ITALY","total_tons":12.5}},{"type":"Feature","geometry":{"type":"LineString","coordinates":[[14.4,40.9167],[13.88,41.53]]},"properties":{"mission_id":27104,"date":"1943-12-18","theater":"MTO","aircraft":"North American A-36 Apache (Invader)","takeoff_base":"POMIGLIANO AIRFIELD","target_location":"SANTA ELIA","target_country":"ITALY","total_tons":6.0}},{"type":"Feature","geometry":{"type":"LineString","coordinates":[[14.4,40.9167],[13.88,41.47]]},"properties":{"mission_id":27105,"date":"1943-12-18","theater":"MTO","aircraft":"North American A-36 Apache (Invader)","takeoff_base":"POMIGLIANO AIRFIELD","target_location":"MONTE TROCCHIO","target_country":"ITALY","total_tons":6.0}},{"type":"Feature","geometry":{"type":"LineString","coordinates":[[14.4,40.9167],[11.78,42.1]]},"properties":{"mission_id":27110,"date":"1943-12-18","theater":"MTO","aircraft":"North American A-36 Apache (Invader)","takeoff_base":"POMIGLIANO AIRFIELD","target_location":"CIVITAVECCHIA","target_country":"ITALY","total_tons":3.0}},{"type":"Feature","geometry":{"type":"LineString","coordinates":[[14.4,40.9167],[11.78,42.1]]},"properties":{"mission_id":27111,"date":"1943-12-18","theater":"MTO","aircraft":"North American A-36 Apache (Invader)","takeoff_base":"POMIGLIANO AIRFIELD","target_location":"CIVITAVECCHIA","target_country":"ITALY","total_tons":3.0}},{"type":"Feature","geometry":{"type":"LineString","coordinates":[[14.4,40.9167],[13.6,41.6]]},"properties":{"mission_id":27154,"date":"1943-12-19","theater":"MTO","aircraft":"North American A-36 Apache (Invader)","takeoff_base":"POMIGLIANO AIRFIELD","target_location":"ARCE","target_country":"ITALY","total_tons":19.0}},{"type":"Feature","geometry":{"type":"LineString","coordinates":[[14.4,40.9167],[11.78,42.1]]},"properties":{"mission_id":27159,"date":"1943-12-19","theater":"MTO","aircraft":"North American A-36 Apache (Invader)","takeoff_base":"POMIGLIANO AIRFIELD","target_location":"CIVITAVECCHIA","target_country":"ITALY","total_tons":14.0}},{"type":"Feature","geometry":{"type":"LineString","coordinates":[[14.4,40.9167],[13.6,41.6]]},"properties":{"mission_id":27174,"date":"1943-12-19","theater":"MTO","aircraft":"North American A-36 Apache (Invader)","takeoff_base":"POMIGLIANO AIRFIELD","target_location":"ARCE","target_country":"ITALY","total_tons":6.0}},{"type":"Feature","geometry":{"type":"LineString","coordinates":[[14.4,40.9167],[13.6,41.6]]},"properties":{"mission_id":27175,"date":"1943-12-19","theater":"MTO","aircraft":"North American A-36 Apache (Invader)","takeoff_base":"POMIGLIANO AIRFIELD","target_location":"ARCE","target_country":"ITALY","total_tons":6.0}},{"type":"Feature","geometry":{"type":"LineString","coordinates":[[14.9125,40.62],[16.25,39.27]]},"properties":{"mission_id":27176,"date":"1943-12-19","theater":"MTO","aircraft":"North American A-36 Apache (Invader)","takeoff_base":"GUADO AIRFIELD","target_location":"COSENZA","target_country":"ITALY","total_tons":6.0}},{"type":"Feature","geometry":{"type":"LineString","coordinates":[[14.4,40.9167],[9.12,45.13]]},"properties":{"mission_id":27181,"date":"1943-12-19","theater":"MTO","aircraft":"North American A-36 Apache (Invader)","takeoff_base":"POMIGLIANO AIRFIELD","target_location":"CAVA","target_country":"ITALY","total_tons":2.0}},{"type":"Feature","geometry":{"type":"LineString","coordinates":[[14.4,40.9167],[9.12,45.13]]},"properties":{"mission_id":27182,"date":"1943-12-19","theater":"MTO","aircraft":"North American A-36 Apache (Invader)","takeoff_base":"POMIGLIANO AIRFIELD","target_location":"CAVA","target_country":"ITALY","total_tons":2.0}},{"type":"Feature","geometry":{"type":"LineString","coordinates":[[14.4,40.9167],[12.47,41.9]]},"properties":{"mission_id":27468,"date":"1943-12-20","theater":"MTO","aircraft":"North American A-36 Apache (Invader)","takeoff_base":"POMIGLIANO AIRFIELD","target_location":"ROME","target_country":"ITALY","total_tons":16.0}},{"type":"Feature","geometry":{"type":"LineString","coordinates":[[14.4,40.9167],[11.78,42.1]]},"properties":{"mission_id":27499,"date":"1943-12-20","theater":"MTO","aircraft":"North American A-36 Apache (Invader)","takeoff_base":"POMIGLIANO AIRFIELD","target_location":"CIVITAVECCHIA","target_country":"ITALY","total_tons":1.0}},{"type":"Feature","geometry":{"type":"LineString","coordinates":[[14.9125,40.62],[16.25,39.27]]},"properties":{"mission_id":28031,"date":"1943-12-21","theater":"MTO","aircraft":"North American A-36 Apache (Invader)","takeoff_base":"GUADO AIRFIELD","target_location":"COSENZA","target_country":"ITALY","total_tons":34.5}},{"type":"Feature","geometry":{"type":"LineString","coordinates":[[14.4,40.9167],[11.78,42.1]]},"properties":{"mission_id":28049,"date":"1943-12-21","theater":"MTO","aircraft":"North American A-36 Apache (Invader)","takeoff_base":"POMIGLIANO AIRFIELD","target_location":"CIVITAVECCHIA","target_country":"ITALY","total_tons":6.75}},{"type":"Feature","geometry":{"type":"LineString","coordinates":[[14.4,40.9167],[13.0,41.72]]},"properties":{"mission_id":28050,"date":"1943-12-21","theater":"MTO","aircraft":"North American A-36 Apache (Invader)","takeoff_base":"POMIGLIANO AIRFIELD","target_location":"COLLEFERRO","target_country":"ITALY","total_tons":6.0}},{"type":"Feature","geometry":{"type":"LineString","coordinates":[[14.4,40.9167],[13.0,41.72]]},"properties":{"mission_id":28051,"date":"1943-12-21","theater":"MTO","aircraft":"North American A-36 Apache (Invader)","takeoff_base":"POMIGLIANO AIRFIELD","target_location":"COLLEFERRO","target_country":"ITALY","total_tons":6.0}},{"type":"Feature","geometry":{"type":"LineString","coordinates":[[14.4,40.9167],[13.9,41.47]]},"properties":{"mission_id":28052,"date":"1943-12-21","theater":"MTO","aircraft":"North American A-36 Apache (Invader)","takeoff_base":"POMIGLIANO AIRFIELD","target_location":"CERVARO","target_country":"ITALY","total_tons":6.0}},{"type":"Feature","geometry":{"type":"LineString","coordinates":[[14.4,40.9167],[13.67,41.45]]},"properties":{"mission_id":29158,"date":"1943-12-25","theater":"MTO","aircraft":"North American A-36 Apache (Invader)","takeoff_base":"POMIGLIANO AIRFIELD","target_location":"PONTECORVO","target_country":"ITALY","total_tons":8.0}},{"type":"Feature","geometry":{"type":"LineString","coordinates":[[14.4,40.9167],[11.78,42.1]]},"properties":{"mission_id":29444,"date":"1943-12-27","theater":"MTO","aircraft":"North American A-36 Apache (Invader)","takeoff_base":"POMIGLIANO AIRFIELD","target_location":"CIVITAVECCHIA","target_country":"ITALY","total_tons":11.75}},{"type":"Feature","geometry":{"type":"LineString","coordinates":[[14.4,40.9167],[13.8,41.62]]},"properties":{"mission_id":29445,"date":"1943-12-27","theater":"MTO","aircraft":"North American A-36 Apache (Invader)","takeoff_base":"POMIGLIANO AIRFIELD","target_location":"ATINA","target_country":"ITALY","total_tons":11.5}},{"type":"Feature","geometry":{"type":"LineString","coordinates":[[14.4,40.9167],[11.78,42.1]]},"properties":{"mission_id":29454,"date":"1943-12-27","theater":"MTO","aircraft":"North American A-36 Apache (Invader)","takeoff_base":"POMIGLIANO AIRFIELD","target_location":"CIVITAVECCHIA","target_country":"ITALY","total_tons":4.0}},{"type":"Feature","geometry":{"type":"LineString","coordinates":[[14.4,40.9167],[13.28,41.68]]},"properties":{"mission_id":29481,"date":"1943-12-28","theater":"MTO","aircraft":"North American A-36 Apache (Invader)","takeoff_base":"POMIGLIANO AIRFIELD","target_location":"FERENTINO","target_country":"ITALY","total_tons":24.0}},{"type":"Feature","geometry":{"type":"LineString","coordinates":[[14.4,40.9167],[12.6,41.8]]},"properties":{"mission_id":29482,"date":"1943-12-28","theater":"MTO","aircraft":"North American A-36 Apache (Invader)","takeoff_base":"POMIGLIANO AIRFIELD","target_location":"CIAMPINO","target_country":"ITALY","total_tons":18.0}},{"type":"Feature","geometry":{"type":"LineString","coordinates":[[14.4,40.9167],[11.78,42.1]]},"properties":{"mission_id":29497,"date":"1943-12-28","theater":"MTO","aircraft":"North American A-36 Apache (Invader)","takeoff_base":"POMIGLIANO AIRFIELD","target_location":"CIVITAVECCHIA","target_country":"ITALY","total_tons":6.0}},{"type":"Feature","geometry":{"type":"LineString","coordinates":[[14.4,40.9167],[13.28,41.68]]},"properties":{"mission_id":29760,"date":"1943-12-29","theater":"MTO","aircraft":"North American A-36 Apache (Invader)","takeoff_base":"POMIGLIANO AIRFIELD","target_location":"FERENTINO","target_country":"ITALY","total_tons":6.0}},{"type":"Feature","geometry":{"type":"LineString","coordinates":[[14.4,40.9167],[11.78,42.1]]},"properties":{"mission_id":29765,"date":"1943-12-29","theater":"MTO","aircraft":"North American A-36 Apache (Invader)","takeoff_base":"POMIGLIANO AIRFIELD","target_location":"CIVITAVECCHIA","target_country":"ITALY","total_tons":3.0}},{"type":"Feature","geometry":{"type":"LineString","coordinates":[[14.4,40.9167],[11.78,42.1]]},"properties":{"mission_id":29766,"date":"1943-12-29","theater":"MTO","aircraft":"North American A-36 Apache (Invader)","takeoff_base":"POMIGLIANO AIRFIELD","target_location":"CIVITAVECCHIA","target_country":"ITALY","total_tons":2.5}},{"type":"Feature","geometry":{"type":"LineString","coordinates":[[14.4,40.9167],[13.88,41.53]]},"properties":{"mission_id":30010,"date":"1943-12-30","theater":"MTO","aircraft":"North American A-36 Apache (Invader)","takeoff_base":"POMIGLIANO AIRFIELD","target_location":"SANTA ELIA","target_country":"ITALY","total_tons":35.0}},{"type":"Feature","geometry":{"type":"LineString","coordinates":[[14.4,40.9167],[13.8,41.62]]},"properties":{"mission_id":30011,"date":"1943-12-30","theater":"MTO","aircraft":"North American A-36 Apache (Invader)","takeoff_base":"POMIGLIANO AIRFIELD","target_location":"ATINA","target_country":"ITALY","total_tons":24.0}},{"type":"Feature","geometry":{"type":"LineString","coordinates":[[14.4,40.9167],[13.8,41.62]]},"properties":{"mission_id":30025,"date":"1943-12-30","theater":"MTO","aircraft":"North American A-36 Apache (Invader)","takeoff_base":"POMIGLIANO AIRFIELD","target_location":"ATINA","target_country":"ITALY","total_tons":6.0}},{"type":"Feature","geometry":{"type":"LineString","coordinates":[[14.4,40.9167],[13.28,41.68]]},"properties":{"mission_id":30026,"date":"1943-12-30","theater":"MTO","aircraft":"North American A-36 Apache (Invader)","takeoff_base":"POMIGLIANO AIRFIELD","target_location":"FERENTINO","target_country":"ITALY","total_tons":6.0}},{"type":"Feature","geometry":{"type":"LineString","coordinates":[[14.4,40.9167],[13.37,41.63]]},"properties":{"mission_id":30029,"date":"1943-12-30","theater":"MTO","aircraft":"North American A-36 Apache (Invader)","takeoff_base":"POMIGLIANO AIRFIELD","target_location":"FROSINONE","target_country":"ITALY","total_tons":5.0}},{"type":"Feature","geometry":{"type":"LineString","coordinates":[[14.9125,40.62],[13.53,38.1]]},"properties":{"mission_id":30034,"date":"1943-12-30","theater":"MTO","aircraft":"North American A-36 Apache (Invader)","takeoff_base":"GUADO AIRFIELD","target_location":"SANT ELIA","target_country":"ITALY","total_tons":3.0}},{"type":"Feature","geometry":{"type":"LineString","coordinates":[[14.4,40.9167],[13.37,41.63]]},"properties":{"mission_id":30360,"date":"1943-12-31","theater":"MTO","aircraft":"North American A-36 Apache (Invader)","takeoff_base":"POMIGLIANO AIRFIELD","target_location":"FROSINONE","target_country":"ITALY","total_tons":6.0}},{"type":"Feature","geometry":{"type":"LineString","coordinates":[[14.4,40.9167],[13.0,41.72]]},"properties":{"mission_id":30929,"date":"1944-01-02","theater":"MTO","aircraft":"North American A-36 Apache (Invader)","takeoff_base":"POMIGLIANO AIRFIELD","target_location":"COLLEFERRO","target_country":"ITALY","total_tons":34.0}},{"type":"Feature","geometry":{"type":"LineString","coordinates":[[14.4,40.9167],[13.33,41.55]]},"properties":{"mission_id":30947,"date":"1944-01-02","theater":"MTO","aircraft":"North American A-36 Apache (Invader)","takeoff_base":"POMIGLIANO AIRFIELD","target_location":"CECCANO","target_country":"ITALY","total_tons":6.0}},{"type":"Feature","geometry":{"type":"LineString","coordinates":[[14.4,40.9167],[8.83,39.08]]},"properties":{"mission_id":30954,"date":"1944-01-02","theater":"MTO","aircraft":"North American A-36 Apache (Invader)","takeoff_base":"POMIGLIANO AIRFIELD","target_location":"SEVERA","target_country":"ITALY","total_tons":3.0}},{"type":"Feature","geometry":{"type":"LineString","coordinates":[[14.4,40.9167],[11.78,42.1]]},"properties":{"mission_id":30956,"date":"1944-01-02","theater":"MTO","aircraft":"North American A-36 Apache (Invader)","takeoff_base":"POMIGLIANO AIRFIELD","target_location":"CIVITAVECCHIA","target_country":"ITALY","total_tons":2.0}},{"type":"Feature","geometry":{"type":"LineString","coordinates":[[14.4,40.9167],[13.0,41.72]]},"properties":{"mission_id":30995,"date":"1944-01-03","theater":"MTO","aircraft":"North American A-36 Apache (Invader)","takeoff_base":"POMIGLIANO AIRFIELD","target_location":"COLLEFERRO","target_country":"ITALY","total_tons":17.0}},{"type":"Feature","geometry":{"type":"LineString","coordinates":[[14.4,40.9167],[11.78,42.1]]},"properties":{"mission_id":31211,"date":"1944-01-03","theater":"MTO","aircraft":"North American A-36 Apache (Invader)","takeoff_base":"POMIGLIANO AIRFIELD","target_location":"CIVITAVECCHIA","target_country":"ITALY","total_tons":3.0}},{"type":"Feature","geometry":{"type":"LineString","coordinates":[[14.4,40.9167],[13.82,41.48]]},"properties":{"mission_id":31278,"date":"1944-01-04","theater":"MTO","aircraft":"North American A-36 Apache (Invader)","takeoff_base":"POMIGLIANO AIRFIELD","target_location":"CASSINO","target_country":"ITALY","total_tons":9.0}},{"type":"Feature","geometry":{"type":"LineString","coordinates":[[14.4,40.9167],[13.7,41.48]]},"properties":{"mission_id":31293,"date":"1944-01-04","theater":"MTO","aircraft":"North American A-36 Apache (Invader)","takeoff_base":"POMIGLIANO AIRFIELD","target_location":"AQUINO","target_country":"ITALY","total_tons":0.0}},{"type":"Feature","geometry":{"type":"LineString","coordinates":[[14.4,40.9167],[13.9,41.43]]},"properties":{"mission_id":31818,"date":"1944-01-05","theater":"MTO","aircraft":"North American A-36 Apache (Invader)","takeoff_base":"POMIGLIANO AIRFIELD","target_location":"MONTE PORCHIA","target_country":"ITALY","total_tons":34.0}},{"type":"Feature","geometry":{"type":"LineString","coordinates":[[14.4,40.9167],[13.9,41.47]]},"properties":{"mission_id":32144,"date":"1944-01-06","theater":"MTO","aircraft":"North American A-36 Apache (Invader)","takeoff_base":"POMIGLIANO AIRFIELD","target_location":"CERVARO","target_country":"ITALY","total_tons":38.5}},{"type":"Feature","geometry":{"type":"LineString","coordinates":[[14.4,40.9167],[12.47,41.9]]},"properties":{"mission_id":32145,"date":"1944-01-06","theater":"MTO","aircraft":"North American A-36 Apache (Invader)","takeoff_base":"POMIGLIANO AIRFIELD","target_location":"ROME","target_country":"ITALY","total_tons":33.0}},{"type":"Feature","geometry":{"type":"LineString","coordinates":[[14.4,40.9167],[13.88,41.47]]},"properties":{"mission_id":32147,"date":"1944-01-06","theater":"MTO","aircraft":"North American A-36 Apache (Invader)","takeoff_base":"POMIGLIANO AIRFIELD","target_location":"MONTE TROCCHIO","target_country":"ITALY","total_tons":17.0}},{"type":"Feature","geometry":{"type":"LineString","coordinates":[[14.4,40.9167],[13.7,41.48]]},"properties":{"mission_id":32151,"date":"1944-01-06","theater":"MTO","aircraft":"North American A-36 Apache (Invader)","takeoff_base":"POMIGLIANO AIRFIELD","target_location":"AQUINO","target_country":"ITALY","total_tons":7.5}},{"type":"Feature","geometry":{"type":"LineString","coordinates":[[14.4,40.9167],[11.78,42.1]]},"properties":{"mission_id":32152,"date":"1944-01-06","theater":"MTO","aircraft":"North American A-36 Apache (Invader)","takeoff_base":"POMIGLIANO AIRFIELD","target_location":"CIVITAVECCHIA","target_country":"ITALY","total_tons":5.25}},{"type":"Feature","geometry":{"type":"LineString","coordinates":[[14.4,40.9167],[13.82,41.48]]},"properties":{"mission_id":32153,"date":"1944-01-06","theater":"MTO","aircraft":"North American A-36 Apache (Invader)","takeoff_base":"POMIGLIANO AIRFIELD","target_location":"CASSINO","target_country":"ITALY","total_tons":5.0}},{"type":"Feature","geometry":{"type":"LineString","coordinates":[[14.4,40.9167],[13.9,41.47]]},"properties":{"mission_id":32156,"date":"1944-01-06","theater":"MTO","aircraft":"North American A-36 Apache (Invader)","takeoff_base":"POMIGLIANO AIRFIELD","target_location":"CERVARO","target_country":"ITALY","total_tons":4.0}},{"type":"Feature","geometry":{"type":"LineString","coordinates":[[14.4,40.9167],[12.67,41.67]]},"properties":{"mission_id":32159,"date":"1944-01-06","theater":"MTO","aircraft":"North American A-36 Apache (Invader)","takeoff_base":"POMIGLIANO AIRFIELD","target_location":"41 40 N 012 40 E","target_country":"ITALY","total_tons":1.5}},{"type":"Feature","geometry":{"type":"LineString","coordinates":[[14.4,40.9167],[13.38,41.58]]},"properties":{"mission_id":32188,"date":"1944-01-07","theater":"MTO","aircraft":"North American A-36 Apache (Invader)","takeoff_base":"POMIGLIANO AIRFIELD","target_location":"AUSONIA","target_country":"ITALY","total_tons":23.5}},{"type":"Feature","geometry":{"type":"LineString","coordinates":[[14.4,40.9167],[12.78,41.68]]},"properties":{"mission_id":32193,"date":"1944-01-07","theater":"MTO","aircraft":"North American A-36 Apache (Invader)","takeoff_base":"POMIGLIANO AIRFIELD","target_location":"VELLETRI","target_country":"ITALY","total_tons":12.0}},{"type":"Feature","geometry":{"type":"LineString","coordinates":[[14.4,40.9167],[13.7,41.48]]},"properties":{"mission_id":32199,"date":"1944-01-07","theater":"MTO","aircraft":"North American A-36 Apache (Invader)","takeoff_base":"POMIGLIANO AIRFIELD","target_location":"AQUINO","target_country":"ITALY","total_tons":5.5}},{"type":"Feature","geometry":{"type":"LineString","coordinates":[[14.4,40.9167],[13.7,41.48]]},"properties":{"mission_id":32402,"date":"1944-01-07","theater":"MTO","aircraft":"North American A-36 Apache (Invader)","takeoff_base":"POMIGLIANO AIRFIELD","target_location":"AQUINO","target_country":"ITALY","total_tons":4.0}},{"type":"Feature","geometry":{"type":"LineString","coordinates":[[14.4,40.9167],[13.9,41.47]]},"properties":{"mission_id":32403,"date":"1944-01-07","theater":"MTO","aircraft":"North American A-36 Apache (Invader)","takeoff_base":"POMIGLIANO AIRFIELD","target_location":"CERVARO","target_country":"ITALY","total_tons":4.0}},{"type":"Feature","geometry":{"type":"LineString","coordinates":[[14.4,40.9167],[13.9,41.47]]},"properties":{"mission_id":32406,"date":"1944-01-07","theater":"MTO","aircraft":"North American A-36 Apache (Invader)","takeoff_base":"POMIGLIANO AIRFIELD","target_location":"CERVARO","target_country":"ITALY","total_tons":3.5}},{"type":"Feature","geometry":{"type":"LineString","coordinates":[[14.4,40.9167],[13.37,41.63]]},"properties":{"mission_id":32711,"date":"1944-01-08","theater":"MTO","aircraft":"North American A-36 Apache (Invader)","takeoff_base":"POMIGLIANO AIRFIELD","target_location":"FROSINONE","target_country":"ITALY","total_tons":26.0}},{"type":"Feature","geometry":{"type":"LineString","coordinates":[[14.4,40.9167],[13.25,41.27]]},"properties":{"mission_id":32726,"date":"1944-01-08","theater":"MTO","aircraft":"North American A-36 Apache (Invader)","takeoff_base":"POMIGLIANO AIRFIELD","target_location":"TERRACINA","target_country":"ITALY","total_tons":5.0}},{"type":"Feature","geometry":{"type":"LineString","coordinates":[[14.4,40.9167],[12.92,41.82]]},"properties":{"mission_id":32727,"date":"1944-01-08","theater":"MTO","aircraft":"North American A-36 Apache (Invader)","takeoff_base":"POMIGLIANO AIRFIELD","target_location":"PALESTRINA","target_country":"ITALY","total_tons":4.0}},{"type":"Feature","geometry":{"type":"LineString","coordinates":[[14.4,40.9167],[13.8,41.3]]},"properties":{"mission_id":32730,"date":"1944-01-08","theater":"MTO","aircraft":"North American A-36 Apache (Invader)","takeoff_base":"POMIGLIANO AIRFIELD","target_location":"CASTELFORTE","target_country":"ITALY","total_tons":2.0}},{"type":"Feature","geometry":{"type":"LineString","coordinates":[[14.4,40.9167],[13.88,41.43]]},"properties":{"mission_id":32796,"date":"1944-01-09","theater":"MTO","aircraft":"North American A-36 Apache (Invader)","takeoff_base":"POMIGLIANO AIRFIELD","target_location":"MT CEDRO","target_country":"ITALY","total_tons":8.0}},{"type":"Feature","geometry":{"type":"LineString","coordinates":[[14.4,40.9167],[13.88,41.43]]},"properties":{"mission_id":32797,"date":"1944-01-09","theater":"MTO","aircraft":"North American A-36 Apache (Invader)","takeoff_base":"POMIGLIANO AIRFIELD","target_location":"MT CEDRO","target_country":"ITALY","total_tons":4.0}},{"type":"Feature","geometry":{"type":"LineString","coordinates":[[14.4,40.9167],[12.47,41.9]]},"properties":{"mission_id":33043,"date":"1944-01-10","theater":"MTO","aircraft":"North American A-36 Apache (Invader)","takeoff_base":"POMIGLIANO AIRFIELD","target_location":"ROME","target_country":"ITALY","total_tons":8.0}},{"type":"Feature","geometry":{"type":"LineString","coordinates":[[14.4,40.9167],[13.62,41.7]]},"properties":{"mission_id":33094,"date":"1944-01-11","theater":"MTO","aircraft":"North American A-36 Apache (Invader)","takeoff_base":"POMIGLIANO AIRFIELD","target_location":"SORA","target_country":"ITALY","total_tons":12.0}},{"type":"Feature","geometry":{"type":"LineString","coordinates":[[14.4,40.9167],[13.62,41.7]]},"properties":{"mission_id":33095,"date":"1944-01-11","theater":"MTO","aircraft":"North American A-36 Apache (Invader)","takeoff_base":"POMIGLIANO AIRFIELD","target_location":"SORA","target_country":"ITALY","total_tons":12.0}},{"type":"Feature","geometry":{"type":"LineString","coordinates":[[14.4,40.9167],[13.18,41.62]]},"properties":{"mission_id":33647,"date":"1944-01-12","theater":"MTO","aircraft":"North American A-36 Apache (Invader)","takeoff_base":"POMIGLIANO AIRFIELD","target_location":"VILLA LATINA","target_country":"ITALY","total_tons":24.0}},{"type":"Feature","geometry":{"type":"LineString","coordinates":[[14.4,40.9167],[13.43,42.03]]},"properties":{"mission_id":33654,"date":"1944-01-12","theater":"MTO","aircraft":"North American A-36 Apache (Invader)","takeoff_base":"POMIGLIANO AIRFIELD","target_location":"AVEZZANO","target_country":"ITALY","total_tons":6.0}},{"type":"Feature","geometry":{"type":"LineString","coordinates":[[14.4,40.9167],[13.37,41.63]]},"properties":{"mission_id":33655,"date":"1944-01-12","theater":"MTO","aircraft":"North American A-36 Apache (Invader)","takeoff_base":"POMIGLIANO AIRFIELD","target_location":"FROSINONE","target_country":"ITALY","total_tons":6.0}},{"type":"Feature","geometry":{"type":"LineString","coordinates":[[14.4,40.9167],[13.18,41.62]]},"properties":{"mission_id":33656,"date":"1944-01-12","theater":"MTO","aircraft":"North American A-36 Apache (Invader)","takeoff_base":"POMIGLIANO AIRFIELD","target_location":"VILLA LATINA","target_country":"ITALY","total_tons":6.0}},{"type":"Feature","geometry":{"type":"LineString","coordinates":[[14.4,40.9167],[13.43,42.03]]},"properties":{"mission_id":33657,"date":"1944-01-12","theater":"MTO","aircraft":"North American A-36 Apache (Invader)","takeoff_base":"POMIGLIANO AIRFIELD","target_location":"AVEZZANO","target_country":"ITALY","total_tons":6.0}},{"type":"Feature","geometry":{"type":"LineString","coordinates":[[14.4,40.9167],[13.82,41.48]]},"properties":{"mission_id":33661,"date":"1944-01-12","theater":"MTO","aircraft":"North American A-36 Apache (Invader)","takeoff_base":"POMIGLIANO AIRFIELD","target_location":"CASSINO","target_country":"ITALY","total_tons":4.0}},{"type":"Feature","geometry":{"type":"LineString","coordinates":[[14.4,40.9167],[13.28,41.68]]},"properties":{"mission_id":33923,"date":"1944-01-13","theater":"MTO","aircraft":"North American A-36 Apache (Invader)","takeoff_base":"POMIGLIANO AIRFIELD","target_location":"FERENTINO","target_country":"ITALY","total_tons":17.5}},{"type":"Feature","geometry":{"type":"LineString","coordinates":[[14.4,40.9167],[13.37,41.63]]},"properties":{"mission_id":33924,"date":"1944-01-13","theater":"MTO","aircraft":"North American A-36 Apache (Invader)","takeoff_base":"POMIGLIANO AIRFIELD","target_location":"FROSINONE","target_country":"ITALY","total_tons":12.0}},{"type":"Feature","geometry":{"type":"LineString","coordinates":[[14.4,40.9167],[13.37,41.63]]},"properties":{"mission_id":33933,"date":"1944-01-13","theater":"MTO","aircraft":"North American A-36 Apache (Invader)","takeoff_base":"POMIGLIANO AIRFIELD","target_location":"FROSINONE","target_country":"ITALY","total_tons":7.5}},{"type":"Feature","geometry":{"type":"LineString","coordinates":[[14.4,40.9167],[13.37,41.63]]},"properties":{"mission_id":33934,"date":"1944-01-13","theater":"MTO","aircraft":"North American A-36 Apache (Invader)","takeoff_base":"POMIGLIANO AIRFIELD","target_location":"FROSINONE","target_country":"ITALY","total_tons":6.0}},{"type":"Feature","geometry":{"type":"LineString","coordinates":[[14.4,40.9167],[13.58,41.67]]},"properties":{"mission_id":33935,"date":"1944-01-13","theater":"MTO","aircraft":"North American A-36 Apache (Invader)","takeoff_base":"POMIGLIANO AIRFIELD","target_location":"ISOLA DOVARESE","target_country":"ITALY","total_tons":6.0}},{"type":"Feature","geometry":{"type":"LineString","coordinates":[[14.4,40.9167],[12.95,41.77]]},"properties":{"mission_id":33936,"date":"1944-01-13","theater":"MTO","aircraft":"North American A-36 Apache (Invader)","takeoff_base":"POMIGLIANO AIRFIELD","target_location":"VALMONTONE","target_country":"ITALY","total_tons":5.5}},{"type":"Feature","geometry":{"type":"LineString","coordinates":[[14.4,40.9167],[12.95,41.77]]},"properties":{"mission_id":33942,"date":"1944-01-13","theater":"MTO","aircraft":"North American A-36 Apache (Invader)","takeoff_base":"POMIGLIANO AIRFIELD","target_location":"VALMONTONE","target_country":"ITALY","total_tons":3.0}},{"type":"Feature","geometry":{"type":"LineString","coordinates":[[14.4,40.9167],[13.82,41.48]]},"properties":{"mission_id":33945,"date":"1944-01-13","theater":"MTO","aircraft":"North American A-36 Apache (Invader)","takeoff_base":"POMIGLIANO AIRFIELD","target_location":"CASSINO","target_country":"ITALY","total_tons":2.0}},{"type":"Feature","geometry":{"type":"LineString","coordinates":[[14.4,40.9167],[12.63,41.45]]},"properties":{"mission_id":33999,"date":"1944-01-14","theater":"MTO","aircraft":"North American A-36 Apache (Invader)","takeoff_base":"POMIGLIANO AIRFIELD","target_location":"ANZIO","target_country":"ITALY","total_tons":20.5}},{"type":"Feature","geometry":{"type":"LineString","coordinates":[[14.4,40.9167],[13.88,41.65]]},"properties":{"mission_id":34203,"date":"1944-01-14","theater":"MTO","aircraft":"North American A-36 Apache (Invader)","takeoff_base":"POMIGLIANO AIRFIELD","target_location":"PICINISCO","target_country":"ITALY","total_tons":15.5}},{"type":"Feature","geometry":{"type":"LineString","coordinates":[[14.4,40.9167],[13.83,41.45]]},"properties":{"mission_id":34207,"date":"1944-01-14","theater":"MTO","aircraft":"North American A-36 Apache (Invader)","takeoff_base":"POMIGLIANO AIRFIELD","target_location":"S ANGELO","target_country":"ITALY","total_tons":3.5}},{"type":"Feature","geometry":{"type":"LineString","coordinates":[[14.4,40.9167],[13.62,41.7]]},"properties":{"mission_id":34208,"date":"1944-01-14","theater":"MTO","aircraft":"North American A-36 Apache (Invader)","takeoff_base":"POMIGLIANO AIRFIELD","target_location":"SORA","target_country":"ITALY","total_tons":3.5}},{"type":"Feature","geometry":{"type":"LineString","coordinates":[[14.4,40.9167],[13.88,41.53]]},"properties":{"mission_id":34574,"date":"1944-01-15","theater":"MTO","aircraft":"North American A-36 Apache (Invader)","takeoff_base":"POMIGLIANO AIRFIELD","target_location":"SANTA ELIA","target_country":"ITALY","total_tons":11.0}},{"type":"Feature","geometry":{"type":"LineString","coordinates":[[14.4,40.9167],[13.88,41.53]]},"properties":{"mission_id":34576,"date":"1944-01-15","theater":"MTO","aircraft":"North American A-36 Apache (Invader)","takeoff_base":"POMIGLIANO AIRFIELD","target_location":"SANTA ELIA","target_country":"ITALY","total_tons":5.0}},{"type":"Feature","geometry":{"type":"LineString","coordinates":[[14.4,40.9167],[13.88,41.53]]},"properties":{"mission_id":34577,"date":"1944-01-15","theater":"MTO","aircraft":"North American A-36 Apache (Invader)","takeoff_base":"POMIGLIANO AIRFIELD","target_location":"SANTA ELIA","target_country":"ITALY","total_tons":4.0}},{"type":"Feature","geometry":{"type":"LineString","coordinates":[[14.4,40.9167],[13.88,41.65]]},"properties":{"mission_id":34578,"date":"1944-01-15","theater":"MTO","aircraft":"North American A-36 Apache (Invader)","takeoff_base":"POMIGLIANO AIRFIELD","target_location":"PICINISCO","target_country":"ITALY","total_tons":4.0}},{"type":"Feature","geometry":{"type":"LineString","coordinates":[[166.8333,-15.25],[152.05,-4.3167]]},"properties":{"mission_id":34613,"date":"1944-09-07","theater":"PTO","aircraft":"PV-1 Lockeed Ventura","takeoff_base":"ESPIRITU SANTO","target_location":"KERAVAT","target_country":"BISMARK ARCHIPELAGO","total_tons":5.0}},{"type":"Feature","geometry":{"type":"LineString","coordinates":[[166.8333,-15.25],[152.05,-4.3167]]},"properties":{"mission_id":34622,"date":"1944-09-07","theater":"PTO","aircraft":"PV-1 Lockeed Ventura","takeoff_base":"ESPIRITU SANTO","target_location":"KERAVAT","target_country":"BISMARK ARCHIPELAGO","total_tons":1.5}},{"type":"Feature","geometry":{"type":"LineString","coordinates":[[14.4,40.9167],[11.25,43.77]]},"properties":{"mission_id":34816,"date":"1944-01-16","theater":"MTO","aircraft":"North American A-36 Apache (Invader)","takeoff_base":"POMIGLIANO AIRFIELD","target_location":"FLORENCE","target_country":"ITALY","total_tons":10.25}},{"type":"Feature","geometry":{"type":"LineString","coordinates":[[14.4,40.9167],[13.43,42.03]]},"properties":{"mission_id":34820,"date":"1944-01-16","theater":"MTO","aircraft":"North American A-36 Apache (Invader)","takeoff_base":"POMIGLIANO AIRFIELD","target_location":"AVEZZANO","target_country":"ITALY","total_tons":6.0}},{"type":"Feature","geometry":{"type":"LineString","coordinates":[[14.4,40.9167],[11.25,43.77]]},"properties":{"mission_id":34830,"date":"1944-01-16","theater":"MTO","aircraft":"North American A-36 Apache (Invader)","takeoff_base":"POMIGLIANO AIRFIELD","target_location":"FLORENCE","target_country":"ITALY","total_tons":3.25}},{"type":"Feature","geometry":{"type":"LineString","coordinates":[[14.4,40.9167],[13.7,41.48]]},"properties":{"mission_id":34888,"date":"1944-01-17","theater":"MTO","aircraft":"North American A-36 Apache (Invader)","takeoff_base":"POMIGLIANO AIRFIELD","target_location":"AQUINO","target_country":"ITALY","total_tons":23.5}},{"type":"Feature","geometry":{"type":"LineString","coordinates":[[14.4,40.9167],[13.43,42.03]]},"properties":{"mission_id":34889,"date":"1944-01-17","theater":"MTO","aircraft":"North American A-36 Apache (Invader)","takeoff_base":"POMIGLIANO AIRFIELD","target_location":"AVEZZANO","target_country":"ITALY","total_tons":22.0}},{"type":"Feature","geometry":{"type":"LineString","coordinates":[[14.4,40.9167],[12.22,41.9]]},"properties":{"mission_id":34899,"date":"1944-01-17","theater":"MTO","aircraft":"North American A-36 Apache (Invader)","takeoff_base":"POMIGLIANO AIRFIELD","target_location":"PALO","target_country":"ITALY","total_tons":6.0}},{"type":"Feature","geometry":{"type":"LineString","coordinates":[[14.4,40.9167],[13.38,41.97]]},"properties":{"mission_id":34900,"date":"1944-01-17","theater":"MTO","aircraft":"North American A-36 Apache (Invader)","takeoff_base":"POMIGLIANO AIRFIELD","target_location":"CAPISTRELLO","target_country":"ITALY","total_tons":6.0}},{"type":"Feature","geometry":{"type":"LineString","coordinates":[[14.4,40.9167],[12.63,41.47]]},"properties":{"mission_id":35102,"date":"1944-01-17","theater":"MTO","aircraft":"North American A-36 Apache (Invader)","takeoff_base":"POMIGLIANO AIRFIELD","target_location":"NETTUNO","target_country":"ITALY","total_tons":5.5}},{"type":"Feature","geometry":{"type":"LineString","coordinates":[[14.4,40.9167],[12.63,41.45]]},"properties":{"mission_id":35103,"date":"1944-01-17","theater":"MTO","aircraft":"North American A-36 Apache (Invader)","takeoff_base":"POMIGLIANO AIRFIELD","target_location":"ANZIO","target_country":"ITALY","total_tons":4.0}},{"type":"Feature","geometry":{"type":"LineString","coordinates":[[14.4,40.9167],[11.75,42.25]]},"properties":{"mission_id":35106,"date":"1944-01-17","theater":"MTO","aircraft":"North American A-36 Apache (Invader)","takeoff_base":"POMIGLIANO AIRFIELD","target_location":"TARQUINIA","target_country":"ITALY","total_tons":3.0}},{"type":"Feature","geometry":{"type":"LineString","coordinates":[[14.4,40.9167],[11.75,42.25]]},"properties":{"mission_id":35107,"date":"1944-01-17","theater":"MTO","aircraft":"North American A-36 Apache (Invader)","takeoff_base":"POMIGLIANO AIRFIELD","target_location":"TARQUINIA","target_country":"ITALY","total_tons":3.0}},{"type":"Feature","geometry":{"type":"LineString","coordinates":[[14.4,40.9167],[13.43,42.03]]},"properties":{"mission_id":35149,"date":"1944-01-18","theater":"MTO","aircraft":"North American A-36 Apache (Invader)","takeoff_base":"POMIGLIANO AIRFIELD","target_location":"AVEZZANO","target_country":"ITALY","total_tons":20.0}},{"type":"Feature","geometry":{"type":"LineString","coordinates":[[14.4,40.9167],[14.18,41.2]]},"properties":{"mission_id":35151,"date":"1944-01-18","theater":"MTO","aircraft":"North American A-36 Apache (Invader)","takeoff_base":"POMIGLIANO AIRFIELD","target_location":"PIGNATARO","target_country":"ITALY","total_tons":15.5}},{"type":"Feature","geometry":{"type":"LineString","coordinates":[[14.4,40.9167],[14.18,41.2]]},"properties":{"mission_id":35152,"date":"1944-01-18","theater":"MTO","aircraft":"North American A-36 Apache (Invader)","takeoff_base":"POMIGLIANO AIRFIELD","target_location":"PIGNATARO","target_country":"ITALY","total_tons":14.0}},{"type":"Feature","geometry":{"type":"LineString","coordinates":[[14.4,40.9167],[13.78,41.33]]},"properties":{"mission_id":35162,"date":"1944-01-18","theater":"MTO","aircraft":"North American A-36 Apache (Invader)","takeoff_base":"POMIGLIANO AIRFIELD","target_location":"CORENO PLINIO","target_country":"ITALY","total_tons":8.0}},{"type":"Feature","geometry":{"type":"LineString","coordinates":[[14.4,40.9167],[13.25,41.27]]},"properties":{"mission_id":35167,"date":"1944-01-18","theater":"MTO","aircraft":"North American A-36 Apache (Invader)","takeoff_base":"POMIGLIANO AIRFIELD","target_location":"TERRACINA","target_country":"ITALY","total_tons":6.0}},{"type":"Feature","geometry":{"type":"LineString","coordinates":[[14.4,40.9167],[13.53,41.55]]},"properties":{"mission_id":35173,"date":"1944-01-18","theater":"MTO","aircraft":"North American A-36 Apache (Invader)","takeoff_base":"POMIGLIANO AIRFIELD","target_location":"CEPRANO","target_country":"ITALY","total_tons":4.0}},{"type":"Feature","geometry":{"type":"LineString","coordinates":[[14.4,40.9167],[13.53,41.28]]},"properties":{"mission_id":35175,"date":"1944-01-18","theater":"MTO","aircraft":"North American A-36 Apache (Invader)","takeoff_base":"POMIGLIANO AIRFIELD","target_location":"ITRI","target_country":"ITALY","total_tons":3.5}},{"type":"Feature","geometry":{"type":"LineString","coordinates":[[14.4,40.9167],[14.18,41.2]]},"properties":{"mission_id":35448,"date":"1944-01-19","theater":"MTO","aircraft":"North American A-36 Apache (Invader)","takeoff_base":"POMIGLIANO AIRFIELD","target_location":"PIGNATARO","target_country":"ITALY","total_tons":33.5}},{"type":"Feature","geometry":{"type":"LineString","coordinates":[[14.4,40.9167],[11.13,42.77]]},"properties":{"mission_id":35452,"date":"1944-01-19","theater":"MTO","aircraft":"North American A-36 Apache (Invader)","takeoff_base":"POMIGLIANO AIRFIELD","target_location":"GROSSETO","target_country":"ITALY","total_tons":13.0}},{"type":"Feature","geometry":{"type":"LineString","coordinates":[[14.4,40.9167],[12.9,41.47]]},"properties":{"mission_id":35465,"date":"1944-01-19","theater":"MTO","aircraft":"North American A-36 Apache (Invader)","takeoff_base":"POMIGLIANO AIRFIELD","target_location":"LITTORIA","target_country":"ITALY","total_tons":6.0}},{"type":"Feature","geometry":{"type":"LineString","coordinates":[[14.4,40.9167],[12.78,41.68]]},"properties":{"mission_id":35466,"date":"1944-01-19","theater":"MTO","aircraft":"North American A-36 Apache (Invader)","takeoff_base":"POMIGLIANO AIRFIELD","target_location":"VELLETRI","target_country":"ITALY","total_tons":6.0}},{"type":"Feature","geometry":{"type":"LineString","coordinates":[[14.4,40.9167],[13.45,41.45]]},"properties":{"mission_id":35467,"date":"1944-01-19","theater":"MTO","aircraft":"North American A-36 Apache (Invader)","takeoff_base":"POMIGLIANO AIRFIELD","target_location":"FONDI","target_country":"ITALY","total_tons":6.0}},{"type":"Feature","geometry":{"type":"LineString","coordinates":[[14.4,40.9167],[14.18,41.2]]},"properties":{"mission_id":35471,"date":"1944-01-19","theater":"MTO","aircraft":"North American A-36 Apache (Invader)","takeoff_base":"POMIGLIANO AIRFIELD","target_location":"PIGNATARO","target_country":"ITALY","total_tons":3.5}},{"type":"Feature","geometry":{"type":"LineString","coordinates":[[155.3839,-6.2444],[155.0833,-6.5833]]},"properties":{"mission_id":35472,"date":"1944-01-19","theater":"PTO","aircraft":"PV-1 Lockeed Ventura","takeoff_base":"BOUGAINVILLE ISLAND","target_location":"MOTUPENA POINT","target_country":"SOLOMON ISLANDS","total_tons":1.5}},{"type":"Feature","geometry":{"type":"LineString","coordinates":[[14.4,40.9167],[13.37,41.63]]},"properties":{"mission_id":35726,"date":"1944-01-20","theater":"MTO","aircraft":"North American A-36 Apache (Invader)","takeoff_base":"POMIGLIANO AIRFIELD","target_location":"FROSINONE","target_country":"ITALY","total_tons":28.5}},{"type":"Feature","geometry":{"type":"LineString","coordinates":[[14.4,40.9167],[13.1,42.1]]},"properties":{"mission_id":35727,"date":"1944-01-20","theater":"MTO","aircraft":"North American A-36 Apache (Invader)","takeoff_base":"POMIGLIANO AIRFIELD","target_location":"CARSOLI","target_country":"ITALY","total_tons":22.0}},{"type":"Feature","geometry":{"type":"LineString","coordinates":[[14.4,40.9167],[13.37,41.63]]},"properties":{"mission_id":35738,"date":"1944-01-20","theater":"MTO","aircraft":"North American A-36 Apache (Invader)","takeoff_base":"POMIGLIANO AIRFIELD","target_location":"FROSINONE","target_country":"ITALY","total_tons":5.0}},{"type":"Feature","geometry":{"type":"LineString","coordinates":[[14.4,40.9167],[12.92,41.82]]},"properties":{"mission_id":35740,"date":"1944-01-20","theater":"MTO","aircraft":"North American A-36 Apache (Invader)","takeoff_base":"POMIGLIANO AIRFIELD","target_location":"PALESTRINA","target_country":"ITALY","total_tons":4.5}},{"type":"Feature","geometry":{"type":"LineString","coordinates":[[14.4,40.9167],[12.07,42.32]]},"properties":{"mission_id":35743,"date":"1944-01-20","theater":"MTO","aircraft":"North American A-36 Apache (Invader)","takeoff_base":"POMIGLIANO AIRFIELD","target_location":"VETRALLO","target_country":"ITALY","total_tons":3.0}},{"type":"Feature","geometry":{"type":"LineString","coordinates":[[14.4,40.9167],[12.12,42.42]]},"properties":{"mission_id":35744,"date":"1944-01-20","theater":"MTO","aircraft":"North American A-36 Apache (Invader)","takeoff_base":"POMIGLIANO AIRFIELD","target_location":"VITERBO","target_country":"ITALY","total_tons":3.0}},{"type":"Feature","geometry":{"type":"LineString","coordinates":[[166.8333,-15.25],[152.05,-4.3167]]},"properties":{"mission_id":35817,"date":"1944-09-09","theater":"PTO","aircraft":"PV-1 Lockeed Ventura","takeoff_base":"ESPIRITU SANTO","target_location":"KERAVAT","target_country":"BISMARK ARCHIPELAGO","total_tons":2.0}},{"type":"Feature","geometry":{"type":"LineString","coordinates":[[166.8333,-15.25],[152.05,-4.3167]]},"properties":{"mission_id":35829,"date":"1944-09-09","theater":"PTO","aircraft":"PV-1 Lockeed Ventura","takeoff_base":"ESPIRITU SANTO","target_location":"KERAVAT","target_country":"BISMARK ARCHIPELAGO","total_tons":0.6}},{"type":"Feature","geometry":{"type":"LineString","coordinates":[[14.4,40.9167],[12.67,41.07]]},"properties":{"mission_id":36052,"date":"1944-01-21","theater":"MTO","aircraft":"North American A-36 Apache (Invader)","takeoff_base":"POMIGLIANO AIRFIELD","target_location":"FRASCATI","target_country":"ITALY","total_tons":7.0}},{"type":"Feature","geometry":{"type":"LineString","coordinates":[[14.4,40.9167],[12.78,41.68]]},"properties":{"mission_id":36055,"date":"1944-01-21","theater":"MTO","aircraft":"North American A-36 Apache (Invader)","takeoff_base":"POMIGLIANO AIRFIELD","target_location":"VELLETRI","target_country":"ITALY","total_tons":3.5}},{"type":"Feature","geometry":{"type":"LineString","coordinates":[[14.4,40.9167],[13.38,41.58]]},"properties":{"mission_id":36057,"date":"1944-01-21","theater":"MTO","aircraft":"North American A-36 Apache (Invader)","takeoff_base":"POMIGLIANO AIRFIELD","target_location":"AUSONIA","target_country":"ITALY","total_tons":3.0}},{"type":"Feature","geometry":{"type":"LineString","coordinates":[[14.4,40.9167],[16.25,39.27]]},"properties":{"mission_id":36064,"date":"1944-01-21","theater":"MTO","aircraft":"North American A-36 Apache (Invader)","takeoff_base":"POMIGLIANO AIRFIELD","target_location":"COSENZA","target_country":"ITALY","total_tons":0.0}},{"type":"Feature","geometry":{"type":"LineString","coordinates":[[14.4,40.9167],[13.28,41.68]]},"properties":{"mission_id":36661,"date":"1944-01-22","theater":"MTO","aircraft":"North American A-36 Apache (Invader)","takeoff_base":"POMIGLIANO AIRFIELD","target_location":"FERENTINO","target_country":"ITALY","total_tons":25.0}},{"type":"Feature","geometry":{"type":"LineString","coordinates":[[14.4,40.9167],[13.0,42.0]]},"properties":{"mission_id":36677,"date":"1944-01-22","theater":"MTO","aircraft":"North American A-36 Apache (Invader)","takeoff_base":"POMIGLIANO AIRFIELD","target_location":"PRIVERNO","target_country":"ITALY","total_tons":4.0}},{"type":"Feature","geometry":{"type":"LineString","coordinates":[[14.4,40.9167],[12.67,41.07]]},"properties":{"mission_id":36678,"date":"1944-01-22","theater":"MTO","aircraft":"North American A-36 Apache (Invader)","takeoff_base":"POMIGLIANO AIRFIELD","target_location":"FRASCATI","target_country":"ITALY","total_tons":4.0}},{"type":"Feature","geometry":{"type":"LineString","coordinates":[[14.4,40.9167],[13.53,41.55]]},"properties":{"mission_id":36679,"date":"1944-01-22","theater":"MTO","aircraft":"North American A-36 Apache (Invader)","takeoff_base":"POMIGLIANO AIRFIELD","target_location":"CEPRANO","target_country":"ITALY","total_tons":4.0}},{"type":"Feature","geometry":{"type":"LineString","coordinates":[[14.4,40.9167],[12.47,41.9]]},"properties":{"mission_id":36682,"date":"1944-01-22","theater":"MTO","aircraft":"North American A-36 Apache (Invader)","takeoff_base":"POMIGLIANO AIRFIELD","target_location":"ROME","target_country":"ITALY","total_tons":3.0}},{"type":"Feature","geometry":{"type":"LineString","coordinates":[[14.4,40.9167],[12.07,42.32]]},"properties":{"mission_id":36683,"date":"1944-01-22","theater":"MTO","aircraft":"North American A-36 Apache (Invader)","takeoff_base":"POMIGLIANO AIRFIELD","target_location":"VETRALLO","target_country":"ITALY","total_tons":3.0}},{"type":"Feature","geometry":{"type":"LineString","coordinates":[[14.4,40.9167],[12.4,42.27]]},"properties":{"mission_id":36859,"date":"1944-01-23","theater":"MTO","aircraft":"North American A-36 Apache (Invader)","takeoff_base":"POMIGLIANO AIRFIELD","target_location":"CIVITA CASTELLANA","target_country":"ITALY","total_tons":18.0}},{"type":"Feature","geometry":{"type":"LineString","coordinates":[[14.4,40.9167],[12.07,42.32]]},"properties":{"mission_id":36861,"date":"1944-01-23","theater":"MTO","aircraft":"North American A-36 Apache (Invader)","takeoff_base":"POMIGLIANO AIRFIELD","target_location":"VETRALLO","target_country":"ITALY","total_tons":9.0}},{"type":"Feature","geometry":{"type":"LineString","coordinates":[[14.4,40.9167],[13.33,41.55]]},"properties":{"mission_id":36874,"date":"1944-01-23","theater":"MTO","aircraft":"North American A-36 Apache (Invader)","takeoff_base":"POMIGLIANO AIRFIELD","target_location":"CECCANO","target_country":"ITALY","total_tons":4.0}},{"type":"Feature","geometry":{"type":"LineString","coordinates":[[14.4,40.9167],[13.0,42.0]]},"properties":{"mission_id":36875,"date":"1944-01-23","theater":"MTO","aircraft":"North American A-36 Apache (Invader)","takeoff_base":"POMIGLIANO AIRFIELD","target_location":"PRIVERNO","target_country":"ITALY","total_tons":4.0}},{"type":"Feature","geometry":{"type":"LineString","coordinates":[[14.4,40.9167],[13.45,41.42]]},"properties":{"mission_id":36876,"date":"1944-01-23","theater":"MTO","aircraft":"North American A-36 Apache (Invader)","takeoff_base":"POMIGLIANO AIRFIELD","target_location":"VALLECORSA","target_country":"ITALY","total_tons":4.0}},{"type":"Feature","geometry":{"type":"LineString","coordinates":[[14.4,40.9167],[13.62,41.7]]},"properties":{"mission_id":36877,"date":"1944-01-23","theater":"MTO","aircraft":"North American A-36 Apache (Invader)","takeoff_base":"POMIGLIANO AIRFIELD","target_location":"SORA","target_country":"ITALY","total_tons":4.0}},{"type":"Feature","geometry":{"type":"LineString","coordinates":[[14.4,40.9167],[12.78,41.68]]},"properties":{"mission_id":36878,"date":"1944-01-23","theater":"MTO","aircraft":"North American A-36 Apache (Invader)","takeoff_base":"POMIGLIANO AIRFIELD","target_location":"VELLETRI","target_country":"ITALY","total_tons":4.0}},{"type":"Feature","geometry":{"type":"LineString","coordinates":[[14.4,40.9167],[12.67,41.07]]},"properties":{"mission_id":37164,"date":"1944-01-24","theater":"MTO","aircraft":"North American A-36 Apache (Invader)","takeoff_base":"POMIGLIANO AIRFIELD","target_location":"FRASCATI","target_country":"ITALY","total_tons":10.0}},{"type":"Feature","geometry":{"type":"LineString","coordinates":[[14.4,40.9167],[12.78,41.68]]},"properties":{"mission_id":37175,"date":"1944-01-24","theater":"MTO","aircraft":"North American A-36 Apache (Invader)","takeoff_base":"POMIGLIANO AIRFIELD","target_location":"VELLETRI","target_country":"ITALY","total_tons":6.0}},{"type":"Feature","geometry":{"type":"LineString","coordinates":[[14.4,40.9167],[12.47,41.9]]},"properties":{"mission_id":37181,"date":"1944-01-24","theater":"MTO","aircraft":"North American A-36 Apache (Invader)","takeoff_base":"POMIGLIANO AIRFIELD","target_location":"ROME","target_country":"ITALY","total_tons":4.0}},{"type":"Feature","geometry":{"type":"LineString","coordinates":[[14.4,40.9167],[12.78,41.68]]},"properties":{"mission_id":37186,"date":"1944-01-24","theater":"MTO","aircraft":"North American A-36 Apache (Invader)","takeoff_base":"POMIGLIANO AIRFIELD","target_location":"VELLETRI","target_country":"ITALY","total_tons":2.0}},{"type":"Feature","geometry":{"type":"LineString","coordinates":[[14.4,40.9167],[12.4,42.27]]},"properties":{"mission_id":37436,"date":"1944-01-25","theater":"MTO","aircraft":"North American A-36 Apache (Invader)","takeoff_base":"POMIGLIANO AIRFIELD","target_location":"CIVITA CASTELLANA","target_country":"ITALY","total_tons":24.0}},{"type":"Feature","geometry":{"type":"LineString","coordinates":[[14.4,40.9167],[12.47,41.9]]},"properties":{"mission_id":37439,"date":"1944-01-25","theater":"MTO","aircraft":"North American A-36 Apache (Invader)","takeoff_base":"POMIGLIANO AIRFIELD","target_location":"ROME","target_country":"ITALY","total_tons":12.0}},{"type":"Feature","geometry":{"type":"LineString","coordinates":[[14.4,40.9167],[13.53,41.28]]},"properties":{"mission_id":37448,"date":"1944-01-25","theater":"MTO","aircraft":"North American A-36 Apache (Invader)","takeoff_base":"POMIGLIANO AIRFIELD","target_location":"ITRI","target_country":"ITALY","total_tons":10.0}},{"type":"Feature","geometry":{"type":"LineString","coordinates":[[14.4,40.9167],[12.78,41.68]]},"properties":{"mission_id":37457,"date":"1944-01-25","theater":"MTO","aircraft":"North American A-36 Apache (Invader)","takeoff_base":"POMIGLIANO AIRFIELD","target_location":"VELLETRI","target_country":"ITALY","total_tons":8.0}},{"type":"Feature","geometry":{"type":"LineString","coordinates":[[14.4,40.9167],[16.25,39.27]]},"properties":{"mission_id":37465,"date":"1944-01-25","theater":"MTO","aircraft":"North American A-36 Apache (Invader)","takeoff_base":"POMIGLIANO AIRFIELD","target_location":"COSENZA","target_country":"ITALY","total_tons":2.75}},{"type":"Feature","geometry":{"type":"LineString","coordinates":[[14.4,40.9167],[13.33,41.55]]},"properties":{"mission_id":37720,"date":"1944-01-26","theater":"MTO","aircraft":"North American A-36 Apache (Invader)","takeoff_base":"POMIGLIANO AIRFIELD","target_location":"CECCANO","target_country":"ITALY","total_tons":11.0}},{"type":"Feature","geometry":{"type":"LineString","coordinates":[[14.4,40.9167],[10.1,44.07]]},"properties":{"mission_id":37723,"date":"1944-01-26","theater":"MTO","aircraft":"North American A-36 Apache (Invader)","takeoff_base":"POMIGLIANO AIRFIELD","target_location":"MIRTETO","target_country":"ITALY","total_tons":7.25}},{"type":"Feature","geometry":{"type":"LineString","coordinates":[[14.4,40.9167],[13.37,41.63]]},"properties":{"mission_id":37728,"date":"1944-01-26","theater":"MTO","aircraft":"North American A-36 Apache (Invader)","takeoff_base":"POMIGLIANO AIRFIELD","target_location":"FROSINONE","target_country":"ITALY","total_tons":5.5}},{"type":"Feature","geometry":{"type":"LineString","coordinates":[[14.4,40.9167],[13.35,38.07]]},"properties":{"mission_id":37731,"date":"1944-01-26","theater":"MTO","aircraft":"North American A-36 Apache (Invader)","takeoff_base":"POMIGLIANO AIRFIELD","target_location":"BELMONTE MEZZAGNO","target_country":"ITALY","total_tons":1.0}},{"type":"Feature","geometry":{"type":"LineString","coordinates":[[14.4,40.9167],[16.25,39.27]]},"properties":{"mission_id":37736,"date":"1944-01-26","theater":"MTO","aircraft":"North American A-36 Apache (Invader)","takeoff_base":"POMIGLIANO AIRFIELD","target_location":"COSENZA","target_country":"ITALY","total_tons":0.0}},{"type":"Feature","geometry":{"type":"LineString","coordinates":[[14.4,40.9167],[13.0,41.72]]},"properties":{"mission_id":37737,"date":"1944-01-26","theater":"MTO","aircraft":"North American A-36 Apache (Invader)","takeoff_base":"POMIGLIANO AIRFIELD","target_location":"COLLEFERRO","target_country":"ITALY","total_tons":0.0}},{"type":"Feature","geometry":{"type":"LineString","coordinates":[[14.4,40.9167],[13.8,41.62]]},"properties":{"mission_id":37753,"date":"1944-01-27","theater":"MTO","aircraft":"North American A-36 Apache (Invader)","takeoff_base":"POMIGLIANO AIRFIELD","target_location":"ATINA","target_country":"ITALY","total_tons":21.0}},{"type":"Feature","geometry":{"type":"LineString","coordinates":[[14.4,40.9167],[12.68,42.25]]},"properties":{"mission_id":37755,"date":"1944-01-27","theater":"MTO","aircraft":"North American A-36 Apache (Invader)","takeoff_base":"POMIGLIANO AIRFIELD","target_location":"POGGIO MIRTETO","target_country":"ITALY","total_tons":18.0}},{"type":"Feature","geometry":{"type":"LineString","coordinates":[[14.4,40.9167],[12.6,41.8]]},"properties":{"mission_id":37771,"date":"1944-01-27","theater":"MTO","aircraft":"North American A-36 Apache (Invader)","takeoff_base":"POMIGLIANO AIRFIELD","target_location":"CIAMPINO","target_country":"ITALY","total_tons":6.0}},{"type":"Feature","geometry":{"type":"LineString","coordinates":[[14.4,40.9167],[12.47,41.9]]},"properties":{"mission_id":37772,"date":"1944-01-27","theater":"MTO","aircraft":"North American A-36 Apache (Invader)","takeoff_base":"POMIGLIANO AIRFIELD","target_location":"CECCHINI","target_country":"ITALY","total_tons":5.0}},{"type":"Feature","geometry":{"type":"LineString","coordinates":[[14.4,40.9167],[13.38,41.97]]},"properties":{"mission_id":37775,"date":"1944-01-27","theater":"MTO","aircraft":"North American A-36 Apache (Invader)","takeoff_base":"POMIGLIANO AIRFIELD","target_location":"CAPISTRELLO","target_country":"ITALY","total_tons":4.0}},{"type":"Feature","geometry":{"type":"LineString","coordinates":[[14.4,40.9167],[14.38,41.35]]},"properties":{"mission_id":37776,"date":"1944-01-27","theater":"MTO","aircraft":"North American A-36 Apache (Invader)","takeoff_base":"POMIGLIANO AIRFIELD","target_location":"PIEDIMONTE","target_country":"ITALY","total_tons":4.0}},{"type":"Feature","geometry":{"type":"LineString","coordinates":[[14.4,40.9167],[12.92,41.72]]},"properties":{"mission_id":37777,"date":"1944-01-27","theater":"MTO","aircraft":"North American A-36 Apache (Invader)","takeoff_base":"POMIGLIANO AIRFIELD","target_location":"ARTENA","target_country":"ITALY","total_tons":4.0}},{"type":"Feature","geometry":{"type":"LineString","coordinates":[[155.3839,-6.2444],[155.8167,-6.7]]},"properties":{"mission_id":37881,"date":"1945-03-21","theater":"PTO","aircraft":"PV-1 Lockeed Ventura","takeoff_base":"BOUGAINVILLE ISLAND","target_location":"MUGUAI","target_country":null,"total_tons":8.0}},{"type":"Feature","geometry":{"type":"LineString","coordinates":[[14.4,40.9167],[13.43,42.03]]},"properties":{"mission_id":38052,"date":"1944-01-28","theater":"MTO","aircraft":"North American A-36 Apache (Invader)","takeoff_base":"POMIGLIANO AIRFIELD","target_location":"AVEZZANO","target_country":"ITALY","total_tons":28.0}},{"type":"Feature","geometry":{"type":"LineString","coordinates":[[14.4,40.9167],[12.4,42.27]]},"properties":{"mission_id":38054,"date":"1944-01-28","theater":"MTO","aircraft":"North American A-36 Apache (Invader)","takeoff_base":"POMIGLIANO AIRFIELD","target_location":"CIVITA CASTELLANA","target_country":"ITALY","total_tons":19.5}},{"type":"Feature","geometry":{"type":"LineString","coordinates":[[14.4,40.9167],[13.37,41.63]]},"properties":{"mission_id":38061,"date":"1944-01-28","theater":"MTO","aircraft":"North American A-36 Apache (Invader)","takeoff_base":"POMIGLIANO AIRFIELD","target_location":"TERELLE","target_country":"ITALY","total_tons":5.5}},{"type":"Feature","geometry":{"type":"LineString","coordinates":[[14.4,40.9167],[12.47,41.9]]},"properties":{"mission_id":38064,"date":"1944-01-28","theater":"MTO","aircraft":"North American A-36 Apache (Invader)","takeoff_base":"POMIGLIANO AIRFIELD","target_location":"ROME","target_country":"ITALY","total_tons":4.0}},{"type":"Feature","geometry":{"type":"LineString","coordinates":[[14.4,40.9167],[12.95,41.77]]},"properties":{"mission_id":38065,"date":"1944-01-28","theater":"MTO","aircraft":"North American A-36 Apache (Invader)","takeoff_base":"POMIGLIANO AIRFIELD","target_location":"VALMONTONE","target_country":"ITALY","total_tons":4.0}},{"type":"Feature","geometry":{"type":"LineString","coordinates":[[14.4,40.9167],[16.25,39.27]]},"properties":{"mission_id":38068,"date":"1944-01-28","theater":"MTO","aircraft":"North American A-36 Apache (Invader)","takeoff_base":"POMIGLIANO AIRFIELD","target_location":"COSENZA","target_country":"ITALY","total_tons":2.0}},{"type":"Feature","geometry":{"type":"LineString","coordinates":[[14.4,40.9167],[12.83,41.57]]},"properties":{"mission_id":38349,"date":"1944-01-29","theater":"MTO","aircraft":"North American A-36 Apache (Invader)","takeoff_base":"POMIGLIANO AIRFIELD","target_location":"CISTERNA DI ROMA","target_country":"ITALY","total_tons":24.5}},{"type":"Feature","geometry":{"type":"LineString","coordinates":[[14.4,40.9167],[13.53,41.55]]},"properties":{"mission_id":38352,"date":"1944-01-29","theater":"MTO","aircraft":"North American A-36 Apache (Invader)","takeoff_base":"POMIGLIANO AIRFIELD","target_location":"CEPRANO","target_country":"ITALY","total_tons":18.0}},{"type":"Feature","geometry":{"type":"LineString","coordinates":[[14.4,40.9167],[12.47,41.9]]},"properties":{"mission_id":38359,"date":"1944-01-29","theater":"MTO","aircraft":"North American A-36 Apache (Invader)","takeoff_base":"POMIGLIANO AIRFIELD","target_location":"ROME","target_country":"ITALY","total_tons":5.5}},{"type":"Feature","geometry":{"type":"LineString","coordinates":[[14.4,40.9167],[12.67,41.07]]},"properties":{"mission_id":38363,"date":"1944-01-29","theater":"MTO","aircraft":"North American A-36 Apache (Invader)","takeoff_base":"POMIGLIANO AIRFIELD","target_location":"FRASCATI","target_country":"ITALY","total_tons":4.0}},{"type":"Feature","geometry":{"type":"LineString","coordinates":[[14.4,40.9167],[12.67,41.07]]},"properties":{"mission_id":38364,"date":"1944-01-29","theater":"MTO","aircraft":"North American A-36 Apache (Invader)","takeoff_base":"POMIGLIANO AIRFIELD","target_location":"FRASCATI","target_country":"ITALY","total_tons":4.0}},{"type":"Feature","geometry":{"type":"LineString","coordinates":[[14.4,40.9167],[12.63,41.72]]},"properties":{"mission_id":38365,"date":"1944-01-29","theater":"MTO","aircraft":"North American A-36 Apache (Invader)","takeoff_base":"POMIGLIANO AIRFIELD","target_location":"ALBANO","target_country":"ITALY","total_tons":4.0}},{"type":"Feature","geometry":{"type":"LineString","coordinates":[[14.4,40.9167],[16.25,39.27]]},"properties":{"mission_id":38370,"date":"1944-01-29","theater":"MTO","aircraft":"North American A-36 Apache (Invader)","takeoff_base":"POMIGLIANO AIRFIELD","target_location":"COSENZA","target_country":"ITALY","total_tons":2.0}},{"type":"Feature","geometry":{"type":"LineString","coordinates":[[14.4,40.9167],[13.62,41.7]]},"properties":{"mission_id":38917,"date":"1944-01-30","theater":"MTO","aircraft":"North American A-36 Apache (Invader)","takeoff_base":"POMIGLIANO AIRFIELD","target_location":"SORA","target_country":"ITALY","total_tons":4.5}},{"type":"Feature","geometry":{"type":"LineString","coordinates":[[14.4,40.9167],[13.0,42.0]]},"properties":{"mission_id":39297,"date":"1944-01-31","theater":"MTO","aircraft":"North American A-36 Apache (Invader)","takeoff_base":"POMIGLIANO AIRFIELD","target_location":"PRIVERNO","target_country":"ITALY","total_tons":4.0}},{"type":"Feature","geometry":{"type":"LineString","coordinates":[[14.4,40.9167],[16.25,39.27]]},"properties":{"mission_id":39298,"date":"1944-01-31","theater":"MTO","aircraft":"North American A-36 Apache (Invader)","takeoff_base":"POMIGLIANO AIRFIELD","target_location":"COSENZA","target_country":"ITALY","total_tons":2.0}},{"type":"Feature","geometry":{"type":"LineString","coordinates":[[14.4,40.9167],[11.92,42.58]]},"properties":{"mission_id":39299,"date":"1944-01-31","theater":"MTO","aircraft":"North American A-36 Apache (Invader)","takeoff_base":"POMIGLIANO AIRFIELD","target_location":"BOLSENA","target_country":"ITALY","total_tons":2.0}},{"type":"Feature","geometry":{"type":"LineString","coordinates":[[14.4,40.9167],[12.68,42.25]]},"properties":{"mission_id":39553,"date":"1944-02-01","theater":"MTO","aircraft":"North American A-36 Apache (Invader)","takeoff_base":"POMIGLIANO AIRFIELD","target_location":"POGGIO MIRTETO","target_country":"ITALY","total_tons":7.0}},{"type":"Feature","geometry":{"type":"LineString","coordinates":[[14.4,40.9167],[12.3,42.3]]},"properties":{"mission_id":39566,"date":"1944-02-02","theater":"MTO","aircraft":"North American A-36 Apache (Invader)","takeoff_base":"POMIGLIANO AIRFIELD","target_location":"FABRICA DI ROMA","target_country":"ITALY","total_tons":16.0}},{"type":"Feature","geometry":{"type":"LineString","coordinates":[[14.4,40.9167],[12.92,41.82]]},"properties":{"mission_id":39578,"date":"1944-02-02","theater":"MTO","aircraft":"North American A-36 Apache (Invader)","takeoff_base":"POMIGLIANO AIRFIELD","target_location":"PALESTRINA","target_country":"ITALY","total_tons":4.0}},{"type":"Feature","geometry":{"type":"LineString","coordinates":[[14.4,40.9167],[13.1,41.93]]},"properties":{"mission_id":39581,"date":"1944-02-02","theater":"MTO","aircraft":"North American A-36 Apache (Invader)","takeoff_base":"POMIGLIANO AIRFIELD","target_location":"SUBIACO","target_country":"ITALY","total_tons":3.0}},{"type":"Feature","geometry":{"type":"LineString","coordinates":[[14.4,40.9167],[12.83,41.57]]},"properties":{"mission_id":39843,"date":"1944-02-03","theater":"MTO","aircraft":"North American A-36 Apache (Invader)","takeoff_base":"POMIGLIANO AIRFIELD","target_location":"CISTERNA DI ROMA","target_country":"ITALY","total_tons":0.0}},{"type":"Feature","geometry":{"type":"LineString","coordinates":[[14.4,40.9167],[12.07,42.32]]},"properties":{"mission_id":40167,"date":"1944-02-04","theater":"MTO","aircraft":"North American A-36 Apache (Invader)","takeoff_base":"POMIGLIANO AIRFIELD","target_location":"VETRALLO","target_country":"ITALY","total_tons":0.0}},{"type":"Feature","geometry":{"type":"LineString","coordinates":[[14.4,40.9167],[16.25,39.27]]},"properties":{"mission_id":40388,"date":"1944-02-05","theater":"MTO","aircraft":"North American A-36 Apache (Invader)","takeoff_base":"POMIGLIANO AIRFIELD","target_location":"COSENZA","target_country":"ITALY","total_tons":10.5}},{"type":"Feature","geometry":{"type":"LineString","coordinates":[[14.4,40.9167],[12.07,42.32]]},"properties":{"mission_id":40389,"date":"1944-02-05","theater":"MTO","aircraft":"North American A-36 Apache (Invader)","takeoff_base":"POMIGLIANO AIRFIELD","target_location":"VETRALLO","target_country":"ITALY","total_tons":10.5}},{"type":"Feature","geometry":{"type":"LineString","coordinates":[[14.4,40.9167],[12.78,41.68]]},"properties":{"mission_id":40400,"date":"1944-02-05","theater":"MTO","aircraft":"North American A-36 Apache (Invader)","takeoff_base":"POMIGLIANO AIRFIELD","target_location":"VELLETRI","target_country":"ITALY","total_tons":4.0}},{"type":"Feature","geometry":{"type":"LineString","coordinates":[[14.4,40.9167],[12.47,41.9]]},"properties":{"mission_id":40601,"date":"1944-02-05","theater":"MTO","aircraft":"North American A-36 Apache (Invader)","takeoff_base":"POMIGLIANO AIRFIELD","target_location":"CECCHINI","target_country":"ITALY","total_tons":4.0}},{"type":"Feature","geometry":{"type":"LineString","coordinates":[[14.4,40.9167],[12.7,41.68]]},"properties":{"mission_id":40602,"date":"1944-02-05","theater":"MTO","aircraft":"North American A-36 Apache (Invader)","takeoff_base":"POMIGLIANO AIRFIELD","target_location":"LANUVIO","target_country":"ITALY","total_tons":4.0}},{"type":"Feature","geometry":{"type":"LineString","coordinates":[[14.4,40.9167],[13.77,41.52]]},"properties":{"mission_id":40603,"date":"1944-02-05","theater":"MTO","aircraft":"North American A-36 Apache (Invader)","takeoff_base":"POMIGLIANO AIRFIELD","target_location":"VILLA SANTA LUCIA","target_country":"ITALY","total_tons":4.0}},{"type":"Feature","geometry":{"type":"LineString","coordinates":[[14.4,40.9167],[12.63,41.72]]},"properties":{"mission_id":40943,"date":"1944-02-06","theater":"MTO","aircraft":"North American A-36 Apache (Invader)","takeoff_base":"POMIGLIANO AIRFIELD","target_location":"ALBANO","target_country":"ITALY","total_tons":19.0}},{"type":"Feature","geometry":{"type":"LineString","coordinates":[[14.4,40.9167],[12.83,41.57]]},"properties":{"mission_id":40949,"date":"1944-02-06","theater":"MTO","aircraft":"North American A-36 Apache (Invader)","takeoff_base":"POMIGLIANO AIRFIELD","target_location":"CISTERNA DI ROMA","target_country":"ITALY","total_tons":12.0}},{"type":"Feature","geometry":{"type":"LineString","coordinates":[[14.4,40.9167],[12.67,41.07]]},"properties":{"mission_id":40964,"date":"1944-02-06","theater":"MTO","aircraft":"North American A-36 Apache (Invader)","takeoff_base":"POMIGLIANO AIRFIELD","target_location":"FRASCATI","target_country":"ITALY","total_tons":4.0}},{"type":"Feature","geometry":{"type":"LineString","coordinates":[[14.4,40.9167],[13.77,41.52]]},"properties":{"mission_id":41254,"date":"1944-02-07","theater":"MTO","aircraft":"North American A-36 Apache (Invader)","takeoff_base":"POMIGLIANO AIRFIELD","target_location":"VILLA SANTA LUCIA","target_country":"ITALY","total_tons":11.5}},{"type":"Feature","geometry":{"type":"LineString","coordinates":[[14.4,40.9167],[12.6,42.05]]},"properties":{"mission_id":41255,"date":"1944-02-07","theater":"MTO","aircraft":"North American A-36 Apache (Invader)","takeoff_base":"POMIGLIANO AIRFIELD","target_location":"MONTEROTONDO","target_country":"ITALY","total_tons":8.0}},{"type":"Feature","geometry":{"type":"LineString","coordinates":[[14.4,40.9167],[13.67,41.45]]},"properties":{"mission_id":41263,"date":"1944-02-07","theater":"MTO","aircraft":"North American A-36 Apache (Invader)","takeoff_base":"POMIGLIANO AIRFIELD","target_location":"PONTECORVO","target_country":"ITALY","total_tons":3.5}},{"type":"Feature","geometry":{"type":"LineString","coordinates":[[14.4,40.9167],[11.25,42.48]]},"properties":{"mission_id":41264,"date":"1944-02-07","theater":"MTO","aircraft":"North American A-36 Apache (Invader)","takeoff_base":"POMIGLIANO AIRFIELD","target_location":"SAN STEFANO","target_country":"ITALY","total_tons":2.0}},{"type":"Feature","geometry":{"type":"LineString","coordinates":[[14.4,40.9167],[13.35,38.07]]},"properties":{"mission_id":41265,"date":"1944-02-07","theater":"MTO","aircraft":"North American A-36 Apache (Invader)","takeoff_base":"POMIGLIANO AIRFIELD","target_location":"BELMONTE MEZZAGNO","target_country":"ITALY","total_tons":2.0}},{"type":"Feature","geometry":{"type":"LineString","coordinates":[[14.4,40.9167],[13.67,41.45]]},"properties":{"mission_id":41510,"date":"1944-02-08","theater":"MTO","aircraft":"North American A-36 Apache (Invader)","takeoff_base":"POMIGLIANO AIRFIELD","target_location":"PONTECORVO","target_country":"ITALY","total_tons":27.5}},{"type":"Feature","geometry":{"type":"LineString","coordinates":[[14.4,40.9167],[13.67,41.45]]},"properties":{"mission_id":41522,"date":"1944-02-08","theater":"MTO","aircraft":"North American A-36 Apache (Invader)","takeoff_base":"POMIGLIANO AIRFIELD","target_location":"PONTECORVO","target_country":"ITALY","total_tons":6.0}},{"type":"Feature","geometry":{"type":"LineString","coordinates":[[14.4,40.9167],[13.82,41.48]]},"properties":{"mission_id":41878,"date":"1944-02-09","theater":"MTO","aircraft":"North American A-36 Apache (Invader)","takeoff_base":"POMIGLIANO AIRFIELD","target_location":"CASSINO","target_country":"ITALY","total_tons":7.5}},{"type":"Feature","geometry":{"type":"LineString","coordinates":[[14.4,40.9167],[12.63,41.72]]},"properties":{"mission_id":41880,"date":"1944-02-09","theater":"MTO","aircraft":"North American A-36 Apache (Invader)","takeoff_base":"POMIGLIANO AIRFIELD","target_location":"ALBANO","target_country":"ITALY","total_tons":6.0}},{"type":"Feature","geometry":{"type":"LineString","coordinates":[[14.4,40.9167],[16.25,39.27]]},"properties":{"mission_id":41884,"date":"1944-02-09","theater":"MTO","aircraft":"North American A-36 Apache (Invader)","takeoff_base":"POMIGLIANO AIRFIELD","target_location":"COSENZA","target_country":"ITALY","total_tons":4.0}},{"type":"Feature","geometry":{"type":"LineString","coordinates":[[14.4,40.9167],[13.08,41.48]]},"properties":{"mission_id":42158,"date":"1944-02-10","theater":"MTO","aircraft":"North American A-36 Apache (Invader)","takeoff_base":"POMIGLIANO AIRFIELD","target_location":"SEZZE","target_country":"ITALY","total_tons":11.5}},{"type":"Feature","geometry":{"type":"LineString","coordinates":[[14.4,40.9167],[16.25,39.27]]},"properties":{"mission_id":42162,"date":"1944-02-10","theater":"MTO","aircraft":"North American A-36 Apache (Invader)","takeoff_base":"POMIGLIANO AIRFIELD","target_location":"COSENZA","target_country":"ITALY","total_tons":8.75}},{"type":"Feature","geometry":{"type":"LineString","coordinates":[[14.4,40.9167],[16.25,39.27]]},"properties":{"mission_id":43007,"date":"1944-02-12","theater":"MTO","aircraft":"North American A-36 Apache (Invader)","takeoff_base":"POMIGLIANO AIRFIELD","target_location":"COSENZA","target_country":"ITALY","total_tons":4.75}},{"type":"Feature","geometry":{"type":"LineString","coordinates":[[14.4,40.9167],[12.7,41.68]]},"properties":{"mission_id":43008,"date":"1944-02-12","theater":"MTO","aircraft":"North American A-36 Apache (Invader)","takeoff_base":"POMIGLIANO AIRFIELD","target_location":"LANUVIO","target_country":"ITALY","total_tons":4.0}},{"type":"Feature","geometry":{"type":"LineString","coordinates":[[14.4,40.9167],[12.63,41.45]]},"properties":{"mission_id":43099,"date":"1944-02-13","theater":"MTO","aircraft":"North American A-36 Apache (Invader)","takeoff_base":"POMIGLIANO AIRFIELD","target_location":"ANZIO","target_country":"ITALY","total_tons":12.5}},{"type":"Feature","geometry":{"type":"LineString","coordinates":[[14.4,40.9167],[12.6,42.05]]},"properties":{"mission_id":43311,"date":"1944-02-13","theater":"MTO","aircraft":"North American A-36 Apache (Invader)","takeoff_base":"POMIGLIANO AIRFIELD","target_location":"MONTEROTONDO","target_country":"ITALY","total_tons":5.5}},{"type":"Feature","geometry":{"type":"LineString","coordinates":[[14.4,40.9167],[13.37,41.63]]},"properties":{"mission_id":43687,"date":"1944-02-14","theater":"MTO","aircraft":"North American A-36 Apache (Invader)","takeoff_base":"POMIGLIANO AIRFIELD","target_location":"FROSINONE","target_country":"ITALY","total_tons":4.0}},{"type":"Feature","geometry":{"type":"LineString","coordinates":[[14.4,40.9167],[12.0,41.0]]},"properties":{"mission_id":43854,"date":"1944-02-15","theater":"MTO","aircraft":"North American A-36 Apache (Invader)","takeoff_base":"POMIGLIANO AIRFIELD","target_location":"TIBERTINA","target_country":"ITALY","total_tons":26.5}},{"type":"Feature","geometry":{"type":"LineString","coordinates":[[14.4,40.9167],[12.47,41.9]]},"properties":{"mission_id":43855,"date":"1944-02-15","theater":"MTO","aircraft":"North American A-36 Apache (Invader)","takeoff_base":"POMIGLIANO AIRFIELD","target_location":"ROME","target_country":"ITALY","total_tons":22.5}},{"type":"Feature","geometry":{"type":"LineString","coordinates":[[14.4,40.9167],[12.47,41.9]]},"properties":{"mission_id":43878,"date":"1944-02-15","theater":"MTO","aircraft":"North American A-36 Apache (Invader)","takeoff_base":"POMIGLIANO AIRFIELD","target_location":"ROME","target_country":"ITALY","total_tons":7.5}},{"type":"Feature","geometry":{"type":"LineString","coordinates":[[14.4,40.9167],[12.47,41.9]]},"properties":{"mission_id":43879,"date":"1944-02-15","theater":"MTO","aircraft":"North American A-36 Apache (Invader)","takeoff_base":"POMIGLIANO AIRFIELD","target_location":"GROTTAFERRATA","target_country":"ITALY","total_tons":6.0}},{"type":"Feature","geometry":{"type":"LineString","coordinates":[[14.4,40.9167],[12.78,41.68]]},"properties":{"mission_id":43880,"date":"1944-02-15","theater":"MTO","aircraft":"North American A-36 Apache (Invader)","takeoff_base":"POMIGLIANO AIRFIELD","target_location":"VELLETRI","target_country":"ITALY","total_tons":5.5}},{"type":"Feature","geometry":{"type":"LineString","coordinates":[[14.4,40.9167],[12.63,41.45]]},"properties":{"mission_id":44437,"date":"1944-02-16","theater":"MTO","aircraft":"North American A-36 Apache (Invader)","takeoff_base":"POMIGLIANO AIRFIELD","target_location":"ANZIO","target_country":"ITALY","total_tons":17.0}},{"type":"Feature","geometry":{"type":"LineString","coordinates":[[14.4,40.9167],[12.47,41.9]]},"properties":{"mission_id":44454,"date":"1944-02-16","theater":"MTO","aircraft":"North American A-36 Apache (Invader)","takeoff_base":"POMIGLIANO AIRFIELD","target_location":"ROME","target_country":"ITALY","total_tons":6.0}},{"type":"Feature","geometry":{"type":"LineString","coordinates":[[14.4,40.9167],[12.0,41.0]]},"properties":{"mission_id":44455,"date":"1944-02-16","theater":"MTO","aircraft":"North American A-36 Apache (Invader)","takeoff_base":"POMIGLIANO AIRFIELD","target_location":"TIBERTINA","target_country":"ITALY","total_tons":6.0}},{"type":"Feature","geometry":{"type":"LineString","coordinates":[[14.4,40.9167],[12.63,41.45]]},"properties":{"mission_id":44467,"date":"1944-02-16","theater":"MTO","aircraft":"North American A-36 Apache (Invader)","takeoff_base":"POMIGLIANO AIRFIELD","target_location":"ANZIO","target_country":"ITALY","total_tons":1.5}},{"type":"Feature","geometry":{"type":"LineString","coordinates":[[14.4,40.9167],[12.48,41.87]]},"properties":{"mission_id":44729,"date":"1944-02-17","theater":"MTO","aircraft":"North American A-36 Apache (Invader)","takeoff_base":"POMIGLIANO AIRFIELD","target_location":"CARTOCETO","target_country":"ITALY","total_tons":8.0}},{"type":"Feature","geometry":{"type":"LineString","coordinates":[[14.4,40.9167],[13.82,41.48]]},"properties":{"mission_id":44730,"date":"1944-02-17","theater":"MTO","aircraft":"North American A-36 Apache (Invader)","takeoff_base":"POMIGLIANO AIRFIELD","target_location":"CASSINO","target_country":"ITALY","total_tons":8.0}},{"type":"Feature","geometry":{"type":"LineString","coordinates":[[14.4,40.9167],[12.63,41.72]]},"properties":{"mission_id":45063,"date":"1944-02-19","theater":"MTO","aircraft":"North American A-36 Apache (Invader)","takeoff_base":"POMIGLIANO AIRFIELD","target_location":"ALBANO","target_country":"ITALY","total_tons":4.0}},{"type":"Feature","geometry":{"type":"LineString","coordinates":[[14.4,40.9167],[12.48,41.87]]},"properties":{"mission_id":45349,"date":"1944-02-20","theater":"MTO","aircraft":"North American A-36 Apache (Invader)","takeoff_base":"POMIGLIANO AIRFIELD","target_location":"CARTOCETO","target_country":"ITALY","total_tons":5.0}},{"type":"Feature","geometry":{"type":"LineString","coordinates":[[14.4,40.9167],[12.47,41.9]]},"properties":{"mission_id":45351,"date":"1944-02-20","theater":"MTO","aircraft":"North American A-36 Apache (Invader)","takeoff_base":"POMIGLIANO AIRFIELD","target_location":"ARICCIA","target_country":"ITALY","total_tons":4.0}},{"type":"Feature","geometry":{"type":"LineString","coordinates":[[-1.2533,54.0492],[9.9672,53.5631]]},"properties":{"mission_id":45601,"date":"1939-09-03","theater":"ETO","aircraft":"Armstrong Whitworth Whitley","takeoff_base":"LINTON-ON-OUSE","target_location":"\"HAMBURG, BREMEN, RUHR\"","target_country":"GERMANY","total_tons":0.0}},{"type":"Feature","geometry":{"type":"LineString","coordinates":[[-0.1078,52.3569],[8.05,53.5]]},"properties":{"mission_id":45602,"date":"1939-09-04","theater":"ETO","aircraft":"Bristol Blenheim","takeoff_base":"WYTON","target_location":"WILHELMSHAVEN","target_country":"GERMANY","total_tons":0.0}},{"type":"Feature","geometry":{"type":"LineString","coordinates":[[0.7731,52.3428],[9.1048,53.895]]},"properties":{"mission_id":45603,"date":"1939-09-04","theater":"ETO","aircraft":"Vickers Wellington","takeoff_base":"RAF HONINGTON","target_location":"BRUNSBUTTEL","target_country":"GERMANY","total_tons":0.0}},{"type":"Feature","geometry":{"type":"LineString","coordinates":[[-0.4355,53.8775],[9.7167,52.3667]]},"properties":{"mission_id":45604,"date":"1939-09-04","theater":"ETO","aircraft":"Armstrong Whitworth Whitley","takeoff_base":"LECONFIELD","target_location":"RUHR","target_country":"GERMANY","total_tons":0.0}},{"type":"Feature","geometry":{"type":"LineString","coordinates":[[-1.2533,54.0492],[9.15,48.7667]]},"properties":{"mission_id":45605,"date":"1939-09-05","theater":"ETO","aircraft":"Armstrong Whitworth Whitley","takeoff_base":"LINTON-ON-OUSE","target_location":"\"MAINZ, DARMSTADT, MANNHEIM, FRANKFURT\"","target_country":"GERMANY","total_tons":0.0}},{"type":"Feature","geometry":{"type":"LineString","coordinates":[[-1.2533,54.0492],[8.05,53.5]]},"properties":{"mission_id":45606,"date":"1939-09-07","theater":"ETO","aircraft":"Armstrong Whitworth Whitley","takeoff_base":"LINTON-ON-OUSE","target_location":"\"LUBECK, KIEL, WILHELMSHAVEN\"","target_country":"GERMANY","total_tons":0.0}},{"type":"Feature","geometry":{"type":"LineString","coordinates":[[0.7731,52.3428],[9.7167,52.3667]]},"properties":{"mission_id":45607,"date":"1939-09-08","theater":"ETO","aircraft":"Vickers Wellington","takeoff_base":"RAF HONINGTON","target_location":"HANOVER","target_country":"GERMANY","total_tons":0.0}},{"type":"Feature","geometry":{"type":"LineString","coordinates":[[-1.2533,54.0492],[9.7167,52.3667]]},"properties":{"mission_id":45608,"date":"1939-09-08","theater":"ETO","aircraft":"Armstrong Whitworth Whitley","takeoff_base":"LINTON-ON-OUSE","target_location":"\"HANOVER, RUHR, MUNSTER, KOLN, OSNABRUCK\"","target_country":"GERMANY","total_tons":0.0}},{"type":"Feature","geometry":{"type":"LineString","coordinates":[[-1.2533,54.0492],[7.7603,49.44]]},"properties":{"mission_id":45609,"date":"1939-09-10","theater":"ETO","aircraft":"Armstrong Whitworth Whitley","takeoff_base":"LINTON-ON-OUSE","target_location":"\"KAISERSLAUTERN, STUTTGART, FRANKFURT, NUREMBURG\"","target_country":"GERMANY","total_tons":0.0}},{"type":"Feature","geometry":{"type":"LineString","coordinates":[[-1.2533,54.0492],[8.9,53.05]]},"properties":{"mission_id":45610,"date":"1939-09-24","theater":"ETO","aircraft":"Armstrong Whitworth Whitley","takeoff_base":"LINTON-ON-OUSE","target_location":"\"BREMEN, HAMBURG, RUHR\"","target_country":"GERMANY","total_tons":0.0}},{"type":"Feature","geometry":{"type":"LineString","coordinates":[[-1.2533,54.0492],[8.9,53.05]]},"properties":{"mission_id":45611,"date":"1939-09-25","theater":"ETO","aircraft":"Armstrong Whitworth Whitley","takeoff_base":"LINTON-ON-OUSE","target_location":"\"BREMEN, OSNABRUCK, MUNSTER\"","target_country":"GERMANY","total_tons":0.0}},{"type":"Feature","geometry":{"type":"LineString","coordinates":[[-1.2533,54.0492],[8.9,53.05]]},"properties":{"mission_id":45612,"date":"1939-09-27","theater":"ETO","aircraft":"Armstrong Whitworth Whitley","takeoff_base":"LINTON-ON-OUSE","target_location":"\"BREMEN, OSNABRUCK, MUNSTER\"","target_country":"GERMANY","total_tons":0.0}},{"type":"Feature","geometry":{"type":"LineString","coordinates":[[-1.2533,54.0492],[8.9,53.05]]},"properties":{"mission_id":45613,"date":"1939-09-28","theater":"ETO","aircraft":"Armstrong Whitworth Whitley","takeoff_base":"LINTON-ON-OUSE","target_location":"\"BREMEN, RUHR\"","target_country":"GERMANY","total_tons":0.0}},{"type":"Feature","geometry":{"type":"LineString","coordinates":[[-0.5511,53.3078],[7.8833,54.2]]},"properties":{"mission_id":45614,"date":"1939-09-29","theater":"ETO","aircraft":"Handley Page HP.52 Hampden","takeoff_base":"SCAMPTON","target_location":"HELIGOLAND","target_country":"GERMANY","total_tons":0.0}},{"type":"Feature","geometry":{"type":"LineString","coordinates":[[-1.2533,54.0492],[9.9672,53.5631]]},"properties":{"mission_id":45615,"date":"1939-09-30","theater":"ETO","aircraft":"Armstrong Whitworth Whitley","takeoff_base":"LINTON-ON-OUSE","target_location":"\"HAMBURG, BREMEN\"","target_country":"GERMANY","total_tons":0.0}},{"type":"Feature","geometry":{"type":"LineString","coordinates":[[-1.4203,54.1372],[13.3667,52.5167]]},"properties":{"mission_id":45616,"date":"1939-10-01","theater":"ETO","aircraft":"Armstrong Whitworth Whitley","takeoff_base":"DISHFORTH","target_location":"BERLIN","target_country":"GERMANY","total_tons":0.0}},{"type":"Feature","geometry":{"type":"LineString","coordinates":[[-1.4203,54.1372],[13.3667,52.5167]]},"properties":{"mission_id":45617,"date":"1939-10-15","theater":"ETO","aircraft":"Armstrong Whitworth Whitley","takeoff_base":"DISHFORTH","target_location":"BERLIN","target_country":"GERMANY","total_tons":0.0}},{"type":"Feature","geometry":{"type":"LineString","coordinates":[[-1.2533,54.0492],[9.9672,53.5631]]},"properties":{"mission_id":45618,"date":"1939-10-18","theater":"ETO","aircraft":"Armstrong Whitworth Whitley","takeoff_base":"LINTON-ON-OUSE","target_location":"\"HAMBURG, BREMEN, HANOVER\"","target_country":"GERMANY","total_tons":0.0}},{"type":"Feature","geometry":{"type":"LineString","coordinates":[[-1.4203,54.1372],[9.9672,53.5631]]},"properties":{"mission_id":45619,"date":"1939-10-24","theater":"ETO","aircraft":"Armstrong Whitworth Whitley","takeoff_base":"DISHFORTH","target_location":"\"MAGDEBURG, HAMBURG, BERLIN\"","target_country":"GERMANY","total_tons":0.0}},{"type":"Feature","geometry":{"type":"LineString","coordinates":[[-1.4203,54.1372],[9.15,48.7667]]},"properties":{"mission_id":45620,"date":"1939-10-27","theater":"ETO","aircraft":"Armstrong Whitworth Whitley","takeoff_base":"DISHFORTH","target_location":"\"STUTTGART, MUNICH, FRANKFURT\"","target_country":"GERMANY","total_tons":0.0}},{"type":"Feature","geometry":{"type":"LineString","coordinates":[[-1.4203,54.1372],[7.7603,49.44]]},"properties":{"mission_id":45621,"date":"1939-11-10","theater":"ETO","aircraft":"Armstrong Whitworth Whitley","takeoff_base":"DISHFORTH","target_location":"\"MANNHEIM, STUTTGART, NUREMBURG, FRANKFURT\"","target_country":"GERMANY","total_tons":0.0}},{"type":"Feature","geometry":{"type":"LineString","coordinates":[[-1.4203,54.1372],[8.9,53.05]]},"properties":{"mission_id":45622,"date":"1939-11-20","theater":"ETO","aircraft":"Armstrong Whitworth Whitley","takeoff_base":"DISHFORTH","target_location":"\"BREMEN, HAMBURG, RUHR\"","target_country":"GERMANY","total_tons":0.0}},{"type":"Feature","geometry":{"type":"LineString","coordinates":[[-1.2533,54.0492],[9.15,48.7667]]},"properties":{"mission_id":45623,"date":"1939-11-21","theater":"ETO","aircraft":"Armstrong Whitworth Whitley","takeoff_base":"LINTON-ON-OUSE","target_location":"\"FRANKFURT, STUTTGART\"","target_country":"GERMANY","total_tons":0.0}},{"type":"Feature","geometry":{"type":"LineString","coordinates":[[-1.4203,54.1372],[9.1048,53.895]]},"properties":{"mission_id":45624,"date":"1939-11-24","theater":"ETO","aircraft":"Armstrong Whitworth Whitley","takeoff_base":"DISHFORTH","target_location":"\"WILHELMSHAVEN, BRUNSBUTTEL\"","target_country":"GERMANY","total_tons":0.0}},{"type":"Feature","geometry":{"type":"LineString","coordinates":[[-1.4203,54.1372],[8.7,53.8833]]},"properties":{"mission_id":45625,"date":"1939-11-27","theater":"ETO","aircraft":"Armstrong Whitworth Whitley","takeoff_base":"DISHFORTH","target_location":"\"WILHELMSHAVEN, CUXHAVEN\"","target_country":"GERMANY","total_tons":0.0}},{"type":"Feature","geometry":{"type":"LineString","coordinates":[[0.4867,52.3617],[7.8833,54.2]]},"properties":{"mission_id":45626,"date":"1939-12-03","theater":"ETO","aircraft":"Vickers Wellington","takeoff_base":"MILDENHALL/MARHAM","target_location":"HELIGOLAND","target_country":"GERMANY","total_tons":0.0}},{"type":"Feature","geometry":{"type":"LineString","coordinates":[[-1.4203,54.1372],[9.9672,53.5631]]},"properties":{"mission_id":45627,"date":"1939-12-06","theater":"ETO","aircraft":"Armstrong Whitworth Whitley","takeoff_base":"DISHFORTH","target_location":"\"HAMBURG, BREMEN\"","target_country":"GERMANY","total_tons":0.0}},{"type":"Feature","geometry":{"type":"LineString","coordinates":[[-1.4203,54.1372],[8.3333,54.9]]},"properties":{"mission_id":45628,"date":"1939-12-12","theater":"ETO","aircraft":"Armstrong Whitworth Whitley","takeoff_base":"DISHFORTH","target_location":"\"SYLT, BORKUM, NORDERNEY\"","target_country":"GERMANY","total_tons":0.0}},{"type":"Feature","geometry":{"type":"LineString","coordinates":[[-1.4203,54.1372],[8.3333,54.9]]},"properties":{"mission_id":45629,"date":"1939-12-13","theater":"ETO","aircraft":"Armstrong Whitworth Whitley","takeoff_base":"DISHFORTH","target_location":"\"SYLT, BORKUM, NORDERNEY\"","target_country":"GERMANY","total_tons":0.0}},{"type":"Feature","geometry":{"type":"LineString","coordinates":[[0.3705,52.2419],[8.05,53.5]]},"properties":{"mission_id":45630,"date":"1939-12-14","theater":"ETO","aircraft":"Vickers Wellington","takeoff_base":"RAF NEWMARKET","target_location":"SHILLIG ROADS NEAR WILHELMSHAVEN","target_country":"GERMANY","total_tons":0.0}},{"type":"Feature","geometry":{"type":"LineString","coordinates":[[-1.4203,54.1372],[6.7,53.6]]},"properties":{"mission_id":45631,"date":"1939-12-14","theater":"ETO","aircraft":"Armstrong Whitworth Whitley","takeoff_base":"DISHFORTH","target_location":"\"BORKUM, SYLT\"","target_country":"GERMANY","total_tons":0.0}},{"type":"Feature","geometry":{"type":"LineString","coordinates":[[-1.4203,54.1372],[7.7,53.8833]]},"properties":{"mission_id":45632,"date":"1939-12-16","theater":"ETO","aircraft":"Armstrong Whitworth Whitley","takeoff_base":"DISHFORTH","target_location":"SEA SWEEP","target_country":"GERMANY","total_tons":0.0}},{"type":"Feature","geometry":{"type":"LineString","coordinates":[[-1.4203,54.1372],[8.3333,54.9]]},"properties":{"mission_id":45633,"date":"1939-12-16","theater":"ETO","aircraft":"Armstrong Whitworth Whitley","takeoff_base":"DISHFORTH","target_location":"\"SYLT, BORKUM, NORDERNEY\"","target_country":"GERMANY","total_tons":0.0}},{"type":"Feature","geometry":{"type":"LineString","coordinates":[[-1.4203,54.1372],[7.25,53.7167]]},"properties":{"mission_id":45634,"date":"1939-12-16","theater":"ETO","aircraft":"Armstrong Whitworth Whitley","takeoff_base":"DISHFORTH","target_location":"\"SYLT, BORKUM, NORDERNEY\"","target_country":"GERMANY","total_tons":0.0}},{"type":"Feature","geometry":{"type":"LineString","coordinates":[[0.7731,52.3428],[8.05,53.5]]},"properties":{"mission_id":45635,"date":"1939-12-18","theater":"ETO","aircraft":"Vickers Wellington","takeoff_base":"RAF HONINGTON","target_location":"WILHELMSHAVEN","target_country":"GERMANY","total_tons":0.0}},{"type":"Feature","geometry":{"type":"LineString","coordinates":[[-1.4203,54.1372],[7.25,53.7167]]},"properties":{"mission_id":45636,"date":"1939-12-18","theater":"ETO","aircraft":"Armstrong Whitworth Whitley","takeoff_base":"DISHFORTH","target_location":"\"SYLT, BORKUM, NORDERNEY\"","target_country":"GERMANY","total_tons":0.0}},{"type":"Feature","geometry":{"type":"LineString","coordinates":[[-0.1078,52.3569],[7.7,53.8833]]},"properties":{"mission_id":45637,"date":"1939-12-20","theater":"ETO","aircraft":"Bristol Blenheim","takeoff_base":"WYTON","target_location":"SEA SWEEP","target_country":"GERMANY","total_tons":0.0}},{"type":"Feature","geometry":{"type":"LineString","coordinates":[[-1.4203,54.1372],[6.7,53.6]]},"properties":{"mission_id":45638,"date":"1939-12-20","theater":"ETO","aircraft":"Armstrong Whitworth Whitley","takeoff_base":"DISHFORTH","target_location":"\"BORKUM, SYLT\"","target_country":"GERMANY","total_tons":0.0}},{"type":"Feature","geometry":{"type":"LineString","coordinates":[[-1.4203,54.1372],[9.9672,53.5631]]},"properties":{"mission_id":45639,"date":"1939-12-23","theater":"ETO","aircraft":"Armstrong Whitworth Whitley","takeoff_base":"DISHFORTH","target_location":"\"HAMBURG, BREMEN\"","target_country":"GERMANY","total_tons":0.0}},{"type":"Feature","geometry":{"type":"LineString","coordinates":[[0.7731,52.3428],[7.7,53.8833]]},"properties":{"mission_id":45640,"date":"1939-12-24","theater":"ETO","aircraft":"Vickers Wellington","takeoff_base":"RAF HONINGTON","target_location":"SEA SWEEP","target_country":"GERMANY","total_tons":0.0}},{"type":"Feature","geometry":{"type":"LineString","coordinates":[[-1.4203,54.1372],[6.7,53.6]]},"properties":{"mission_id":45641,"date":"1939-12-31","theater":"ETO","aircraft":"Armstrong Whitworth Whitley","takeoff_base":"DISHFORTH","target_location":"\"BORKUM, SYLT\"","target_country":"GERMANY","total_tons":0.0}},{"type":"Feature","geometry":{"type":"LineString","coordinates":[[31.3167,29.8333],[23.91,31.91]]},"properties":{"mission_id":45675,"date":"1940-06-11","theater":"MTO","aircraft":"Bristol Blenheim","takeoff_base":"HELWAN","target_location":"EL ADAM","target_country":"LIBYA","total_tons":0.0}},{"type":"Feature","geometry":{"type":"LineString","coordinates":[[31.3167,29.8333],[23.91,31.91]]},"properties":{"mission_id":45676,"date":"1940-06-11","theater":"MTO","aircraft":"Bristol Blenheim","takeoff_base":"HELWAN","target_location":"EL ADAM","target_country":"LIBYA","total_tons":0.0}},{"type":"Feature","geometry":{"type":"LineString","coordinates":[[37.0,18.75],[39.45,15.6]]},"properties":{"mission_id":45677,"date":"1940-06-11","theater":"MTO","aircraft":"Vickers Wellington","takeoff_base":"ERKOWIT","target_location":"MASSAWA","target_country":"ERITREA","total_tons":0.0}},{"type":"Feature","geometry":{"type":"LineString","coordinates":[[36.8167,-1.2833],[39.056,3.527]]},"properties":{"mission_id":45686,"date":"1940-06-13","theater":"MTO","aircraft":"Junkers Ju 86","takeoff_base":"NAIROBI","target_location":"ITALIAN MOYALE","target_country":"ETHIOPIA","total_tons":0.0}},{"type":"Feature","geometry":{"type":"LineString","coordinates":[[31.3167,29.8333],[24.67,30.67]]},"properties":{"mission_id":45689,"date":"1940-06-14","theater":"MTO","aircraft":"Bristol Blenheim","takeoff_base":"HELWAN","target_location":"MADDALENA","target_country":"LIBYA","total_tons":0.0}},{"type":"Feature","geometry":{"type":"LineString","coordinates":[[45.0267,12.7817],[41.8667,9.5833]]},"properties":{"mission_id":45697,"date":"1940-06-15","theater":"MTO","aircraft":"Bristol Blenheim","takeoff_base":"ADEN","target_location":"DIREDAWA","target_country":"ETHIOPIA","total_tons":0.0}},{"type":"Feature","geometry":{"type":"LineString","coordinates":[[14.4,40.9167],[12.47,41.9]]},"properties":{"mission_id":46192,"date":"1944-02-21","theater":"MTO","aircraft":"North American A-36 Apache (Invader)","takeoff_base":"POMIGLIANO AIRFIELD","target_location":"ARICCIA","target_country":"ITALY","total_tons":4.0}},{"type":"Feature","geometry":{"type":"LineString","coordinates":[[14.4,40.9167],[12.83,41.57]]},"properties":{"mission_id":46197,"date":"1944-02-21","theater":"MTO","aircraft":"North American A-36 Apache (Invader)","takeoff_base":"POMIGLIANO AIRFIELD","target_location":"CISTERNA DI ROMA","target_country":"ITALY","total_tons":3.5}},{"type":"Feature","geometry":{"type":"LineString","coordinates":[[14.4,40.9167],[13.62,41.25]]},"properties":{"mission_id":46998,"date":"1944-02-22","theater":"MTO","aircraft":"North American A-36 Apache (Invader)","takeoff_base":"POMIGLIANO AIRFIELD","target_location":"FORMIA","target_country":"ITALY","total_tons":7.0}},{"type":"Feature","geometry":{"type":"LineString","coordinates":[[14.4,40.9167],[12.7,41.68]]},"properties":{"mission_id":47306,"date":"1944-02-22","theater":"MTO","aircraft":"North American A-36 Apache (Invader)","takeoff_base":"POMIGLIANO AIRFIELD","target_location":"LANUVIO","target_country":"ITALY","total_tons":3.0}},{"type":"Feature","geometry":{"type":"LineString","coordinates":[[37.2167,19.6167],[36.4,15.45]]},"properties":{"mission_id":47929,"date":"1940-07-31","theater":"EAST AFRICA","aircraft":"Vickers Wellington","takeoff_base":"PORT SUDAN","target_location":"KASSALA","target_country":"SUDAN","total_tons":0.0}},{"type":"Feature","geometry":{"type":"LineString","coordinates":[[37.2167,19.6167],[37.0747,15.1817]]},"properties":{"mission_id":47984,"date":"1940-08-01","theater":"MTO","aircraft":"Bristol Blenheim","takeoff_base":"PORT SUDAN","target_location":"AICOTA","target_country":"ERITREA","total_tons":0.0}},{"type":"Feature","geometry":{"type":"LineString","coordinates":[[37.2167,19.6167],[37.0747,15.1817]]},"properties":{"mission_id":48241,"date":"1940-08-02","theater":"MTO","aircraft":"Bristol Blenheim","takeoff_base":"PORT SUDAN","target_location":"AICOTA","target_country":"ERITREA","total_tons":0.0}},{"type":"Feature","geometry":{"type":"LineString","coordinates":[[37.2167,19.6167],[39.45,15.6]]},"properties":{"mission_id":48296,"date":"1940-08-04","theater":"MTO","aircraft":"Bristol Blenheim","takeoff_base":"PORT SUDAN","target_location":"MASSAWA","target_country":"ERITREA","total_tons":0.0}},{"type":"Feature","geometry":{"type":"LineString","coordinates":[[37.2167,19.6167],[39.45,15.6]]},"properties":{"mission_id":48672,"date":"1940-08-06","theater":"MTO","aircraft":"Bristol Blenheim","takeoff_base":"PORT SUDAN","target_location":"MASSAWA","target_country":"ERITREA","total_tons":0.0}},{"type":"Feature","geometry":{"type":"LineString","coordinates":[[14.4,40.9167],[11.63,46.78]]},"properties":{"mission_id":48944,"date":"1944-02-25","theater":"MTO","aircraft":"North American A-36 Apache (Invader)","takeoff_base":"POMIGLIANO AIRFIELD","target_location":"SPELONGA","target_country":"ITALY","total_tons":5.0}},{"type":"Feature","geometry":{"type":"LineString","coordinates":[[14.4,40.9167],[12.47,41.9]]},"properties":{"mission_id":48948,"date":"1944-02-25","theater":"MTO","aircraft":"North American A-36 Apache (Invader)","takeoff_base":"POMIGLIANO AIRFIELD","target_location":"ROME","target_country":"ITALY","total_tons":3.5}},{"type":"Feature","geometry":{"type":"LineString","coordinates":[[45.0267,12.7817],[38.7369,9.0272]]},"properties":{"mission_id":49030,"date":"1940-08-08","theater":"MTO","aircraft":null,"takeoff_base":"ADEN","target_location":"ADDIS ABABA","target_country":"ETHIOPIA","total_tons":0.0}},{"type":"Feature","geometry":{"type":"LineString","coordinates":[[37.0,18.75],[38.682,5.016]]},"properties":{"mission_id":49060,"date":"1940-08-09","theater":"MTO","aircraft":"Vickers Wellington","takeoff_base":"ERKOWIT","target_location":"GURA","target_country":"ETHIOPIA","total_tons":0.0}},{"type":"Feature","geometry":{"type":"LineString","coordinates":[[14.4,40.9167],[12.9,41.47]]},"properties":{"mission_id":49775,"date":"1944-02-27","theater":"MTO","aircraft":"North American A-36 Apache (Invader)","takeoff_base":"POMIGLIANO AIRFIELD","target_location":"LITTORIA","target_country":"ITALY","total_tons":15.0}},{"type":"Feature","geometry":{"type":"LineString","coordinates":[[14.4,40.9167],[13.53,41.55]]},"properties":{"mission_id":49797,"date":"1944-02-27","theater":"MTO","aircraft":"North American A-36 Apache (Invader)","takeoff_base":"POMIGLIANO AIRFIELD","target_location":"CEPRANO","target_country":"ITALY","total_tons":5.0}},{"type":"Feature","geometry":{"type":"LineString","coordinates":[[155.3839,-6.2444],[155.3,-6.6667]]},"properties":{"mission_id":49970,"date":"1944-09-25","theater":"PTO","aircraft":"PV-1 Lockeed Ventura","takeoff_base":"BOUGAINVILLE ISLAND","target_location":"PURIATA RIVER","target_country":"BOUGAINVILLE","total_tons":1.0}},{"type":"Feature","geometry":{"type":"LineString","coordinates":[[155.3839,-6.2444],[155.25,-6.2]]},"properties":{"mission_id":49971,"date":"1944-09-25","theater":"PTO","aircraft":"PV-1 Lockeed Ventura","takeoff_base":"BOUGAINVILLE ISLAND","target_location":"SOUTH BOUGAINVILLE","target_country":null,"total_tons":1.0}},{"type":"Feature","geometry":{"type":"LineString","coordinates":[[155.3839,-6.2444],[155.3,-6.6667]]},"properties":{"mission_id":49974,"date":"1944-09-25","theater":"PTO","aircraft":"PV-1 Lockeed Ventura","takeoff_base":"BOUGAINVILLE ISLAND","target_location":"PURIATA RIVER","target_country":"BOUGAINVILLE","total_tons":250.0}},{"type":"Feature","geometry":{"type":"LineString","coordinates":[[155.3839,-6.2444],[155.25,-6.2]]},"properties":{"mission_id":49975,"date":"1944-09-25","theater":"PTO","aircraft":"PV-1 Lockeed Ventura","takeoff_base":"BOUGAINVILLE ISLAND","target_location":"SOUTH BOUGAINVILLE","target_country":null,"total_tons":250.0}},{"type":"Feature","geometry":{"type":"LineString","coordinates":[[14.4,40.9167],[12.52,42.02]]},"properties":{"mission_id":50124,"date":"1944-02-28","theater":"MTO","aircraft":"North American A-36 Apache (Invader)","takeoff_base":"POMIGLIANO AIRFIELD","target_location":"MARCIGLIANO (MARCIGLIANA)","target_country":"ITALY","total_tons":16.0}},{"type":"Feature","geometry":{"type":"LineString","coordinates":[[14.4,40.9167],[13.53,41.55]]},"properties":{"mission_id":50145,"date":"1944-02-28","theater":"MTO","aircraft":"North American A-36 Apache (Invader)","takeoff_base":"POMIGLIANO AIRFIELD","target_location":"CEPRANO","target_country":"ITALY","total_tons":5.0}},{"type":"Feature","geometry":{"type":"LineString","coordinates":[[14.4,40.9167],[12.9,41.47]]},"properties":{"mission_id":50146,"date":"1944-02-28","theater":"MTO","aircraft":"North American A-36 Apache (Invader)","takeoff_base":"POMIGLIANO AIRFIELD","target_location":"LITTORIA","target_country":"ITALY","total_tons":5.0}},{"type":"Feature","geometry":{"type":"LineString","coordinates":[[37.2167,19.6167],[39.45,15.6]]},"properties":{"mission_id":50214,"date":"1940-08-15","theater":"MTO","aircraft":"Vickers Wellington","takeoff_base":"PORT SUDAN","target_location":"MASSAWA","target_country":"ERITREA","total_tons":2.0}},{"type":"Feature","geometry":{"type":"LineString","coordinates":[[14.4,40.9167],[12.83,41.57]]},"properties":{"mission_id":50538,"date":"1944-02-29","theater":"MTO","aircraft":"North American A-36 Apache (Invader)","takeoff_base":"POMIGLIANO AIRFIELD","target_location":"CISTERNA DI ROMA","target_country":"ITALY","total_tons":5.0}},{"type":"Feature","geometry":{"type":"LineString","coordinates":[[155.3839,-6.2444],[154.7667,-5.5167]]},"properties":{"mission_id":50782,"date":"1944-09-26","theater":"PTO","aircraft":"PV-1 Lockeed Ventura","takeoff_base":"BOUGAINVILLE ISLAND","target_location":"PORTON PLANTATION","target_country":"SOLOMON ISLANDS","total_tons":4.0}},{"type":"Feature","geometry":{"type":"LineString","coordinates":[[155.3839,-6.2444],[154.7667,-5.5167]]},"properties":{"mission_id":50794,"date":"1944-09-26","theater":"PTO","aircraft":"PV-1 Lockeed Ventura","takeoff_base":"BOUGAINVILLE ISLAND","target_location":"PORTON PLANTATION","target_country":"SOLOMON ISLANDS","total_tons":1.0}},{"type":"Feature","geometry":{"type":"LineString","coordinates":[[36.8167,-1.2833],[38.0833,4.8833]]},"properties":{"mission_id":51025,"date":"1940-08-19","theater":"MTO","aircraft":null,"takeoff_base":"NAIROBI","target_location":"\"AFMADU, GODWEN, YAVELLO, NEGHELLI, LUGH FERRANDI, ISHA BAIDOA, MERKA AND MOGADISHU \"","target_country":"ETHIOPIA","total_tons":0.0}},{"type":"Feature","geometry":{"type":"LineString","coordinates":[[36.8167,18.75],[41.8667,9.5833]]},"properties":{"mission_id":51037,"date":"1940-08-20","theater":"MTO","aircraft":"Vickers Wellington","takeoff_base":"SUMMIT","target_location":"DESSIE","target_country":"ETHIOPIA","total_tons":2.75}},{"type":"Feature","geometry":{"type":"LineString","coordinates":[[14.4,40.9167],[12.83,41.57]]},"properties":{"mission_id":51314,"date":"1944-03-02","theater":"MTO","aircraft":"North American A-36 Apache (Invader)","takeoff_base":"POMIGLIANO AIRFIELD","target_location":"CISTERNA DI ROMA","target_country":"ITALY","total_tons":18.0}},{"type":"Feature","geometry":{"type":"LineString","coordinates":[[14.4,40.9167],[12.9,41.47]]},"properties":{"mission_id":51328,"date":"1944-03-02","theater":"MTO","aircraft":"North American A-36 Apache (Invader)","takeoff_base":"POMIGLIANO AIRFIELD","target_location":"LITTORIA","target_country":"ITALY","total_tons":6.0}},{"type":"Feature","geometry":{"type":"LineString","coordinates":[[155.3839,-6.2444],[154.7667,-5.5167]]},"properties":{"mission_id":52306,"date":"1944-09-27","theater":"PTO","aircraft":"PV-1 Lockeed Ventura","takeoff_base":"BOUGAINVILLE ISLAND","target_location":"PORTON PLANTATION","target_country":"SOLOMON ISLANDS","total_tons":3.0}},{"type":"Feature","geometry":{"type":"LineString","coordinates":[[14.4,40.9167],[13.25,41.27]]},"properties":{"mission_id":52595,"date":"1944-03-04","theater":"MTO","aircraft":"North American A-36 Apache (Invader)","takeoff_base":"POMIGLIANO AIRFIELD","target_location":"TERRACINA","target_country":"ITALY","total_tons":6.0}},{"type":"Feature","geometry":{"type":"LineString","coordinates":[[155.3839,-6.2444],[155.3,-6.6667]]},"properties":{"mission_id":53164,"date":"1944-09-28","theater":"PTO","aircraft":"PV-1 Lockeed Ventura","takeoff_base":"BOUGAINVILLE ISLAND","target_location":"PURIATA RIVER","target_country":"BOUGAINVILLE","total_tons":3.0}},{"type":"Feature","geometry":{"type":"LineString","coordinates":[[155.3839,-6.2444],[155.4833,-6.6833]]},"properties":{"mission_id":53174,"date":"1944-09-28","theater":"PTO","aircraft":"PV-1 Lockeed Ventura","takeoff_base":"BOUGAINVILLE ISLAND","target_location":"KIRINANI","target_country":"SOLOMON ISLANDS","total_tons":1.5}},{"type":"Feature","geometry":{"type":"LineString","coordinates":[[155.3839,-6.2444],[155.5333,-6.7167]]},"properties":{"mission_id":53175,"date":"1944-09-28","theater":"PTO","aircraft":"PV-1 Lockeed Ventura","takeoff_base":"BOUGAINVILLE ISLAND","target_location":"MUSIMANAI","target_country":"SOLOMON ISLANDS","total_tons":1.5}},{"type":"Feature","geometry":{"type":"LineString","coordinates":[[155.3839,-6.2444],[155.25,-6.5833]]},"properties":{"mission_id":53176,"date":"1944-09-28","theater":"PTO","aircraft":"PV-1 Lockeed Ventura","takeoff_base":"BOUGAINVILLE ISLAND","target_location":"MOSIGETTA RD","target_country":"SOLOMON ISLANDS","total_tons":1.5}},{"type":"Feature","geometry":{"type":"LineString","coordinates":[[14.4,40.9167],[12.47,41.9]]},"properties":{"mission_id":53630,"date":"1944-03-06","theater":"MTO","aircraft":"North American A-36 Apache (Invader)","takeoff_base":"POMIGLIANO AIRFIELD","target_location":"ROME","target_country":"ITALY","total_tons":5.5}},{"type":"Feature","geometry":{"type":"LineString","coordinates":[[37.0,18.75],[36.4,15.45]]},"properties":{"mission_id":53757,"date":"1940-09-03","theater":"EAST AFRICA","aircraft":"Vickers Wellington","takeoff_base":"ERKOWIT","target_location":"KASSALA","target_country":"SUDAN","total_tons":0.0}},{"type":"Feature","geometry":{"type":"LineString","coordinates":[[36.8167,-1.2833],[43.6498,3.0667]]},"properties":{"mission_id":54006,"date":"1940-09-04","theater":"EAST AFRICA","aircraft":"Fairey Battle","takeoff_base":"NAIROBI","target_location":"ISHA BAIDOA","target_country":"SOMALIA","total_tons":0.0}},{"type":"Feature","geometry":{"type":"LineString","coordinates":[[36.8167,18.75],[36.4,15.45]]},"properties":{"mission_id":54007,"date":"1940-09-04","theater":"EAST AFRICA","aircraft":"Vickers Wellington","takeoff_base":"SUMMIT","target_location":"KASSALA","target_country":"SUDAN","total_tons":0.0}},{"type":"Feature","geometry":{"type":"LineString","coordinates":[[45.0267,12.7817],[42.7333,13.0167]]},"properties":{"mission_id":54077,"date":"1940-09-05","theater":"MTO","aircraft":null,"takeoff_base":"ADEN","target_location":"ASSAB","target_country":"ERITREA","total_tons":0.0}},{"type":"Feature","geometry":{"type":"LineString","coordinates":[[14.4,40.9167],[12.6,42.05]]},"properties":{"mission_id":54186,"date":"1944-03-07","theater":"MTO","aircraft":"North American A-36 Apache (Invader)","takeoff_base":"POMIGLIANO AIRFIELD","target_location":"MONTEROTONDO","target_country":"ITALY","total_tons":18.0}},{"type":"Feature","geometry":{"type":"LineString","coordinates":[[14.4,40.9167],[12.9,41.47]]},"properties":{"mission_id":54195,"date":"1944-03-07","theater":"MTO","aircraft":"North American A-36 Apache (Invader)","takeoff_base":"POMIGLIANO AIRFIELD","target_location":"LITTORIA","target_country":"ITALY","total_tons":4.0}},{"type":"Feature","geometry":{"type":"LineString","coordinates":[[166.8333,-15.25],[152.0167,-4.9667]]},"properties":{"mission_id":54328,"date":"1944-09-29","theater":"PTO","aircraft":"PV-1 Lockeed Ventura","takeoff_base":"ESPIRITU SANTO","target_location":"WAITAVALO-WIDE BAY AREA","target_country":"BISMARK ARCHIPELAGO","total_tons":10.5}},{"type":"Feature","geometry":{"type":"LineString","coordinates":[[37.2167,19.6167],[39.45,15.6]]},"properties":{"mission_id":54823,"date":"1940-09-09","theater":"MTO","aircraft":"Vickers Wellington","takeoff_base":"PORT SUDAN","target_location":"MASSAWA","target_country":"ERITREA","total_tons":0.0}},{"type":"Feature","geometry":{"type":"LineString","coordinates":[[14.4,40.9167],[11.62,42.35]]},"properties":{"mission_id":54912,"date":"1944-03-08","theater":"MTO","aircraft":"North American A-36 Apache (Invader)","takeoff_base":"POMIGLIANO AIRFIELD","target_location":"MONTALTO DI CASTRO","target_country":"ITALY","total_tons":2.25}},{"type":"Feature","geometry":{"type":"LineString","coordinates":[[14.4,40.9167],[12.18,42.27]]},"properties":{"mission_id":55333,"date":"1944-03-09","theater":"MTO","aircraft":"North American A-36 Apache (Invader)","takeoff_base":"POMIGLIANO AIRFIELD","target_location":"CAPRANICA","target_country":"ITALY","total_tons":20.0}},{"type":"Feature","geometry":{"type":"LineString","coordinates":[[14.4,40.9167],[12.6,42.05]]},"properties":{"mission_id":55342,"date":"1944-03-09","theater":"MTO","aircraft":"North American A-36 Apache (Invader)","takeoff_base":"POMIGLIANO AIRFIELD","target_location":"MONTEROTONDO","target_country":"ITALY","total_tons":6.0}},{"type":"Feature","geometry":{"type":"LineString","coordinates":[[45.0267,12.7817],[42.7333,13.0167]]},"properties":{"mission_id":55625,"date":"1940-09-15","theater":"MTO","aircraft":null,"takeoff_base":"ADEN","target_location":"ASSAB","target_country":"ERITREA","total_tons":0.0}},{"type":"Feature","geometry":{"type":"LineString","coordinates":[[37.0,18.75],[36.4,15.45]]},"properties":{"mission_id":55693,"date":"1940-09-18","theater":"EAST AFRICA","aircraft":"Vickers Wellington","takeoff_base":"ERKOWIT","target_location":"KASSALA","target_country":"SUDAN","total_tons":0.0}},{"type":"Feature","geometry":{"type":"LineString","coordinates":[[14.4,40.9167],[12.87,41.83]]},"properties":{"mission_id":56117,"date":"1944-03-10","theater":"MTO","aircraft":"North American A-36 Apache (Invader)","takeoff_base":"POMIGLIANO AIRFIELD","target_location":"ZAGAROLA","target_country":"ITALY","total_tons":18.0}},{"type":"Feature","geometry":{"type":"LineString","coordinates":[[14.4,40.9167],[12.72,42.2]]},"properties":{"mission_id":56126,"date":"1944-03-10","theater":"MTO","aircraft":"North American A-36 Apache (Invader)","takeoff_base":"POMIGLIANO AIRFIELD","target_location":"FABA SABINA","target_country":"ITALY","total_tons":6.0}},{"type":"Feature","geometry":{"type":"LineString","coordinates":[[14.4,40.9167],[11.78,42.1]]},"properties":{"mission_id":56133,"date":"1944-03-10","theater":"MTO","aircraft":"North American A-36 Apache (Invader)","takeoff_base":"POMIGLIANO AIRFIELD","target_location":"CIVITAVECCHIA","target_country":"ITALY","total_tons":3.0}},{"type":"Feature","geometry":{"type":"LineString","coordinates":[[14.4,40.9167],[12.8,41.97]]},"properties":{"mission_id":56509,"date":"1944-03-11","theater":"MTO","aircraft":"North American A-36 Apache (Invader)","takeoff_base":"POMIGLIANO AIRFIELD","target_location":"TIVOLI","target_country":"ITALY","total_tons":16.0}},{"type":"Feature","geometry":{"type":"LineString","coordinates":[[14.4,40.9167],[12.87,41.83]]},"properties":{"mission_id":56529,"date":"1944-03-11","theater":"MTO","aircraft":"North American A-36 Apache (Invader)","takeoff_base":"POMIGLIANO AIRFIELD","target_location":"ZAGAROLA","target_country":"ITALY","total_tons":5.0}},{"type":"Feature","geometry":{"type":"LineString","coordinates":[[32.52,15.58],[39.0433,14.9936]]},"properties":{"mission_id":56751,"date":"1940-09-23","theater":"MTO","aircraft":null,"takeoff_base":"KHARTOUM","target_location":"MAI EDAGA","target_country":"ERITREA","total_tons":0.0}},{"type":"Feature","geometry":{"type":"LineString","coordinates":[[14.4,40.9167],[10.62,44.02]]},"properties":{"mission_id":57320,"date":"1944-03-13","theater":"MTO","aircraft":"North American A-36 Apache (Invader)","takeoff_base":"POMIGLIANO AIRFIELD","target_location":"BAGNI","target_country":"ITALY","total_tons":10.5}},{"type":"Feature","geometry":{"type":"LineString","coordinates":[[14.4,40.9167],[12.28,42.52]]},"properties":{"mission_id":57356,"date":"1944-03-13","theater":"MTO","aircraft":"North American A-36 Apache (Invader)","takeoff_base":"POMIGLIANO AIRFIELD","target_location":"ATTIGLIANO","target_country":"ITALY","total_tons":2.0}},{"type":"Feature","geometry":{"type":"LineString","coordinates":[[36.8167,-1.2833],[38.0833,4.8833]]},"properties":{"mission_id":46004,"date":"1940-06-16","theater":"MTO","aircraft":"Junkers Ju 86","takeoff_base":"NAIROBI","target_location":"\"YAVELLO, MEGA, NEGHELLI (ABYSSINIA)\"","target_country":"ETHIOPIA","total_tons":0.0}},{"type":"Feature","geometry":{"type":"LineString","coordinates":[[14.4,40.9167],[12.47,41.9]]},"properties":{"mission_id":57756,"date":"1944-03-14","theater":"MTO","aircraft":"North American A-36 Apache (Invader)","takeoff_base":"POMIGLIANO AIRFIELD","target_location":"ROME","target_country":"ITALY","total_tons":3.0}},{"type":"Feature","geometry":{"type":"LineString","coordinates":[[37.2167,19.6167],[37.8833,15.55]]},"properties":{"mission_id":46405,"date":"1940-07-19","theater":"MTO","aircraft":"Vickers Wellington","takeoff_base":"PORT SUDAN","target_location":"AGORDAT","target_country":"ERITREA","total_tons":1.62}},{"type":"Feature","geometry":{"type":"LineString","coordinates":[[37.2167,19.6167],[38.9333,15.3333]]},"properties":{"mission_id":46413,"date":"1940-07-20","theater":"MTO","aircraft":"Vickers Wellington","takeoff_base":"PORT SUDAN","target_location":"ASMARA","target_country":"ERITREA","total_tons":1.96}},{"type":"Feature","geometry":{"type":"LineString","coordinates":[[14.4,40.9167],[13.82,41.48]]},"properties":{"mission_id":58135,"date":"1944-03-15","theater":"MTO","aircraft":"North American A-36 Apache (Invader)","takeoff_base":"POMIGLIANO AIRFIELD","target_location":"CASSINO","target_country":"ITALY","total_tons":4.0}},{"type":"Feature","geometry":{"type":"LineString","coordinates":[[14.4,40.9167],[13.82,41.48]]},"properties":{"mission_id":58136,"date":"1944-03-15","theater":"MTO","aircraft":"North American A-36 Apache (Invader)","takeoff_base":"POMIGLIANO AIRFIELD","target_location":"CASSINO","target_country":"ITALY","total_tons":4.0}},{"type":"Feature","geometry":{"type":"LineString","coordinates":[[14.4,40.9167],[13.82,41.48]]},"properties":{"mission_id":58137,"date":"1944-03-15","theater":"MTO","aircraft":"North American A-36 Apache (Invader)","takeoff_base":"POMIGLIANO AIRFIELD","target_location":"CASSINO","target_country":"ITALY","total_tons":4.0}},{"type":"Feature","geometry":{"type":"LineString","coordinates":[[37.2167,19.6167],[36.4,15.45]]},"properties":{"mission_id":47689,"date":"1940-07-30","theater":"EAST AFRICA","aircraft":"Vickers Wellington","takeoff_base":"PORT SUDAN","target_location":"KASSALA","target_country":"SUDAN","total_tons":25.0}},{"type":"Feature","geometry":{"type":"LineString","coordinates":[[155.3839,-6.2444],[155.8167,-6.7]]},"properties":{"mission_id":59515,"date":"1945-04-02","theater":"PTO","aircraft":"PV-1 Lockeed Ventura","takeoff_base":"BOUGAINVILLE ISLAND","target_location":"MUGUAI","target_country":null,"total_tons":7.5}},{"type":"Feature","geometry":{"type":"LineString","coordinates":[[14.4,40.9167],[12.52,42.5]]},"properties":{"mission_id":59626,"date":"1944-03-17","theater":"MTO","aircraft":"North American A-36 Apache (Invader)","takeoff_base":"POMIGLIANO AIRFIELD","target_location":"NARNI","target_country":"ITALY","total_tons":16.0}},{"type":"Feature","geometry":{"type":"LineString","coordinates":[[14.4,40.9167],[12.52,42.5]]},"properties":{"mission_id":59643,"date":"1944-03-17","theater":"MTO","aircraft":"North American A-36 Apache (Invader)","takeoff_base":"POMIGLIANO AIRFIELD","target_location":"NARNI","target_country":"ITALY","total_tons":5.0}},{"type":"Feature","geometry":{"type":"LineString","coordinates":[[155.3839,-6.2444],[156.4333,-6.65]]},"properties":{"mission_id":60038,"date":"1944-03-18","theater":"PTO","aircraft":"PV-1 Lockeed Ventura","takeoff_base":"BOUGAINVILLE ISLAND","target_location":"POROPORO CHOISEUL","target_country":"SOLOMON ISLANDS","total_tons":15.0}},{"type":"Feature","geometry":{"type":"LineString","coordinates":[[14.4,40.9167],[12.4,42.27]]},"properties":{"mission_id":60051,"date":"1944-03-18","theater":"MTO","aircraft":"North American A-36 Apache (Invader)","takeoff_base":"POMIGLIANO AIRFIELD","target_location":"CIVITA CASTELLANA","target_country":"ITALY","total_tons":6.0}},{"type":"Feature","geometry":{"type":"LineString","coordinates":[[37.2167,19.6167],[39.45,15.6]]},"properties":{"mission_id":49061,"date":"1940-08-09","theater":"MTO","aircraft":"Vickers Wellington","takeoff_base":"PORT SUDAN","target_location":"MASSAWA","target_country":"ERITREA","total_tons":2.0}},{"type":"Feature","geometry":{"type":"LineString","coordinates":[[45.0267,12.7817],[41.8667,9.5833]]},"properties":{"mission_id":61039,"date":"1940-10-19","theater":"MTO","aircraft":null,"takeoff_base":"ADEN","target_location":"DIREDAWA","target_country":"ETHIOPIA","total_tons":0.0}},{"type":"Feature","geometry":{"type":"LineString","coordinates":[[14.4,40.9167],[10.62,44.02]]},"properties":{"mission_id":61236,"date":"1944-03-19","theater":"MTO","aircraft":"North American A-36 Apache (Invader)","takeoff_base":"POMIGLIANO AIRFIELD","target_location":"BAGNI","target_country":"ITALY","total_tons":5.25}},{"type":"Feature","geometry":{"type":"LineString","coordinates":[[14.4,40.9167],[12.47,41.9]]},"properties":{"mission_id":61237,"date":"1944-03-19","theater":"MTO","aircraft":"North American A-36 Apache (Invader)","takeoff_base":"POMIGLIANO AIRFIELD","target_location":"ROME","target_country":"ITALY","total_tons":5.0}},{"type":"Feature","geometry":{"type":"LineString","coordinates":[[37.0,18.75],[36.4,15.45]]},"properties":{"mission_id":50254,"date":"1940-08-17","theater":"EAST AFRICA","aircraft":"Vickers Wellington","takeoff_base":"ERKOWIT","target_location":"KASSALA","target_country":"SUDAN","total_tons":4750.0}},{"type":"Feature","geometry":{"type":"LineString","coordinates":[[37.2167,19.6167],[39.6,15.7]]},"properties":{"mission_id":61448,"date":"1940-10-21","theater":"MTO","aircraft":"Bristol Blenheim","takeoff_base":"PORT SUDAN","target_location":"HARBOR OFF MASSAWA","target_country":"ERITREA","total_tons":0.0}},{"type":"Feature","geometry":{"type":"LineString","coordinates":[[155.3839,-6.2444],[155.8167,-6.7]]},"properties":{"mission_id":61581,"date":"1945-04-04","theater":"PTO","aircraft":"PV-1 Lockeed Ventura","takeoff_base":"BOUGAINVILLE ISLAND","target_location":"MUGUAI","target_country":null,"total_tons":6.0}},{"type":"Feature","geometry":{"type":"LineString","coordinates":[[155.3839,-6.2444],[154.5167,-5.1]]},"properties":{"mission_id":61594,"date":"1945-04-04","theater":"PTO","aircraft":"PV-1 Lockeed Ventura","takeoff_base":"BOUGAINVILLE ISLAND","target_location":"\"KESSA, BUKA\"","target_country":"SOLOMON ISLANDS","total_tons":3.0}},{"type":"Feature","geometry":{"type":"LineString","coordinates":[[14.4,40.9167],[13.37,41.63]]},"properties":{"mission_id":62001,"date":"1944-03-20","theater":"MTO","aircraft":"North American A-36 Apache (Invader)","takeoff_base":"POMIGLIANO AIRFIELD","target_location":"FROSINONE","target_country":"ITALY","total_tons":30.0}},{"type":"Feature","geometry":{"type":"LineString","coordinates":[[155.3839,-6.2444],[155.8167,-6.7]]},"properties":{"mission_id":63632,"date":"1945-04-05","theater":"PTO","aircraft":"PV-1 Lockeed Ventura","takeoff_base":"BOUGAINVILLE ISLAND","target_location":"MUGUAI","target_country":null,"total_tons":3.0}},{"type":"Feature","geometry":{"type":"LineString","coordinates":[[14.4775,35.8575],[14.28,40.84]]},"properties":{"mission_id":64107,"date":"1940-11-02","theater":"MTO","aircraft":"Vickers Wellington","takeoff_base":"MALTA","target_location":"NAPLES","target_country":"GREECE","total_tons":0.0}},{"type":"Feature","geometry":{"type":"LineString","coordinates":[[32.52,15.58],[36.2,12.9667]]},"properties":{"mission_id":64177,"date":"1940-11-06","theater":"EAST AFRICA","aircraft":null,"takeoff_base":"KHARTOUM","target_location":"GALLABAT & METEMMA","target_country":"SUDAN","total_tons":0.0}},{"type":"Feature","geometry":{"type":"LineString","coordinates":[[36.8167,-1.2833],[37.417,5.633]]},"properties":{"mission_id":64578,"date":"1940-11-07","theater":"MTO","aircraft":"Junkers Ju 86","takeoff_base":"NAIROBI","target_location":"GARDULLA ( ABYSSINIA)","target_country":"ETHIOPIA","total_tons":1.13}},{"type":"Feature","geometry":{"type":"LineString","coordinates":[[14.4775,35.8575],[13.16,32.67]]},"properties":{"mission_id":64867,"date":"1940-11-08","theater":"MTO","aircraft":"Vickers Wellington","takeoff_base":"MALTA","target_location":"CASTEL BENITO","target_country":"LIBYA","total_tons":0.0}},{"type":"Feature","geometry":{"type":"LineString","coordinates":[[36.8167,-1.2833],[38.0833,4.8833]]},"properties":{"mission_id":54005,"date":"1940-09-03","theater":"MTO","aircraft":"Junkers Ju 86","takeoff_base":"NAIROBI","target_location":"YAVELLO","target_country":"ETHIOPIA","total_tons":1.18}},{"type":"Feature","geometry":{"type":"LineString","coordinates":[[14.4775,35.8575],[14.28,40.84]]},"properties":{"mission_id":65259,"date":"1940-11-10","theater":"MTO","aircraft":"Vickers Wellington","takeoff_base":"MALTA","target_location":"NAPLES","target_country":"GREECE","total_tons":0.0}},{"type":"Feature","geometry":{"type":"LineString","coordinates":[[155.3839,-6.2444],[155.8167,-6.7]]},"properties":{"mission_id":65399,"date":"1945-04-06","theater":"PTO","aircraft":"PV-1 Lockeed Ventura","takeoff_base":"BOUGAINVILLE ISLAND","target_location":"MUGUAI","target_country":null,"total_tons":6.0}},{"type":"Feature","geometry":{"type":"LineString","coordinates":[[14.4,40.9167],[11.5,45.87]]},"properties":{"mission_id":65577,"date":"1944-03-27","theater":"MTO","aircraft":"North American A-36 Apache (Invader)","takeoff_base":"POMIGLIANO AIRFIELD","target_location":"SETTE","target_country":"ITALY","total_tons":9.5}},{"type":"Feature","geometry":{"type":"LineString","coordinates":[[36.8167,18.75],[38.9333,15.3333]]},"properties":{"mission_id":54824,"date":"1940-09-09","theater":"MTO","aircraft":"Vickers Wellington","takeoff_base":"SUMMIT","target_location":"ASMARA","target_country":"ERITREA","total_tons":0.0}},{"type":"Feature","geometry":{"type":"LineString","coordinates":[[155.3839,-6.2444],[154.5167,-5.1]]},"properties":{"mission_id":65709,"date":"1945-04-06","theater":"PTO","aircraft":"PV-1 Lockeed Ventura","takeoff_base":"BOUGAINVILLE ISLAND","target_location":"\"KESSA, BUKA\"","target_country":"SOLOMON ISLANDS","total_tons":4.5}},{"type":"Feature","geometry":{"type":"LineString","coordinates":[[155.0667,-6.2167],[152.1167,-4.1833]]},"properties":{"mission_id":65902,"date":"1944-03-27","theater":"PTO","aircraft":"Douglas SBD Dauntless","takeoff_base":"\"PIVA AIRSTRIP, BOUGAINVILLE\"","target_location":"TALILI BAY","target_country":"BISMARK ARCHIPELAGO","total_tons":3.0}},{"type":"Feature","geometry":{"type":"LineString","coordinates":[[14.4775,35.8575],[17.23,40.47]]},"properties":{"mission_id":66080,"date":"1940-11-14","theater":"MTO","aircraft":"Vickers Wellington","takeoff_base":"MALTA","target_location":"TARANTO","target_country":"GREECE","total_tons":0.0}},{"type":"Feature","geometry":{"type":"LineString","coordinates":[[14.4,40.9167],[11.62,42.35]]},"properties":{"mission_id":66342,"date":"1944-03-28","theater":"MTO","aircraft":"North American A-36 Apache (Invader)","takeoff_base":"POMIGLIANO AIRFIELD","target_location":"MONTALTO DI CASTRO","target_country":"ITALY","total_tons":3.0}},{"type":"Feature","geometry":{"type":"LineString","coordinates":[[14.4,40.9167],[12.12,42.72]]},"properties":{"mission_id":66784,"date":"1944-03-29","theater":"MTO","aircraft":"North American A-36 Apache (Invader)","takeoff_base":"POMIGLIANO AIRFIELD","target_location":"ORVIETO","target_country":"ITALY","total_tons":10.25}},{"type":"Feature","geometry":{"type":"LineString","coordinates":[[36.8167,-1.2833],[40.9358,2.8094]]},"properties":{"mission_id":66842,"date":"1940-11-16","theater":"MTO","aircraft":null,"takeoff_base":"NAIROBI","target_location":"EL WAK (ITALIAN SOMALILAND)","target_country":"ERITREA","total_tons":0.0}},{"type":"Feature","geometry":{"type":"LineString","coordinates":[[166.8333,-15.25],[152.3333,-4.3333]]},"properties":{"mission_id":67101,"date":"1944-03-29","theater":"PTO","aircraft":"Grumman TBF Avenger","takeoff_base":"ESPIRITU SANTO","target_location":"VUNAPOPE","target_country":"BISMARK ARCHIPELAGO","total_tons":6.0}},{"type":"Feature","geometry":{"type":"LineString","coordinates":[[14.4,40.9167],[14.35,38.02]]},"properties":{"mission_id":67110,"date":"1944-03-29","theater":"MTO","aircraft":"North American A-36 Apache (Invader)","takeoff_base":"POMIGLIANO AIRFIELD","target_location":"SANTO STEFANO CAMAS","target_country":"ITALY","total_tons":3.0}},{"type":"Feature","geometry":{"type":"LineString","coordinates":[[14.4,40.9167],[11.78,42.1]]},"properties":{"mission_id":67113,"date":"1944-03-29","theater":"MTO","aircraft":"North American A-36 Apache (Invader)","takeoff_base":"POMIGLIANO AIRFIELD","target_location":"CIVITAVECCHIA","target_country":"ITALY","total_tons":2.75}},{"type":"Feature","geometry":{"type":"LineString","coordinates":[[155.0667,-6.2167],[152.3333,-4.3333]]},"properties":{"mission_id":67123,"date":"1944-03-29","theater":"PTO","aircraft":"Douglas SBD Dauntless","takeoff_base":"\"PIVA AIRSTRIP, BOUGAINVILLE\"","target_location":"VUNAPOPE","target_country":"BISMARK ARCHIPELAGO","total_tons":3.0}},{"type":"Feature","geometry":{"type":"LineString","coordinates":[[14.4,40.9167],[12.4,42.27]]},"properties":{"mission_id":67534,"date":"1944-03-30","theater":"MTO","aircraft":"North American A-36 Apache (Invader)","takeoff_base":"POMIGLIANO AIRFIELD","target_location":"CIVITA CASTELLANA","target_country":"ITALY","total_tons":12.0}},{"type":"Feature","geometry":{"type":"LineString","coordinates":[[166.8333,-15.25],[152.3333,-4.3333]]},"properties":{"mission_id":67543,"date":"1944-03-30","theater":"PTO","aircraft":"Grumman TBF Avenger","takeoff_base":"ESPIRITU SANTO","target_location":"VUNAPOPE","target_country":"BISMARK ARCHIPELAGO","total_tons":6.0}},{"type":"Feature","geometry":{"type":"LineString","coordinates":[[155.0667,-6.2167],[152.3333,-4.3333]]},"properties":{"mission_id":67549,"date":"1944-03-30","theater":"PTO","aircraft":"Douglas SBD Dauntless","takeoff_base":"\"PIVA AIRSTRIP, BOUGAINVILLE\"","target_location":"VUNAPOPE","target_country":"BISMARK ARCHIPELAGO","total_tons":6.0}},{"type":"Feature","geometry":{"type":"LineString","coordinates":[[14.4775,35.8575],[17.23,40.47]]},"properties":{"mission_id":67921,"date":"1940-11-23","theater":"MTO","aircraft":"Vickers Wellington","takeoff_base":"MALTA","target_location":"TARANTO","target_country":"GREECE","total_tons":0.0}},{"type":"Feature","geometry":{"type":"LineString","coordinates":[[14.4,40.9167],[12.3,42.63]]},"properties":{"mission_id":68403,"date":"1944-04-01","theater":"MTO","aircraft":"North American A-36 Apache (Invader)","takeoff_base":"POMIGLIANO AIRFIELD","target_location":"GUARDEA","target_country":"ITALY","total_tons":12.0}},{"type":"Feature","geometry":{"type":"LineString","coordinates":[[166.8333,-15.25],[152.1167,-4.1833]]},"properties":{"mission_id":68412,"date":"1944-04-01","theater":"PTO","aircraft":"Grumman TBF Avenger","takeoff_base":"ESPIRITU SANTO","target_location":"TALILI BAY","target_country":"BISMARK ARCHIPELAGO","total_tons":6.0}},{"type":"Feature","geometry":{"type":"LineString","coordinates":[[14.4,40.9167],[12.72,42.2]]},"properties":{"mission_id":68470,"date":"1944-04-02","theater":"MTO","aircraft":"North American A-36 Apache (Invader)","takeoff_base":"POMIGLIANO AIRFIELD","target_location":"FABA SABINA","target_country":"ITALY","total_tons":31.0}},{"type":"Feature","geometry":{"type":"LineString","coordinates":[[14.4,40.9167],[12.28,42.52]]},"properties":{"mission_id":68488,"date":"1944-04-02","theater":"MTO","aircraft":"North American A-36 Apache (Invader)","takeoff_base":"POMIGLIANO AIRFIELD","target_location":"ATTIGLIANO","target_country":"ITALY","total_tons":3.0}},{"type":"Feature","geometry":{"type":"LineString","coordinates":[[14.4,40.9167],[12.52,42.5]]},"properties":{"mission_id":68870,"date":"1944-04-03","theater":"MTO","aircraft":"North American A-36 Apache (Invader)","takeoff_base":"POMIGLIANO AIRFIELD","target_location":"NARNI","target_country":"ITALY","total_tons":19.0}},{"type":"Feature","geometry":{"type":"LineString","coordinates":[[14.4,40.9167],[12.28,42.52]]},"properties":{"mission_id":68890,"date":"1944-04-03","theater":"MTO","aircraft":"North American A-36 Apache (Invader)","takeoff_base":"POMIGLIANO AIRFIELD","target_location":"ATTIGLIANO","target_country":"ITALY","total_tons":5.5}},{"type":"Feature","geometry":{"type":"LineString","coordinates":[[166.8333,-15.25],[152.1167,-4.1833]]},"properties":{"mission_id":68895,"date":"1944-04-03","theater":"PTO","aircraft":"Grumman TBF Avenger","takeoff_base":"ESPIRITU SANTO","target_location":"TALILI BAY","target_country":"BISMARK ARCHIPELAGO","total_tons":12.0}},{"type":"Feature","geometry":{"type":"LineString","coordinates":[[155.0667,-6.2167],[152.3333,-4.3333]]},"properties":{"mission_id":68896,"date":"1944-04-03","theater":"PTO","aircraft":"Douglas SBD Dauntless","takeoff_base":"\"PIVA AIRSTRIP, BOUGAINVILLE\"","target_location":"VUNAPOPE","target_country":"BISMARK ARCHIPELAGO","total_tons":6.0}},{"type":"Feature","geometry":{"type":"LineString","coordinates":[[14.4775,35.8575],[15.22,37.25]]},"properties":{"mission_id":69109,"date":"1940-12-03","theater":"MTO","aircraft":"Vickers Wellington","takeoff_base":"MALTA","target_location":"AUGUSTA","target_country":"SICILY","total_tons":0.0}},{"type":"Feature","geometry":{"type":"LineString","coordinates":[[14.4775,35.8575],[15.06,37.47]]},"properties":{"mission_id":69110,"date":"1940-12-03","theater":"MTO","aircraft":"Vickers Wellington","takeoff_base":"MALTA","target_location":"CATANIA","target_country":"SICILY","total_tons":0.0}},{"type":"Feature","geometry":{"type":"LineString","coordinates":[[14.4775,35.8575],[14.28,40.84]]},"properties":{"mission_id":69111,"date":"1940-12-03","theater":"MTO","aircraft":"Vickers Wellington","takeoff_base":"MALTA","target_location":"NAPLES","target_country":"GREECE","total_tons":0.0}},{"type":"Feature","geometry":{"type":"LineString","coordinates":[[14.4,40.9167],[12.47,41.9]]},"properties":{"mission_id":69281,"date":"1944-04-04","theater":"MTO","aircraft":"North American A-36 Apache (Invader)","takeoff_base":"POMIGLIANO AIRFIELD","target_location":"ROME","target_country":"ITALY","total_tons":6.0}},{"type":"Feature","geometry":{"type":"LineString","coordinates":[[14.4,40.9167],[12.18,42.27]]},"properties":{"mission_id":69287,"date":"1944-04-04","theater":"MTO","aircraft":"North American A-36 Apache (Invader)","takeoff_base":"POMIGLIANO AIRFIELD","target_location":"CAPRANICA","target_country":"ITALY","total_tons":5.0}},{"type":"Feature","geometry":{"type":"LineString","coordinates":[[14.4,40.9167],[12.18,42.27]]},"properties":{"mission_id":69635,"date":"1944-04-05","theater":"MTO","aircraft":"North American A-36 Apache (Invader)","takeoff_base":"POMIGLIANO AIRFIELD","target_location":"CAPRANICA","target_country":"ITALY","total_tons":18.0}},{"type":"Feature","geometry":{"type":"LineString","coordinates":[[14.4775,35.8575],[13.16,32.67]]},"properties":{"mission_id":69934,"date":"1940-12-08","theater":"MTO","aircraft":"Vickers Wellington","takeoff_base":"MALTA","target_location":"CASTEL BENITO","target_country":"LIBYA","total_tons":0.0}},{"type":"Feature","geometry":{"type":"LineString","coordinates":[[14.4775,35.8575],[13.28,32.9]]},"properties":{"mission_id":69935,"date":"1940-12-08","theater":"MTO","aircraft":"Vickers Wellington","takeoff_base":"MALTA","target_location":"MELLAHA","target_country":"LIBYA","total_tons":0.0}},{"type":"Feature","geometry":{"type":"LineString","coordinates":[[14.4,40.9167],[12.18,42.27]]},"properties":{"mission_id":70004,"date":"1944-04-06","theater":"MTO","aircraft":"North American A-36 Apache (Invader)","takeoff_base":"POMIGLIANO AIRFIELD","target_location":"CAPRANICA","target_country":"ITALY","total_tons":19.0}},{"type":"Feature","geometry":{"type":"LineString","coordinates":[[155.0667,-6.2167],[152.1167,-4.1833]]},"properties":{"mission_id":70013,"date":"1944-04-06","theater":"PTO","aircraft":"Douglas SBD Dauntless","takeoff_base":"\"PIVA AIRSTRIP, BOUGAINVILLE\"","target_location":"TALILI BAY","target_country":"BISMARK ARCHIPELAGO","total_tons":1.2}},{"type":"Feature","geometry":{"type":"LineString","coordinates":[[155.0667,-6.2167],[152.1167,-4.1833]]},"properties":{"mission_id":70019,"date":"1944-04-06","theater":"PTO","aircraft":"Douglas SBD Dauntless","takeoff_base":"\"PIVA AIRSTRIP, BOUGAINVILLE\"","target_location":"TALILI BAY","target_country":"BISMARK ARCHIPELAGO","total_tons":6.0}},{"type":"Feature","geometry":{"type":"LineString","coordinates":[[14.4775,35.8575],[17.13,39.09]]},"properties":{"mission_id":70347,"date":"1940-12-13","theater":"MTO","aircraft":"Vickers Wellington","takeoff_base":"MALTA","target_location":"CROTONE","target_country":"GREECE","total_tons":0.0}},{"type":"Feature","geometry":{"type":"LineString","coordinates":[[14.4775,35.8575],[13.08,32.92]]},"properties":{"mission_id":70348,"date":"1940-12-13","theater":"MTO","aircraft":"Fairey Swordfish","takeoff_base":"MALTA","target_location":"TRIPOLI","target_country":"LIBYA","total_tons":0.0}},{"type":"Feature","geometry":{"type":"LineString","coordinates":[[45.0267,12.7817],[41.8667,9.5833]]},"properties":{"mission_id":70349,"date":"1940-12-13","theater":"MTO","aircraft":null,"takeoff_base":"ADEN","target_location":"DIREDAWA","target_country":"ETHIOPIA","total_tons":0.0}},{"type":"Feature","geometry":{"type":"LineString","coordinates":[[14.4775,35.8575],[14.28,40.84]]},"properties":{"mission_id":70352,"date":"1940-12-14","theater":"MTO","aircraft":"Vickers Wellington","takeoff_base":"MALTA","target_location":"NAPLES","target_country":"GREECE","total_tons":0.0}},{"type":"Feature","geometry":{"type":"LineString","coordinates":[[14.4,40.9167],[11.62,42.35]]},"properties":{"mission_id":70405,"date":"1944-04-07","theater":"MTO","aircraft":"North American A-36 Apache (Invader)","takeoff_base":"POMIGLIANO AIRFIELD","target_location":"MONTALTO DI CASTRO","target_country":"ITALY","total_tons":13.75}},{"type":"Feature","geometry":{"type":"LineString","coordinates":[[166.8333,-15.25],[152.1167,-4.1833]]},"properties":{"mission_id":70407,"date":"1944-04-07","theater":"PTO","aircraft":"Grumman TBF Avenger","takeoff_base":"ESPIRITU SANTO","target_location":"TALILI BAY","target_country":"BISMARK ARCHIPELAGO","total_tons":12.0}},{"type":"Feature","geometry":{"type":"LineString","coordinates":[[14.4,40.9167],[12.12,42.72]]},"properties":{"mission_id":70419,"date":"1944-04-07","theater":"MTO","aircraft":"North American A-36 Apache (Invader)","takeoff_base":"POMIGLIANO AIRFIELD","target_location":"ORVIETO","target_country":"ITALY","total_tons":5.0}},{"type":"Feature","geometry":{"type":"LineString","coordinates":[[155.0667,-6.2167],[152.1167,-4.1833]]},"properties":{"mission_id":70439,"date":"1944-04-07","theater":"PTO","aircraft":"Douglas SBD Dauntless","takeoff_base":"\"PIVA AIRSTRIP, BOUGAINVILLE\"","target_location":"TALILI BAY","target_country":"BISMARK ARCHIPELAGO","total_tons":3.0}},{"type":"Feature","geometry":{"type":"LineString","coordinates":[[14.4,40.9167],[12.15,42.05]]},"properties":{"mission_id":70494,"date":"1944-04-08","theater":"MTO","aircraft":"North American A-36 Apache (Invader)","takeoff_base":"POMIGLIANO AIRFIELD","target_location":"MANZIANA","target_country":"ITALY","total_tons":23.5}},{"type":"Feature","geometry":{"type":"LineString","coordinates":[[14.4,40.9167],[12.12,42.42]]},"properties":{"mission_id":70820,"date":"1944-04-08","theater":"MTO","aircraft":"North American A-36 Apache (Invader)","takeoff_base":"POMIGLIANO AIRFIELD","target_location":"VITERBO","target_country":"ITALY","total_tons":3.0}},{"type":"Feature","geometry":{"type":"LineString","coordinates":[[155.0667,-6.2167],[152.15,-4.1833]]},"properties":{"mission_id":70821,"date":"1944-04-08","theater":"PTO","aircraft":"Douglas SBD Dauntless","takeoff_base":"\"PIVA AIRSTRIP, BOUGAINVILLE\"","target_location":"RATAVAL","target_country":"BISMARK ARCHIPELAGO","total_tons":0.6}},{"type":"Feature","geometry":{"type":"LineString","coordinates":[[14.4,40.9167],[11.95,42.15]]},"properties":{"mission_id":70822,"date":"1944-04-08","theater":"MTO","aircraft":"North American A-36 Apache (Invader)","takeoff_base":"POMIGLIANO AIRFIELD","target_location":"TOLFA","target_country":"ITALY","total_tons":2.75}},{"type":"Feature","geometry":{"type":"LineString","coordinates":[[155.0667,-6.2167],[152.15,-4.1833]]},"properties":{"mission_id":70834,"date":"1944-04-08","theater":"PTO","aircraft":"Douglas SBD Dauntless","takeoff_base":"\"PIVA AIRSTRIP, BOUGAINVILLE\"","target_location":"RATAVAL","target_country":"BISMARK ARCHIPELAGO","total_tons":3.0}},{"type":"Feature","geometry":{"type":"LineString","coordinates":[[8.4514,49.6789],[12.67,46.0]]},"properties":{"mission_id":71025,"date":"1945-04-09","theater":"MTO","aircraft":"North American A-36 Apache (Invader)","takeoff_base":"BIBLIS AIRFIELD (Y-78)","target_location":"46 00 N 012 40 E","target_country":"ITALY","total_tons":0.25}},{"type":"Feature","geometry":{"type":"LineString","coordinates":[[14.4775,35.8575],[13.08,32.92]]},"properties":{"mission_id":71404,"date":"1940-12-20","theater":"MTO","aircraft":"Fairey Swordfish","takeoff_base":"MALTA","target_location":"TRIPOLI","target_country":"LIBYA","total_tons":0.0}},{"type":"Feature","geometry":{"type":"LineString","coordinates":[[14.4775,35.8575],[13.16,32.67]]},"properties":{"mission_id":71476,"date":"1940-12-21","theater":"MTO","aircraft":"Vickers Wellington","takeoff_base":"MALTA","target_location":"CASTEL BENITO","target_country":"LIBYA","total_tons":0.0}},{"type":"Feature","geometry":{"type":"LineString","coordinates":[[14.4,40.9167],[12.9,41.47]]},"properties":{"mission_id":71616,"date":"1944-04-09","theater":"MTO","aircraft":"North American A-36 Apache (Invader)","takeoff_base":"POMIGLIANO AIRFIELD","target_location":"LITTORIA","target_country":"ITALY","total_tons":16.0}},{"type":"Feature","geometry":{"type":"LineString","coordinates":[[155.0667,-6.2167],[152.3333,-4.3333]]},"properties":{"mission_id":71634,"date":"1944-04-09","theater":"PTO","aircraft":"Douglas SBD Dauntless","takeoff_base":"\"PIVA AIRSTRIP, BOUGAINVILLE\"","target_location":"VUNAPOPE","target_country":"BISMARK ARCHIPELAGO","total_tons":1.2}},{"type":"Feature","geometry":{"type":"LineString","coordinates":[[14.4,40.9167],[13.25,41.27]]},"properties":{"mission_id":71635,"date":"1944-04-09","theater":"MTO","aircraft":"North American A-36 Apache (Invader)","takeoff_base":"POMIGLIANO AIRFIELD","target_location":"TERRACINA","target_country":"ITALY","total_tons":5.0}},{"type":"Feature","geometry":{"type":"LineString","coordinates":[[155.0667,-6.2167],[152.3333,-4.3333]]},"properties":{"mission_id":71642,"date":"1944-04-09","theater":"PTO","aircraft":"Douglas SBD Dauntless","takeoff_base":"\"PIVA AIRSTRIP, BOUGAINVILLE\"","target_location":"VUNAPOPE","target_country":"BISMARK ARCHIPELAGO","total_tons":6.0}},{"type":"Feature","geometry":{"type":"LineString","coordinates":[[14.4775,35.8575],[13.08,32.92]]},"properties":{"mission_id":71851,"date":"1940-12-23","theater":"MTO","aircraft":"Vickers Wellington","takeoff_base":"MALTA","target_location":"TRIPOLI","target_country":"LIBYA","total_tons":0.0}},{"type":"Feature","geometry":{"type":"LineString","coordinates":[[14.4775,35.8575],[13.16,32.67]]},"properties":{"mission_id":71853,"date":"1940-12-24","theater":"MTO","aircraft":"Vickers Wellington","takeoff_base":"MALTA","target_location":"CASTEL BENITO","target_country":"LIBYA","total_tons":0.0}},{"type":"Feature","geometry":{"type":"LineString","coordinates":[[14.4775,35.8575],[14.28,40.84]]},"properties":{"mission_id":72247,"date":"1940-12-29","theater":"MTO","aircraft":"Vickers Wellington","takeoff_base":"MALTA","target_location":"NAPLES","target_country":"GREECE","total_tons":0.0}},{"type":"Feature","geometry":{"type":"LineString","coordinates":[[14.4775,35.8575],[17.13,39.09]]},"properties":{"mission_id":72249,"date":"1940-12-30","theater":"MTO","aircraft":"Vickers Wellington","takeoff_base":"MALTA","target_location":"CROTONE","target_country":"GREECE","total_tons":0.0}},{"type":"Feature","geometry":{"type":"LineString","coordinates":[[14.4775,35.8575],[13.36,38.13]]},"properties":{"mission_id":72250,"date":"1940-12-30","theater":"MTO","aircraft":"Vickers Wellington","takeoff_base":"MALTA","target_location":"PALERMO","target_country":"SICILY","total_tons":0.0}},{"type":"Feature","geometry":{"type":"LineString","coordinates":[[14.4775,35.8575],[17.23,40.47]]},"properties":{"mission_id":72251,"date":"1940-12-30","theater":"MTO","aircraft":"Vickers Wellington","takeoff_base":"MALTA","target_location":"TARANTO","target_country":"GREECE","total_tons":0.0}},{"type":"Feature","geometry":{"type":"LineString","coordinates":[[13.9606,41.0366],[12.15,42.05]]},"properties":{"mission_id":72417,"date":"1944-04-10","theater":"MTO","aircraft":"North American A-36 Apache (Invader)","takeoff_base":"CASTEL VOLTURNO AIRFIELD","target_location":"MANZIANA","target_country":"ITALY","total_tons":23.5}},{"type":"Feature","geometry":{"type":"LineString","coordinates":[[13.9606,41.0366],[12.12,42.42]]},"properties":{"mission_id":72430,"date":"1944-04-10","theater":"MTO","aircraft":"North American A-36 Apache (Invader)","takeoff_base":"CASTEL VOLTURNO AIRFIELD","target_location":"VITERBO","target_country":"ITALY","total_tons":6.0}},{"type":"Feature","geometry":{"type":"LineString","coordinates":[[155.0667,-6.2167],[152.3333,-4.3333]]},"properties":{"mission_id":72434,"date":"1944-04-10","theater":"PTO","aircraft":"Douglas SBD Dauntless","takeoff_base":"\"PIVA AIRSTRIP, BOUGAINVILLE\"","target_location":"VUNAPOPE & KERAVIA BAY","target_country":"BISMARK ARCHIPELAGO","total_tons":1.2}},{"type":"Feature","geometry":{"type":"LineString","coordinates":[[166.8333,-15.25],[152.3333,-4.3333]]},"properties":{"mission_id":72435,"date":"1944-04-10","theater":"PTO","aircraft":"Grumman TBF Avenger","takeoff_base":"ESPIRITU SANTO","target_location":"VUNAPOPE & KERAVIA BAY","target_country":"BISMARK ARCHIPELAGO","total_tons":6.0}},{"type":"Feature","geometry":{"type":"LineString","coordinates":[[13.9606,41.0366],[12.12,42.42]]},"properties":{"mission_id":72436,"date":"1944-04-10","theater":"MTO","aircraft":"North American A-36 Apache (Invader)","takeoff_base":"CASTEL VOLTURNO AIRFIELD","target_location":"VITERBO","target_country":"ITALY","total_tons":5.5}},{"type":"Feature","geometry":{"type":"LineString","coordinates":[[14.4775,35.8575],[13.08,32.92]]},"properties":{"mission_id":72612,"date":"1941-01-01","theater":"MTO","aircraft":"Vickers Wellington","takeoff_base":"MALTA","target_location":"TRIPOLI","target_country":"LIBYA","total_tons":0.0}},{"type":"Feature","geometry":{"type":"LineString","coordinates":[[14.4775,35.8575],[13.08,32.92]]},"properties":{"mission_id":72669,"date":"1941-01-05","theater":"MTO","aircraft":"Vickers Wellington","takeoff_base":"MALTA","target_location":"TRIPOLI","target_country":"LIBYA","total_tons":0.0}},{"type":"Feature","geometry":{"type":"LineString","coordinates":[[14.4775,35.8575],[13.08,32.92]]},"properties":{"mission_id":72671,"date":"1941-01-06","theater":"MTO","aircraft":"Vickers Wellington","takeoff_base":"MALTA","target_location":"TRIPOLI","target_country":"LIBYA","total_tons":0.0}},{"type":"Feature","geometry":{"type":"LineString","coordinates":[[14.4775,35.8575],[14.28,40.84]]},"properties":{"mission_id":72692,"date":"1941-01-08","theater":"MTO","aircraft":"Vickers Wellington","takeoff_base":"MALTA","target_location":"NAPLES","target_country":"GREECE","total_tons":0.0}},{"type":"Feature","geometry":{"type":"LineString","coordinates":[[14.4775,35.8575],[13.36,38.13]]},"properties":{"mission_id":72693,"date":"1941-01-08","theater":"MTO","aircraft":"Vickers Wellington","takeoff_base":"MALTA","target_location":"PALERMO","target_country":"SICILY","total_tons":0.0}},{"type":"Feature","geometry":{"type":"LineString","coordinates":[[13.9606,41.0366],[12.12,42.42]]},"properties":{"mission_id":73281,"date":"1944-04-11","theater":"MTO","aircraft":"North American A-36 Apache (Invader)","takeoff_base":"CASTEL VOLTURNO AIRFIELD","target_location":"VITERBO","target_country":"ITALY","total_tons":10.0}},{"type":"Feature","geometry":{"type":"LineString","coordinates":[[14.4775,35.8575],[15.57,38.19]]},"properties":{"mission_id":73427,"date":"1941-01-09","theater":"MTO","aircraft":"Vickers Wellington","takeoff_base":"MALTA","target_location":"MESSINA","target_country":"SICILY","total_tons":0.0}},{"type":"Feature","geometry":{"type":"LineString","coordinates":[[14.4775,35.8575],[13.36,38.13]]},"properties":{"mission_id":73438,"date":"1941-01-10","theater":"MTO","aircraft":"Fairey Swordfish","takeoff_base":"MALTA","target_location":"PALERMO","target_country":"SICILY","total_tons":0.0}},{"type":"Feature","geometry":{"type":"LineString","coordinates":[[155.3839,-6.2444],[155.8167,-6.7]]},"properties":{"mission_id":73537,"date":"1945-04-10","theater":"PTO","aircraft":"PV-1 Lockeed Ventura","takeoff_base":"BOUGAINVILLE ISLAND","target_location":"MUGUAI","target_country":null,"total_tons":7.5}},{"type":"Feature","geometry":{"type":"LineString","coordinates":[[14.4775,35.8575],[15.06,37.47]]},"properties":{"mission_id":73712,"date":"1941-01-13","theater":"MTO","aircraft":"Vickers Wellington","takeoff_base":"MALTA","target_location":"CATANIA","target_country":"SICILY","total_tons":0.0}},{"type":"Feature","geometry":{"type":"LineString","coordinates":[[14.4775,35.8575],[15.06,37.47]]},"properties":{"mission_id":73778,"date":"1941-01-16","theater":"MTO","aircraft":"Vickers Wellington","takeoff_base":"MALTA","target_location":"CATANIA","target_country":"SICILY","total_tons":0.0}},{"type":"Feature","geometry":{"type":"LineString","coordinates":[[14.4775,35.8575],[15.06,37.47]]},"properties":{"mission_id":73795,"date":"1941-01-21","theater":"MTO","aircraft":"Vickers Wellington","takeoff_base":"MALTA","target_location":"CATANIA","target_country":"SICILY","total_tons":0.0}},{"type":"Feature","geometry":{"type":"LineString","coordinates":[[14.4775,35.8575],[15.28,37.08]]},"properties":{"mission_id":73796,"date":"1941-01-21","theater":"MTO","aircraft":"Vickers Wellington","takeoff_base":"MALTA","target_location":"SYRACUSE","target_country":"SICILY","total_tons":0.0}},{"type":"Feature","geometry":{"type":"LineString","coordinates":[[14.4775,35.8575],[15.22,37.25]]},"properties":{"mission_id":74118,"date":"1941-01-22","theater":"MTO","aircraft":"Vickers Wellington","takeoff_base":"MALTA","target_location":"AUGUSTA","target_country":"SICILY","total_tons":0.0}},{"type":"Feature","geometry":{"type":"LineString","coordinates":[[14.4775,35.8575],[15.06,37.47]]},"properties":{"mission_id":74120,"date":"1941-01-22","theater":"MTO","aircraft":"Vickers Wellington","takeoff_base":"MALTA","target_location":"CATANIA","target_country":"SICILY","total_tons":0.0}},{"type":"Feature","geometry":{"type":"LineString","coordinates":[[14.4775,35.8575],[14.61,36.99]]},"properties":{"mission_id":74121,"date":"1941-01-22","theater":"MTO","aircraft":"Vickers Wellington","takeoff_base":"MALTA","target_location":"COMISO","target_country":"SICILY","total_tons":0.0}},{"type":"Feature","geometry":{"type":"LineString","coordinates":[[14.4775,35.8575],[14.28,40.84]]},"properties":{"mission_id":74137,"date":"1941-01-27","theater":"MTO","aircraft":"Vickers Wellington","takeoff_base":"MALTA","target_location":"NAPLES","target_country":"GREECE","total_tons":0.0}},{"type":"Feature","geometry":{"type":"LineString","coordinates":[[14.4775,35.8575],[15.06,37.47]]},"properties":{"mission_id":74139,"date":"1941-01-28","theater":"MTO","aircraft":"Vickers Wellington","takeoff_base":"MALTA","target_location":"CATANIA","target_country":"SICILY","total_tons":0.0}},{"type":"Feature","geometry":{"type":"LineString","coordinates":[[14.4775,35.8575],[14.61,36.99]]},"properties":{"mission_id":74140,"date":"1941-01-28","theater":"MTO","aircraft":"Vickers Wellington","takeoff_base":"MALTA","target_location":"COMISO","target_country":"SICILY","total_tons":0.0}},{"type":"Feature","geometry":{"type":"LineString","coordinates":[[14.4775,35.8575],[14.28,40.84]]},"properties":{"mission_id":74141,"date":"1941-01-28","theater":"MTO","aircraft":"Vickers Wellington","takeoff_base":"MALTA","target_location":"NAPLES (CAPODACHINUS)","target_country":"GREECE","total_tons":0.0}},{"type":"Feature","geometry":{"type":"LineString","coordinates":[[32.52,15.58],[38.45,15.7833]]},"properties":{"mission_id":74142,"date":"1941-01-28","theater":"MTO","aircraft":null,"takeoff_base":"KHARTOUM","target_location":"KEREN & ASMARA","target_country":"ERITREA","total_tons":0.0}},{"type":"Feature","geometry":{"type":"LineString","coordinates":[[32.52,15.58],[38.682,5.016]]},"properties":{"mission_id":74159,"date":"1941-01-29","theater":"MTO","aircraft":"Bristol Blenheim","takeoff_base":"KHARTOUM","target_location":"GURA & MAI EDAGA","target_country":"ETHIOPIA","total_tons":0.0}},{"type":"Feature","geometry":{"type":"LineString","coordinates":[[36.8167,-1.2833],[38.6,7.2]]},"properties":{"mission_id":74160,"date":"1941-01-29","theater":"MTO","aircraft":null,"takeoff_base":"NAIROBI","target_location":"SHASHAMANA","target_country":"ETHIOPIA","total_tons":0.0}},{"type":"Feature","geometry":{"type":"LineString","coordinates":[[14.4775,35.8575],[13.08,32.92]]},"properties":{"mission_id":74165,"date":"1941-01-31","theater":"MTO","aircraft":"Vickers Wellington","takeoff_base":"MALTA","target_location":"TRIPOLI","target_country":"LIBYA","total_tons":0.0}},{"type":"Feature","geometry":{"type":"LineString","coordinates":[[14.4775,35.8575],[13.16,32.67]]},"properties":{"mission_id":74198,"date":"1941-02-03","theater":"MTO","aircraft":"Vickers Wellington","takeoff_base":"MALTA","target_location":"CASTEL BENITO","target_country":"LIBYA","total_tons":0.0}},{"type":"Feature","geometry":{"type":"LineString","coordinates":[[36.8167,-1.2833],[38.0833,4.8833]]},"properties":{"mission_id":74199,"date":"1941-02-03","theater":"MTO","aircraft":null,"takeoff_base":"NAIROBI","target_location":"\"AFMADU, DIF AND GOBWEN\"","target_country":"ETHIOPIA","total_tons":0.0}},{"type":"Feature","geometry":{"type":"LineString","coordinates":[[32.52,15.58],[37.4333,12.55]]},"properties":{"mission_id":74200,"date":"1941-02-03","theater":"MTO","aircraft":null,"takeoff_base":"KHARTOUM","target_location":"AZOZA","target_country":"ETHIOPIA","total_tons":0.0}},{"type":"Feature","geometry":{"type":"LineString","coordinates":[[13.9606,41.0366],[12.4,42.47]]},"properties":{"mission_id":74331,"date":"1944-04-12","theater":"MTO","aircraft":"North American A-36 Apache (Invader)","takeoff_base":"CASTEL VOLTURNO AIRFIELD","target_location":"ORTE","target_country":"ITALY","total_tons":19.0}},{"type":"Feature","geometry":{"type":"LineString","coordinates":[[166.8333,-15.25],[152.1167,-4.1833]]},"properties":{"mission_id":74341,"date":"1944-04-12","theater":"PTO","aircraft":"Grumman TBF Avenger","takeoff_base":"ESPIRITU SANTO","target_location":"TALILI BAY","target_country":"BISMARK ARCHIPELAGO","total_tons":12.0}},{"type":"Feature","geometry":{"type":"LineString","coordinates":[[155.0667,-6.2167],[152.1167,-4.1833]]},"properties":{"mission_id":74368,"date":"1944-04-12","theater":"PTO","aircraft":"Douglas SBD Dauntless","takeoff_base":"\"PIVA AIRSTRIP, BOUGAINVILLE\"","target_location":"TALILI BAY","target_country":"BISMARK ARCHIPELAGO","total_tons":6.0}},{"type":"Feature","geometry":{"type":"LineString","coordinates":[[45.0267,12.7817],[39.5335,13.4674]]},"properties":{"mission_id":74560,"date":"1941-02-04","theater":"MTO","aircraft":"Bristol Blenheim","takeoff_base":"ADEN","target_location":"MAKALE (ABYSSINIA)","target_country":"ETHIOPIA","total_tons":0.0}},{"type":"Feature","geometry":{"type":"LineString","coordinates":[[45.0267,12.7817],[39.745,11.0769]]},"properties":{"mission_id":74597,"date":"1941-02-07","theater":"MTO","aircraft":"Bristol Blenheim","takeoff_base":"ADEN","target_location":"KOMBOLCHA (ABYSSINIA)","target_country":"ETHIOPIA","total_tons":0.0}},{"type":"Feature","geometry":{"type":"LineString","coordinates":[[13.9606,41.0366],[12.28,42.52]]},"properties":{"mission_id":74800,"date":"1944-04-13","theater":"MTO","aircraft":"North American A-36 Apache (Invader)","takeoff_base":"CASTEL VOLTURNO AIRFIELD","target_location":"ATTIGLIANO","target_country":"ITALY","total_tons":12.0}},{"type":"Feature","geometry":{"type":"LineString","coordinates":[[14.4775,35.8575],[13.08,32.92]]},"properties":{"mission_id":74916,"date":"1941-02-08","theater":"MTO","aircraft":"Fairey Swordfish","takeoff_base":"MALTA","target_location":"TRIPOLI","target_country":"LIBYA","total_tons":0.0}},{"type":"Feature","geometry":{"type":"LineString","coordinates":[[14.4775,35.8575],[14.61,36.99]]},"properties":{"mission_id":75361,"date":"1941-02-12","theater":"MTO","aircraft":"Vickers Wellington","takeoff_base":"MALTA","target_location":"COMISO & CATANIA","target_country":"SICILY","total_tons":0.0}},{"type":"Feature","geometry":{"type":"LineString","coordinates":[[13.9606,41.0366],[12.12,42.42]]},"properties":{"mission_id":75959,"date":"1944-04-14","theater":"MTO","aircraft":"North American A-36 Apache (Invader)","takeoff_base":"CASTEL VOLTURNO AIRFIELD","target_location":"VITERBO","target_country":"ITALY","total_tons":24.5}},{"type":"Feature","geometry":{"type":"LineString","coordinates":[[13.9606,41.0366],[12.0,42.0]]},"properties":{"mission_id":75964,"date":"1944-04-14","theater":"MTO","aircraft":"North American A-36 Apache (Invader)","takeoff_base":"CASTEL VOLTURNO AIRFIELD","target_location":"FARBARA","target_country":"ITALY","total_tons":8.5}},{"type":"Feature","geometry":{"type":"LineString","coordinates":[[13.9606,41.0366],[12.4,42.47]]},"properties":{"mission_id":75971,"date":"1944-04-14","theater":"MTO","aircraft":"North American A-36 Apache (Invader)","takeoff_base":"CASTEL VOLTURNO AIRFIELD","target_location":"ORTE","target_country":"ITALY","total_tons":4.0}},{"type":"Feature","geometry":{"type":"LineString","coordinates":[[13.9606,41.0366],[12.12,42.72]]},"properties":{"mission_id":75972,"date":"1944-04-14","theater":"MTO","aircraft":"North American A-36 Apache (Invader)","takeoff_base":"CASTEL VOLTURNO AIRFIELD","target_location":"ORVIETO","target_country":"ITALY","total_tons":4.0}},{"type":"Feature","geometry":{"type":"LineString","coordinates":[[14.4775,35.8575],[15.06,37.47]]},"properties":{"mission_id":76169,"date":"1941-02-16","theater":"MTO","aircraft":"Vickers Wellington","takeoff_base":"MALTA","target_location":"\"CATANIA, COMISO & GELA\"","target_country":"SICILY","total_tons":0.0}},{"type":"Feature","geometry":{"type":"LineString","coordinates":[[32.52,15.58],[39.0433,14.9936]]},"properties":{"mission_id":76170,"date":"1941-02-16","theater":"MTO","aircraft":"Vickers Wellington","takeoff_base":"KHARTOUM","target_location":"MAI EDAGA","target_country":"ERITREA","total_tons":0.0}},{"type":"Feature","geometry":{"type":"LineString","coordinates":[[36.8179,18.8226],[38.9333,15.3333]]},"properties":{"mission_id":76192,"date":"1941-02-19","theater":"MTO","aircraft":"Vickers Wellington","takeoff_base":"WADI GAZOUZA","target_location":"ASMARA","target_country":"ERITREA","total_tons":3.95}},{"type":"Feature","geometry":{"type":"LineString","coordinates":[[13.9606,41.0366],[13.4,43.15]]},"properties":{"mission_id":76333,"date":"1944-04-15","theater":"MTO","aircraft":"North American A-36 Apache (Invader)","takeoff_base":"CASTEL VOLTURNO AIRFIELD","target_location":"OSTERIA","target_country":"ITALY","total_tons":11.5}},{"type":"Feature","geometry":{"type":"LineString","coordinates":[[13.9606,41.0366],[12.05,42.53]]},"properties":{"mission_id":76350,"date":"1944-04-15","theater":"MTO","aircraft":"North American A-36 Apache (Invader)","takeoff_base":"CASTEL VOLTURNO AIRFIELD","target_location":"MONTE FIASCONE","target_country":"ITALY","total_tons":4.0}},{"type":"Feature","geometry":{"type":"LineString","coordinates":[[13.9606,41.0366],[12.12,42.42]]},"properties":{"mission_id":76356,"date":"1944-04-15","theater":"MTO","aircraft":"North American A-36 Apache (Invader)","takeoff_base":"CASTEL VOLTURNO AIRFIELD","target_location":"VITERBO","target_country":"ITALY","total_tons":3.0}},{"type":"Feature","geometry":{"type":"LineString","coordinates":[[14.4775,35.8575],[15.06,37.47]]},"properties":{"mission_id":76528,"date":"1941-02-21","theater":"MTO","aircraft":"Vickers Wellington","takeoff_base":"MALTA","target_location":"CATANIA","target_country":"SICILY","total_tons":0.0}},{"type":"Feature","geometry":{"type":"LineString","coordinates":[[14.4775,35.8575],[14.61,36.99]]},"properties":{"mission_id":76529,"date":"1941-02-21","theater":"MTO","aircraft":"Vickers Wellington","takeoff_base":"MALTA","target_location":"COMISO","target_country":"SICILY","total_tons":0.0}},{"type":"Feature","geometry":{"type":"LineString","coordinates":[[32.52,15.58],[39.5335,13.4674]]},"properties":{"mission_id":76558,"date":"1941-02-23","theater":"MTO","aircraft":null,"takeoff_base":"KHARTOUM","target_location":"MAKALE","target_country":"ETHIOPIA","total_tons":0.8}},{"type":"Feature","geometry":{"type":"LineString","coordinates":[[14.4775,35.8575],[13.08,32.92]]},"properties":{"mission_id":76575,"date":"1941-02-24","theater":"MTO","aircraft":"Vickers Wellington","takeoff_base":"MALTA","target_location":"TRIPOLI","target_country":"LIBYA","total_tons":0.0}},{"type":"Feature","geometry":{"type":"LineString","coordinates":[[13.9606,41.0366],[12.12,42.42]]},"properties":{"mission_id":76717,"date":"1944-04-16","theater":"MTO","aircraft":"North American A-36 Apache (Invader)","takeoff_base":"CASTEL VOLTURNO AIRFIELD","target_location":"VITERBO","target_country":"ITALY","total_tons":25.0}},{"type":"Feature","geometry":{"type":"LineString","coordinates":[[13.9606,41.0366],[12.12,42.42]]},"properties":{"mission_id":76741,"date":"1944-04-16","theater":"MTO","aircraft":"North American A-36 Apache (Invader)","takeoff_base":"CASTEL VOLTURNO AIRFIELD","target_location":"VITERBO","target_country":"ITALY","total_tons":4.0}},{"type":"Feature","geometry":{"type":"LineString","coordinates":[[13.9606,41.0366],[12.65,42.55]]},"properties":{"mission_id":76742,"date":"1944-04-16","theater":"MTO","aircraft":"North American A-36 Apache (Invader)","takeoff_base":"CASTEL VOLTURNO AIRFIELD","target_location":"TERNI","target_country":"ITALY","total_tons":4.0}},{"type":"Feature","geometry":{"type":"LineString","coordinates":[[13.9606,41.0366],[12.4,42.47]]},"properties":{"mission_id":76743,"date":"1944-04-16","theater":"MTO","aircraft":"North American A-36 Apache (Invader)","takeoff_base":"CASTEL VOLTURNO AIRFIELD","target_location":"ORTE","target_country":"ITALY","total_tons":4.0}},{"type":"Feature","geometry":{"type":"LineString","coordinates":[[13.9606,41.0366],[12.18,42.27]]},"properties":{"mission_id":76744,"date":"1944-04-16","theater":"MTO","aircraft":"North American A-36 Apache (Invader)","takeoff_base":"CASTEL VOLTURNO AIRFIELD","target_location":"CAPRANICA","target_country":"ITALY","total_tons":4.0}},{"type":"Feature","geometry":{"type":"LineString","coordinates":[[13.9606,41.0366],[10.1,44.82]]},"properties":{"mission_id":76748,"date":"1944-04-16","theater":"MTO","aircraft":"North American A-36 Apache (Invader)","takeoff_base":"CASTEL VOLTURNO AIRFIELD","target_location":"BORGHETTO","target_country":"ITALY","total_tons":2.0}},{"type":"Feature","geometry":{"type":"LineString","coordinates":[[155.3839,-6.2444],[155.8167,-6.7]]},"properties":{"mission_id":76831,"date":"1945-04-11","theater":"PTO","aircraft":"PV-1 Lockeed Ventura","takeoff_base":"BOUGAINVILLE ISLAND","target_location":"MUGUAI","target_country":null,"total_tons":7.5}},{"type":"Feature","geometry":{"type":"LineString","coordinates":[[37.0,18.75],[37.067,10.7]]},"properties":{"mission_id":76964,"date":"1941-02-27","theater":"MTO","aircraft":"Vickers Wellington","takeoff_base":"CARTHAGO","target_location":"BURYE","target_country":"ETHIOPIA","total_tons":0.0}},{"type":"Feature","geometry":{"type":"LineString","coordinates":[[13.9606,41.0366],[12.4,42.47]]},"properties":{"mission_id":77131,"date":"1944-04-17","theater":"MTO","aircraft":"North American A-36 Apache (Invader)","takeoff_base":"CASTEL VOLTURNO AIRFIELD","target_location":"ORTE","target_country":"ITALY","total_tons":12.0}},{"type":"Feature","geometry":{"type":"LineString","coordinates":[[13.9606,41.0366],[12.18,42.27]]},"properties":{"mission_id":77140,"date":"1944-04-17","theater":"MTO","aircraft":"North American A-36 Apache (Invader)","takeoff_base":"CASTEL VOLTURNO AIRFIELD","target_location":"CAPRANICA","target_country":"ITALY","total_tons":4.0}},{"type":"Feature","geometry":{"type":"LineString","coordinates":[[13.9606,41.0366],[12.28,42.52]]},"properties":{"mission_id":77141,"date":"1944-04-17","theater":"MTO","aircraft":"North American A-36 Apache (Invader)","takeoff_base":"CASTEL VOLTURNO AIRFIELD","target_location":"ATTIGLIANO","target_country":"ITALY","total_tons":4.0}},{"type":"Feature","geometry":{"type":"LineString","coordinates":[[32.52,15.58],[37.067,10.7]]},"properties":{"mission_id":77318,"date":"1941-02-28","theater":"MTO","aircraft":null,"takeoff_base":"KHARTOUM","target_location":"BURYE","target_country":"ETHIOPIA","total_tons":0.0}},{"type":"Feature","geometry":{"type":"LineString","coordinates":[[166.8333,-15.25],[152.4,-4.4]]},"properties":{"mission_id":77525,"date":"1944-04-18","theater":"PTO","aircraft":"Grumman TBF Avenger","takeoff_base":"ESPIRITU SANTO","target_location":"KABANGA BAY","target_country":null,"total_tons":12.0}},{"type":"Feature","geometry":{"type":"LineString","coordinates":[[13.9606,41.0366],[13.62,41.25]]},"properties":{"mission_id":77536,"date":"1944-04-18","theater":"MTO","aircraft":"North American A-36 Apache (Invader)","takeoff_base":"CASTEL VOLTURNO AIRFIELD","target_location":"FORMIA","target_country":"ITALY","total_tons":4.0}},{"type":"Feature","geometry":{"type":"LineString","coordinates":[[155.0667,-6.2167],[152.4,-4.4]]},"properties":{"mission_id":77544,"date":"1944-04-18","theater":"PTO","aircraft":"Douglas SBD Dauntless","takeoff_base":"\"PIVA AIRSTRIP, BOUGAINVILLE\"","target_location":"KABANGA BAY","target_country":null,"total_tons":1.5}},{"type":"Feature","geometry":{"type":"LineString","coordinates":[[155.0667,-6.2167],[152.4,-4.4]]},"properties":{"mission_id":77566,"date":"1944-04-18","theater":"PTO","aircraft":"Douglas SBD Dauntless","takeoff_base":"\"PIVA AIRSTRIP, BOUGAINVILLE\"","target_location":"KABANGA BAY","target_country":null,"total_tons":1.5}},{"type":"Feature","geometry":{"type":"LineString","coordinates":[[32.52,15.58],[38.45,15.7833]]},"properties":{"mission_id":78423,"date":"1941-03-14","theater":"MTO","aircraft":null,"takeoff_base":"KHARTOUM","target_location":"NEAR KEREN","target_country":"ERITREA","total_tons":0.0}},{"type":"Feature","geometry":{"type":"LineString","coordinates":[[32.52,15.58],[38.45,15.7833]]},"properties":{"mission_id":78452,"date":"1941-03-16","theater":"MTO","aircraft":null,"takeoff_base":"KHARTOUM","target_location":"KEREN","target_country":"ERITREA","total_tons":0.0}},{"type":"Feature","geometry":{"type":"LineString","coordinates":[[13.9606,41.0366],[12.4,42.47]]},"properties":{"mission_id":79103,"date":"1944-04-19","theater":"MTO","aircraft":"North American A-36 Apache (Invader)","takeoff_base":"CASTEL VOLTURNO AIRFIELD","target_location":"ORTE","target_country":"ITALY","total_tons":4.0}},{"type":"Feature","geometry":{"type":"LineString","coordinates":[[45.0267,12.7817],[38.7369,9.0272]]},"properties":{"mission_id":79252,"date":"1941-03-23","theater":"MTO","aircraft":null,"takeoff_base":"ADEN","target_location":"ADDIS ABABA - JIBUTI RAILWAY","target_country":"ETHIOPIA","total_tons":0.0}},{"type":"Feature","geometry":{"type":"LineString","coordinates":[[32.5,15.5333],[38.93,15.33]]},"properties":{"mission_id":79602,"date":"1941-03-30","theater":"EAST AFRICA","aircraft":"Westland Lysander","takeoff_base":"GORDON'S TREE","target_location":"ASMARA","target_country":null,"total_tons":0.0}},{"type":"Feature","geometry":{"type":"LineString","coordinates":[[29.8514,30.9847],[18.56,30.46]]},"properties":{"mission_id":79649,"date":"1941-04-01","theater":"MTO","aircraft":"Bristol Blenheim","takeoff_base":"GAMBUT (LG 88?)","target_location":"MARBLE ARCH L.G.","target_country":"LIBYA","total_tons":0.0}},{"type":"Feature","geometry":{"type":"LineString","coordinates":[[29.8514,30.9847],[19.67,30.44]]},"properties":{"mission_id":79660,"date":"1941-04-02","theater":"MTO","aircraft":"Bristol Blenheim","takeoff_base":"GAMBUT (LG 88?)","target_location":"MERSA BREGA","target_country":"LIBYA","total_tons":0.0}},{"type":"Feature","geometry":{"type":"LineString","coordinates":[[29.8514,30.9847],[19.67,30.44]]},"properties":{"mission_id":79661,"date":"1941-04-02","theater":"MTO","aircraft":"Bristol Blenheim","takeoff_base":"GAMBUT (LG 88?)","target_location":"MERSA BREGA - JEDABYA RD.","target_country":"LIBYA","total_tons":0.0}},{"type":"Feature","geometry":{"type":"LineString","coordinates":[[32.4923,30.2469],[19.67,30.44]]},"properties":{"mission_id":79662,"date":"1941-04-02","theater":"MTO","aircraft":"Vickers Wellington","takeoff_base":"SHALLUFA","target_location":"MERSA BREGA & NOFILIA","target_country":"LIBYA","total_tons":0.0}},{"type":"Feature","geometry":{"type":"LineString","coordinates":[[32.4923,30.2469],[13.08,32.92]]},"properties":{"mission_id":79663,"date":"1941-04-02","theater":"MTO","aircraft":"Vickers Wellington","takeoff_base":"SHALLUFA","target_location":"TRIPOLI","target_country":"LIBYA","total_tons":0.0}},{"type":"Feature","geometry":{"type":"LineString","coordinates":[[29.8514,30.9847],[20.23,30.76]]},"properties":{"mission_id":79679,"date":"1941-04-03","theater":"MTO","aircraft":"Bristol Blenheim","takeoff_base":"GAMBUT (LG 88?)","target_location":"JEDABYA","target_country":"LIBYA","total_tons":0.0}},{"type":"Feature","geometry":{"type":"LineString","coordinates":[[13.9606,41.0366],[12.12,42.72]]},"properties":{"mission_id":79924,"date":"1944-04-20","theater":"MTO","aircraft":"North American A-36 Apache (Invader)","takeoff_base":"CASTEL VOLTURNO AIRFIELD","target_location":"ORVIETO","target_country":"ITALY","total_tons":20.0}},{"type":"Feature","geometry":{"type":"LineString","coordinates":[[13.9606,41.0366],[12.4,42.47]]},"properties":{"mission_id":79935,"date":"1944-04-20","theater":"MTO","aircraft":"North American A-36 Apache (Invader)","takeoff_base":"CASTEL VOLTURNO AIRFIELD","target_location":"ORTE","target_country":"ITALY","total_tons":8.0}},{"type":"Feature","geometry":{"type":"LineString","coordinates":[[13.9606,41.0366],[12.28,42.52]]},"properties":{"mission_id":79936,"date":"1944-04-20","theater":"MTO","aircraft":"North American A-36 Apache (Invader)","takeoff_base":"CASTEL VOLTURNO AIRFIELD","target_location":"ATTIGLIANO","target_country":"ITALY","total_tons":8.0}},{"type":"Feature","geometry":{"type":"LineString","coordinates":[[32.4923,30.2469],[20.23,30.76]]},"properties":{"mission_id":80002,"date":"1941-04-04","theater":"MTO","aircraft":"Vickers Wellington","takeoff_base":"SHALLUFA","target_location":"JEDABYA - RAS LANUF","target_country":"LIBYA","total_tons":0.0}},{"type":"Feature","geometry":{"type":"LineString","coordinates":[[29.8514,30.9847],[21.02,31.58]]},"properties":{"mission_id":80003,"date":"1941-04-04","theater":"MTO","aircraft":"Bristol Blenheim","takeoff_base":"GAMBUT (LG 88?)","target_location":"MSUS","target_country":"LIBYA","total_tons":0.0}},{"type":"Feature","geometry":{"type":"LineString","coordinates":[[32.4923,30.2469],[13.08,32.92]]},"properties":{"mission_id":80004,"date":"1941-04-04","theater":"MTO","aircraft":"Vickers Wellington","takeoff_base":"SHALLUFA","target_location":"TRIPOLI","target_country":"LIBYA","total_tons":0.0}},{"type":"Feature","geometry":{"type":"LineString","coordinates":[[29.8514,30.9847],[18.56,30.46]]},"properties":{"mission_id":80012,"date":"1941-04-05","theater":"MTO","aircraft":"Bristol Blenheim","takeoff_base":"GAMBUT (LG 88?)","target_location":"MARBLE ARCH L.G.","target_country":"LIBYA","total_tons":0.0}},{"type":"Feature","geometry":{"type":"LineString","coordinates":[[29.8514,30.9847],[21.4,32.22]]},"properties":{"mission_id":80013,"date":"1941-04-05","theater":"MTO","aircraft":"Bristol Blenheim","takeoff_base":"GAMBUT (LG 88?)","target_location":"TECASIS","target_country":"LIBYA","total_tons":0.0}},{"type":"Feature","geometry":{"type":"LineString","coordinates":[[29.8514,30.9847],[17.23,26.34]]},"properties":{"mission_id":80014,"date":"1941-04-05","theater":"MTO","aircraft":"Bristol Blenheim","takeoff_base":"GAMBUT (LG 88?)","target_location":"TOCRA","target_country":"LIBYA","total_tons":0.0}},{"type":"Feature","geometry":{"type":"LineString","coordinates":[[32.4923,30.2469],[19.2,30.27]]},"properties":{"mission_id":80032,"date":"1941-04-06","theater":"MTO","aircraft":"Vickers Wellington","takeoff_base":"SHALLUFA","target_location":"AGHEILA ROAD","target_country":"LIBYA","total_tons":0.0}},{"type":"Feature","geometry":{"type":"LineString","coordinates":[[29.8514,30.9847],[20.23,30.76]]},"properties":{"mission_id":80035,"date":"1941-04-06","theater":"MTO","aircraft":"Bristol Blenheim","takeoff_base":"GAMBUT (LG 88?)","target_location":"JEDABYA L.G.","target_country":"LIBYA","total_tons":0.0}},{"type":"Feature","geometry":{"type":"LineString","coordinates":[[29.8514,30.9847],[22.28,32.17]]},"properties":{"mission_id":80036,"date":"1941-04-06","theater":"MTO","aircraft":"Bristol Blenheim","takeoff_base":"GAMBUT (LG 88?)","target_location":"MEKILI","target_country":"LIBYA","total_tons":0.0}},{"type":"Feature","geometry":{"type":"LineString","coordinates":[[32.4923,30.2469],[13.08,32.92]]},"properties":{"mission_id":80038,"date":"1941-04-06","theater":"MTO","aircraft":"Vickers Wellington","takeoff_base":"SHALLUFA","target_location":"TRIPOLI","target_country":"LIBYA","total_tons":0.0}},{"type":"Feature","geometry":{"type":"LineString","coordinates":[[36.8167,-1.2833],[38.7369,9.0272]]},"properties":{"mission_id":80039,"date":"1941-04-06","theater":"MTO","aircraft":null,"takeoff_base":"NAIROBI","target_location":"ADDIS ABABA","target_country":"ETHIOPIA","total_tons":0.0}},{"type":"Feature","geometry":{"type":"LineString","coordinates":[[32.4923,30.2469],[14.26,32.65]]},"properties":{"mission_id":80090,"date":"1941-04-07","theater":"MTO","aircraft":"Vickers Wellington","takeoff_base":"SHALLUFA","target_location":"HOMS L.G.","target_country":"LIBYA","total_tons":0.0}},{"type":"Feature","geometry":{"type":"LineString","coordinates":[[29.8514,30.9847],[22.28,32.17]]},"properties":{"mission_id":80091,"date":"1941-04-07","theater":"MTO","aircraft":"Bristol Blenheim","takeoff_base":"GAMBUT (LG 88?)","target_location":"MEKILI","target_country":"LIBYA","total_tons":0.0}},{"type":"Feature","geometry":{"type":"LineString","coordinates":[[29.8514,30.9847],[24.01,32.09]]},"properties":{"mission_id":80092,"date":"1941-04-07","theater":"MTO","aircraft":"Bristol Blenheim","takeoff_base":"GAMBUT (LG 88?)","target_location":"MENGAR EL TESCHIN (MENGER EL MERCHAB?)","target_country":"LIBYA","total_tons":0.0}},{"type":"Feature","geometry":{"type":"LineString","coordinates":[[155.3839,-6.2444],[155.8167,-6.7]]},"properties":{"mission_id":80158,"date":"1945-04-12","theater":"PTO","aircraft":"PV-1 Lockeed Ventura","takeoff_base":"BOUGAINVILLE ISLAND","target_location":"MUGUAI","target_country":null,"total_tons":9.0}},{"type":"Feature","geometry":{"type":"LineString","coordinates":[[32.4923,30.2469],[20.05,32.11]]},"properties":{"mission_id":80428,"date":"1941-04-08","theater":"MTO","aircraft":"Vickers Wellington","takeoff_base":"SHALLUFA","target_location":"BENGHAZI","target_country":"LIBYA","total_tons":0.0}},{"type":"Feature","geometry":{"type":"LineString","coordinates":[[29.8514,30.9847],[22.28,32.17]]},"properties":{"mission_id":80429,"date":"1941-04-08","theater":"MTO","aircraft":"Bristol Blenheim","takeoff_base":"GAMBUT (LG 88?)","target_location":"MEKILI","target_country":"LIBYA","total_tons":0.0}},{"type":"Feature","geometry":{"type":"LineString","coordinates":[[32.4923,30.2469],[25.05,31.58]]},"properties":{"mission_id":80475,"date":"1941-04-09","theater":"MTO","aircraft":"Vickers Wellington","takeoff_base":"SHALLUFA","target_location":"CAPUZZO AREA","target_country":"LIBYA","total_tons":0.0}},{"type":"Feature","geometry":{"type":"LineString","coordinates":[[29.8514,30.9847],[22.28,32.17]]},"properties":{"mission_id":80476,"date":"1941-04-09","theater":"MTO","aircraft":"Bristol Blenheim","takeoff_base":"GAMBUT (LG 88?)","target_location":"MEKILI","target_country":"LIBYA","total_tons":0.0}},{"type":"Feature","geometry":{"type":"LineString","coordinates":[[29.8514,30.9847],[23.83,31.6]]},"properties":{"mission_id":80477,"date":"1941-04-09","theater":"MTO","aircraft":"Bristol Blenheim","takeoff_base":"GAMBUT (LG 88?)","target_location":"NEAR BIR BELAURED (BI'R BAYYUD)","target_country":"LIBYA","total_tons":0.0}},{"type":"Feature","geometry":{"type":"LineString","coordinates":[[29.8514,30.9847],[23.91,31.91]]},"properties":{"mission_id":80816,"date":"1941-04-10","theater":"MTO","aircraft":"Bristol Blenheim","takeoff_base":"GAMBUT (LG 88?)","target_location":"NEAR EL ADEM","target_country":"LIBYA","total_tons":0.0}},{"type":"Feature","geometry":{"type":"LineString","coordinates":[[29.8514,30.9847],[23.7,32.05]]},"properties":{"mission_id":80823,"date":"1941-04-11","theater":"MTO","aircraft":"Bristol Blenheim","takeoff_base":"GAMBUT (LG 88?)","target_location":"ACROMA","target_country":"LIBYA","total_tons":0.0}},{"type":"Feature","geometry":{"type":"LineString","coordinates":[[29.8514,30.9847],[24.08,30.05]]},"properties":{"mission_id":80826,"date":"1941-04-11","theater":"MTO","aircraft":"Bristol Blenheim","takeoff_base":"GAMBUT (LG 88?)","target_location":"GAAD EL AHMAR","target_country":"LIBYA","total_tons":0.0}},{"type":"Feature","geometry":{"type":"LineString","coordinates":[[29.8514,30.9847],[23.36,32.15]]},"properties":{"mission_id":80827,"date":"1941-04-11","theater":"MTO","aircraft":"Bristol Blenheim","takeoff_base":"GAMBUT (LG 88?)","target_location":"GAZALA","target_country":"LIBYA","total_tons":0.0}},{"type":"Feature","geometry":{"type":"LineString","coordinates":[[29.8514,30.9847],[23.95,32.04]]},"properties":{"mission_id":80829,"date":"1941-04-11","theater":"MTO","aircraft":"Bristol Blenheim","takeoff_base":"GAMBUT (LG 88?)","target_location":"TOBRUK","target_country":"LIBYA","total_tons":0.0}},{"type":"Feature","geometry":{"type":"LineString","coordinates":[[32.4923,30.2469],[23.95,32.04]]},"properties":{"mission_id":80830,"date":"1941-04-11","theater":"MTO","aircraft":"Vickers Wellington","takeoff_base":"SHALLUFA","target_location":"TOBRUK ROAD","target_country":"LIBYA","total_tons":0.0}},{"type":"Feature","geometry":{"type":"LineString","coordinates":[[29.8514,30.9847],[23.7,32.05]]},"properties":{"mission_id":80861,"date":"1941-04-12","theater":"MTO","aircraft":"Bristol Blenheim","takeoff_base":"GAMBUT (LG 88?)","target_location":"ACROMA","target_country":"LIBYA","total_tons":0.0}},{"type":"Feature","geometry":{"type":"LineString","coordinates":[[32.4923,30.2469],[23.36,32.15]]},"properties":{"mission_id":80864,"date":"1941-04-12","theater":"MTO","aircraft":"Vickers Wellington","takeoff_base":"SHALLUFA","target_location":"GAZALA","target_country":"LIBYA","total_tons":0.0}},{"type":"Feature","geometry":{"type":"LineString","coordinates":[[29.8514,30.9847],[23.95,32.04]]},"properties":{"mission_id":80865,"date":"1941-04-12","theater":"MTO","aircraft":"Bristol Blenheim","takeoff_base":"GAMBUT (LG 88?)","target_location":"TOBRUK","target_country":"LIBYA","total_tons":0.0}},{"type":"Feature","geometry":{"type":"LineString","coordinates":[[29.8514,30.9847],[23.91,31.91]]},"properties":{"mission_id":80877,"date":"1941-04-13","theater":"MTO","aircraft":"Bristol Blenheim","takeoff_base":"GAMBUT (LG 88?)","target_location":"EL ADEM","target_country":"LIBYA","total_tons":0.0}},{"type":"Feature","geometry":{"type":"LineString","coordinates":[[32.4923,30.2469],[23.91,31.91]]},"properties":{"mission_id":80878,"date":"1941-04-13","theater":"MTO","aircraft":"Vickers Wellington","takeoff_base":"SHALLUFA","target_location":"EL ADEM","target_country":"LIBYA","total_tons":0.0}},{"type":"Feature","geometry":{"type":"LineString","coordinates":[[29.8514,30.9847],[25.12,31.5]]},"properties":{"mission_id":80882,"date":"1941-04-13","theater":"MTO","aircraft":"Bristol Blenheim","takeoff_base":"GAMBUT (LG 88?)","target_location":"SOLLUM AREA","target_country":"LIBYA","total_tons":0.0}},{"type":"Feature","geometry":{"type":"LineString","coordinates":[[29.8514,30.9847],[23.95,32.04]]},"properties":{"mission_id":80883,"date":"1941-04-13","theater":"MTO","aircraft":"Bristol Blenheim","takeoff_base":"GAMBUT (LG 88?)","target_location":"TOBRUK","target_country":"LIBYA","total_tons":0.0}},{"type":"Feature","geometry":{"type":"LineString","coordinates":[[13.9606,41.0366],[12.52,42.5]]},"properties":{"mission_id":81018,"date":"1944-04-21","theater":"MTO","aircraft":"North American A-36 Apache (Invader)","takeoff_base":"CASTEL VOLTURNO AIRFIELD","target_location":"NARNI","target_country":"ITALY","total_tons":20.0}},{"type":"Feature","geometry":{"type":"LineString","coordinates":[[13.9606,41.0366],[12.28,42.52]]},"properties":{"mission_id":81054,"date":"1944-04-21","theater":"MTO","aircraft":"North American A-36 Apache (Invader)","takeoff_base":"CASTEL VOLTURNO AIRFIELD","target_location":"ATTIGLIANO","target_country":"ITALY","total_tons":6.0}},{"type":"Feature","geometry":{"type":"LineString","coordinates":[[13.9606,41.0366],[13.45,41.45]]},"properties":{"mission_id":81070,"date":"1944-04-21","theater":"MTO","aircraft":"North American A-36 Apache (Invader)","takeoff_base":"CASTEL VOLTURNO AIRFIELD","target_location":"FONDI","target_country":"ITALY","total_tons":4.0}},{"type":"Feature","geometry":{"type":"LineString","coordinates":[[13.9606,41.0366],[12.4,42.47]]},"properties":{"mission_id":81074,"date":"1944-04-21","theater":"MTO","aircraft":"North American A-36 Apache (Invader)","takeoff_base":"CASTEL VOLTURNO AIRFIELD","target_location":"ORTE","target_country":"ITALY","total_tons":2.5}},{"type":"Feature","geometry":{"type":"LineString","coordinates":[[32.4923,30.2469],[23.91,31.91]]},"properties":{"mission_id":81211,"date":"1941-04-14","theater":"MTO","aircraft":"Vickers Wellington","takeoff_base":"SHALLUFA","target_location":"EL ADEM & GAMBUT L.G.'S","target_country":"LIBYA","total_tons":0.0}},{"type":"Feature","geometry":{"type":"LineString","coordinates":[[29.8514,30.9847],[25.12,31.5]]},"properties":{"mission_id":81216,"date":"1941-04-14","theater":"MTO","aircraft":"Bristol Blenheim","takeoff_base":"GAMBUT (LG 88?)","target_location":"SOLLUM - TOBRUK - MEKILI AREA","target_country":"LIBYA","total_tons":0.0}},{"type":"Feature","geometry":{"type":"LineString","coordinates":[[29.8514,30.9847],[25.05,31.58]]},"properties":{"mission_id":81267,"date":"1941-04-15","theater":"MTO","aircraft":"Bristol Blenheim","takeoff_base":"GAMBUT (LG 88?)","target_location":"CAPUZZO","target_country":"LIBYA","total_tons":0.0}},{"type":"Feature","geometry":{"type":"LineString","coordinates":[[32.4923,30.2469],[0.03,31.97]]},"properties":{"mission_id":81269,"date":"1941-04-15","theater":"MTO","aircraft":"Vickers Wellington","takeoff_base":"SHALLUFA","target_location":"\"MENASTIR, EL ADEM, DERNA\"","target_country":"LIBYA","total_tons":0.0}},{"type":"Feature","geometry":{"type":"LineString","coordinates":[[29.8514,30.9847],[23.95,32.04]]},"properties":{"mission_id":81270,"date":"1941-04-15","theater":"MTO","aircraft":"Bristol Blenheim","takeoff_base":"GAMBUT (LG 88?)","target_location":"TOBRUK - EL ADEM AREA","target_country":"LIBYA","total_tons":0.0}},{"type":"Feature","geometry":{"type":"LineString","coordinates":[[29.8514,30.9847],[23.7,32.05]]},"properties":{"mission_id":81647,"date":"1941-04-16","theater":"MTO","aircraft":"Bristol Blenheim","takeoff_base":"GAMBUT (LG 88?)","target_location":"ACROMA & EL ADEM","target_country":"LIBYA","total_tons":0.0}},{"type":"Feature","geometry":{"type":"LineString","coordinates":[[29.8514,30.9847],[22.63,32.77]]},"properties":{"mission_id":81648,"date":"1941-04-16","theater":"MTO","aircraft":"Bristol Blenheim","takeoff_base":"GAMBUT (LG 88?)","target_location":"DERNA","target_country":"LIBYA","total_tons":0.0}},{"type":"Feature","geometry":{"type":"LineString","coordinates":[[32.4923,30.2469],[22.63,32.77]]},"properties":{"mission_id":81649,"date":"1941-04-16","theater":"MTO","aircraft":"Vickers Wellington","takeoff_base":"SHALLUFA","target_location":"DERNA","target_country":"LIBYA","total_tons":0.0}},{"type":"Feature","geometry":{"type":"LineString","coordinates":[[32.4923,30.2469],[23.91,31.91]]},"properties":{"mission_id":81650,"date":"1941-04-16","theater":"MTO","aircraft":"Vickers Wellington","takeoff_base":"SHALLUFA","target_location":"EL ADEM","target_country":"LIBYA","total_tons":0.0}},{"type":"Feature","geometry":{"type":"LineString","coordinates":[[32.4923,30.2469],[23.36,32.15]]},"properties":{"mission_id":81651,"date":"1941-04-16","theater":"MTO","aircraft":"Vickers Wellington","takeoff_base":"SHALLUFA","target_location":"GAZALA","target_country":"LIBYA","total_tons":0.0}},{"type":"Feature","geometry":{"type":"LineString","coordinates":[[32.4923,30.2469],[25.12,31.5]]},"properties":{"mission_id":81653,"date":"1941-04-16","theater":"MTO","aircraft":"Vickers Wellington","takeoff_base":"SHALLUFA","target_location":"SOLLUM AREA","target_country":"LIBYA","total_tons":0.0}},{"type":"Feature","geometry":{"type":"LineString","coordinates":[[13.9606,41.0366],[12.12,42.72]]},"properties":{"mission_id":81819,"date":"1944-04-22","theater":"MTO","aircraft":"North American A-36 Apache (Invader)","takeoff_base":"CASTEL VOLTURNO AIRFIELD","target_location":"ORVIETO","target_country":"ITALY","total_tons":0.0}},{"type":"Feature","geometry":{"type":"LineString","coordinates":[[29.8514,30.9847],[25.05,31.58]]},"properties":{"mission_id":82018,"date":"1941-04-17","theater":"MTO","aircraft":"Bristol Blenheim","takeoff_base":"GAMBUT (LG 88?)","target_location":"CAPUZZO - BARDIA AREA","target_country":"LIBYA","total_tons":0.0}},{"type":"Feature","geometry":{"type":"LineString","coordinates":[[29.8514,30.9847],[22.63,32.77]]},"properties":{"mission_id":82019,"date":"1941-04-17","theater":"MTO","aircraft":"Bristol Blenheim","takeoff_base":"GAMBUT (LG 88?)","target_location":"DERNA","target_country":"LIBYA","total_tons":0.0}},{"type":"Feature","geometry":{"type":"LineString","coordinates":[[32.4923,30.2469],[23.91,31.91]]},"properties":{"mission_id":82020,"date":"1941-04-17","theater":"MTO","aircraft":"Vickers Wellington","takeoff_base":"SHALLUFA","target_location":"EL ADEM","target_country":"LIBYA","total_tons":0.0}},{"type":"Feature","geometry":{"type":"LineString","coordinates":[[29.8514,30.9847],[23.91,31.91]]},"properties":{"mission_id":82021,"date":"1941-04-17","theater":"MTO","aircraft":"Bristol Blenheim","takeoff_base":"GAMBUT (LG 88?)","target_location":"EL ADEM - BARDIA AREA","target_country":"LIBYA","total_tons":0.0}},{"type":"Feature","geometry":{"type":"LineString","coordinates":[[29.8514,30.9847],[23.7,32.05]]},"properties":{"mission_id":82028,"date":"1941-04-18","theater":"MTO","aircraft":"Bristol Blenheim","takeoff_base":"GAMBUT (LG 88?)","target_location":"ACROMA","target_country":"LIBYA","total_tons":0.0}},{"type":"Feature","geometry":{"type":"LineString","coordinates":[[32.4923,30.2469],[22.63,32.77]]},"properties":{"mission_id":82032,"date":"1941-04-18","theater":"MTO","aircraft":"Vickers Wellington","takeoff_base":"SHALLUFA","target_location":"DERNA TOWN","target_country":"LIBYA","total_tons":0.0}},{"type":"Feature","geometry":{"type":"LineString","coordinates":[[29.8514,30.9847],[23.91,31.91]]},"properties":{"mission_id":82033,"date":"1941-04-18","theater":"MTO","aircraft":"Bristol Blenheim","takeoff_base":"GAMBUT (LG 88?)","target_location":"EL ADEM - BARDIA AREA","target_country":"LIBYA","total_tons":0.0}},{"type":"Feature","geometry":{"type":"LineString","coordinates":[[29.8514,30.9847],[23.95,32.04]]},"properties":{"mission_id":82037,"date":"1941-04-18","theater":"MTO","aircraft":"Bristol Blenheim","takeoff_base":"GAMBUT (LG 88?)","target_location":"TOBRUK","target_country":"LIBYA","total_tons":0.0}},{"type":"Feature","geometry":{"type":"LineString","coordinates":[[29.8514,30.9847],[23.95,32.04]]},"properties":{"mission_id":82043,"date":"1941-04-19","theater":"MTO","aircraft":"Bristol Blenheim","takeoff_base":"GAMBUT (LG 88?)","target_location":"BARDIA AREA","target_country":"LIBYA","total_tons":0.0}},{"type":"Feature","geometry":{"type":"LineString","coordinates":[[32.4923,30.2469],[20.05,32.11]]},"properties":{"mission_id":82044,"date":"1941-04-19","theater":"MTO","aircraft":"Vickers Wellington","takeoff_base":"SHALLUFA","target_location":"BENGHAZI","target_country":"LIBYA","total_tons":0.0}},{"type":"Feature","geometry":{"type":"LineString","coordinates":[[29.8514,30.9847],[22.63,32.77]]},"properties":{"mission_id":82046,"date":"1941-04-19","theater":"MTO","aircraft":"Bristol Blenheim","takeoff_base":"GAMBUT (LG 88?)","target_location":"DERNA","target_country":"LIBYA","total_tons":0.0}},{"type":"Feature","geometry":{"type":"LineString","coordinates":[[29.8514,30.9847],[23.95,32.04]]},"properties":{"mission_id":82052,"date":"1941-04-19","theater":"MTO","aircraft":"Bristol Blenheim","takeoff_base":"GAMBUT (LG 88?)","target_location":"TOBRUK - GAZALA ROAD","target_country":"LIBYA","total_tons":0.0}},{"type":"Feature","geometry":{"type":"LineString","coordinates":[[29.8514,30.9847],[23.95,32.04]]},"properties":{"mission_id":82053,"date":"1941-04-19","theater":"MTO","aircraft":"Bristol Blenheim","takeoff_base":"GAMBUT (LG 88?)","target_location":"TOBRUK -BARDIA ROAD","target_country":"LIBYA","total_tons":0.0}},{"type":"Feature","geometry":{"type":"LineString","coordinates":[[29.8514,30.9847],[23.7,32.05]]},"properties":{"mission_id":82090,"date":"1941-04-20","theater":"MTO","aircraft":"Bristol Blenheim","takeoff_base":"GAMBUT (LG 88?)","target_location":"ACROMA","target_country":"LIBYA","total_tons":0.0}},{"type":"Feature","geometry":{"type":"LineString","coordinates":[[32.4923,30.2469],[20.05,32.11]]},"properties":{"mission_id":82091,"date":"1941-04-20","theater":"MTO","aircraft":"Vickers Wellington","takeoff_base":"SHALLUFA","target_location":"BENGHAZI","target_country":"LIBYA","total_tons":0.0}},{"type":"Feature","geometry":{"type":"LineString","coordinates":[[29.8514,30.9847],[23.91,31.91]]},"properties":{"mission_id":82092,"date":"1941-04-20","theater":"MTO","aircraft":"Bristol Blenheim","takeoff_base":"GAMBUT (LG 88?)","target_location":"EL ADEM","target_country":"LIBYA","total_tons":0.0}},{"type":"Feature","geometry":{"type":"LineString","coordinates":[[32.4923,30.2469],[23.36,32.15]]},"properties":{"mission_id":82093,"date":"1941-04-20","theater":"MTO","aircraft":"Vickers Wellington","takeoff_base":"SHALLUFA","target_location":"GAZALA L.G.","target_country":"LIBYA","total_tons":0.0}},{"type":"Feature","geometry":{"type":"LineString","coordinates":[[32.4923,30.2469],[25.05,31.58]]},"properties":{"mission_id":82098,"date":"1941-04-21","theater":"MTO","aircraft":"Vickers Wellington","takeoff_base":"SHALLUFA","target_location":"CAPUZZO AREA","target_country":"LIBYA","total_tons":0.0}},{"type":"Feature","geometry":{"type":"LineString","coordinates":[[29.8514,30.9847],[22.63,32.77]]},"properties":{"mission_id":82099,"date":"1941-04-21","theater":"MTO","aircraft":"Bristol Blenheim","takeoff_base":"GAMBUT (LG 88?)","target_location":"DERNA","target_country":"LIBYA","total_tons":0.0}},{"type":"Feature","geometry":{"type":"LineString","coordinates":[[32.4923,30.2469],[23.36,32.15]]},"properties":{"mission_id":82100,"date":"1941-04-21","theater":"MTO","aircraft":"Vickers Wellington","takeoff_base":"SHALLUFA","target_location":"GAZALA","target_country":"LIBYA","total_tons":0.0}},{"type":"Feature","geometry":{"type":"LineString","coordinates":[[29.8514,30.9847],[23.36,32.15]]},"properties":{"mission_id":82301,"date":"1941-04-21","theater":"MTO","aircraft":"Bristol Blenheim","takeoff_base":"GAMBUT (LG 88?)","target_location":"GAZALA L.G.","target_country":"LIBYA","total_tons":0.0}},{"type":"Feature","geometry":{"type":"LineString","coordinates":[[32.4923,30.2469],[20.8,32.5]]},"properties":{"mission_id":82311,"date":"1941-04-22","theater":"MTO","aircraft":"Vickers Wellington","takeoff_base":"SHALLUFA","target_location":"BARCE","target_country":"LIBYA","total_tons":0.0}},{"type":"Feature","geometry":{"type":"LineString","coordinates":[[29.8514,30.9847],[20.05,32.11]]},"properties":{"mission_id":82312,"date":"1941-04-22","theater":"MTO","aircraft":"Bristol Blenheim","takeoff_base":"GAMBUT (LG 88?)","target_location":"BENGHAZI","target_country":"LIBYA","total_tons":0.0}},{"type":"Feature","geometry":{"type":"LineString","coordinates":[[32.4923,30.2469],[20.05,32.11]]},"properties":{"mission_id":82313,"date":"1941-04-22","theater":"MTO","aircraft":"Vickers Wellington","takeoff_base":"SHALLUFA","target_location":"BENGHAZI","target_country":"LIBYA","total_tons":0.0}},{"type":"Feature","geometry":{"type":"LineString","coordinates":[[32.4923,30.2469],[20.05,32.11]]},"properties":{"mission_id":82325,"date":"1941-04-23","theater":"MTO","aircraft":"Vickers Wellington","takeoff_base":"SHALLUFA","target_location":"BENGHAZI","target_country":"LIBYA","total_tons":0.0}},{"type":"Feature","geometry":{"type":"LineString","coordinates":[[29.8514,30.9847],[23.36,32.15]]},"properties":{"mission_id":82326,"date":"1941-04-23","theater":"MTO","aircraft":"Bristol Blenheim","takeoff_base":"GAMBUT (LG 88?)","target_location":"GAZALA N. L.G.","target_country":"LIBYA","total_tons":0.0}},{"type":"Feature","geometry":{"type":"LineString","coordinates":[[32.4923,30.2469],[23.13,32.4]]},"properties":{"mission_id":82327,"date":"1941-04-23","theater":"MTO","aircraft":"Vickers Wellington","takeoff_base":"SHALLUFA","target_location":"NEAR BOMBA","target_country":"LIBYA","total_tons":0.0}},{"type":"Feature","geometry":{"type":"LineString","coordinates":[[32.4923,30.2469],[20.05,32.11]]},"properties":{"mission_id":82328,"date":"1941-04-23","theater":"MTO","aircraft":"Vickers Wellington","takeoff_base":"SHALLUFA","target_location":"ROAD NEAR BENGHAZI","target_country":"LIBYA","total_tons":0.0}},{"type":"Feature","geometry":{"type":"LineString","coordinates":[[29.8514,30.9847],[23.95,32.04]]},"properties":{"mission_id":82329,"date":"1941-04-23","theater":"MTO","aircraft":"Bristol Blenheim","takeoff_base":"GAMBUT (LG 88?)","target_location":"TOBRUK","target_country":"LIBYA","total_tons":0.0}},{"type":"Feature","geometry":{"type":"LineString","coordinates":[[29.8514,30.9847],[23.7,32.05]]},"properties":{"mission_id":82357,"date":"1941-04-24","theater":"MTO","aircraft":"Bristol Blenheim","takeoff_base":"GAMBUT (LG 88?)","target_location":"ACROMA","target_country":"LIBYA","total_tons":0.0}},{"type":"Feature","geometry":{"type":"LineString","coordinates":[[29.8514,30.9847],[23.95,32.04]]},"properties":{"mission_id":82358,"date":"1941-04-24","theater":"MTO","aircraft":"Bristol Blenheim","takeoff_base":"GAMBUT (LG 88?)","target_location":"BARDIA - CAPUZZO","target_country":"LIBYA","total_tons":0.0}},{"type":"Feature","geometry":{"type":"LineString","coordinates":[[32.4923,30.2469],[20.05,32.11]]},"properties":{"mission_id":82359,"date":"1941-04-24","theater":"MTO","aircraft":"Vickers Wellington","takeoff_base":"SHALLUFA","target_location":"BENGHAZI AREA & COASTAL ROAD","target_country":"LIBYA","total_tons":0.0}},{"type":"Feature","geometry":{"type":"LineString","coordinates":[[29.8514,30.9847],[22.63,32.77]]},"properties":{"mission_id":82360,"date":"1941-04-24","theater":"MTO","aircraft":"Bristol Blenheim","takeoff_base":"GAMBUT (LG 88?)","target_location":"DERNA","target_country":"LIBYA","total_tons":0.0}},{"type":"Feature","geometry":{"type":"LineString","coordinates":[[13.9606,41.0366],[12.12,42.72]]},"properties":{"mission_id":82621,"date":"1944-04-23","theater":"MTO","aircraft":"North American A-36 Apache (Invader)","takeoff_base":"CASTEL VOLTURNO AIRFIELD","target_location":"ORVIETO","target_country":"ITALY","total_tons":22.0}},{"type":"Feature","geometry":{"type":"LineString","coordinates":[[13.9606,41.0366],[12.28,42.52]]},"properties":{"mission_id":82658,"date":"1944-04-23","theater":"MTO","aircraft":"North American A-36 Apache (Invader)","takeoff_base":"CASTEL VOLTURNO AIRFIELD","target_location":"ATTIGLIANO","target_country":"ITALY","total_tons":4.0}},{"type":"Feature","geometry":{"type":"LineString","coordinates":[[13.9606,41.0366],[13.62,41.25]]},"properties":{"mission_id":82662,"date":"1944-04-23","theater":"MTO","aircraft":"North American A-36 Apache (Invader)","takeoff_base":"CASTEL VOLTURNO AIRFIELD","target_location":"FORMIA","target_country":"ITALY","total_tons":3.0}},{"type":"Feature","geometry":{"type":"LineString","coordinates":[[32.4923,30.2469],[20.05,32.11]]},"properties":{"mission_id":82707,"date":"1941-04-25","theater":"MTO","aircraft":"Vickers Wellington","takeoff_base":"SHALLUFA","target_location":"BENGHAZI","target_country":"LIBYA","total_tons":0.0}},{"type":"Feature","geometry":{"type":"LineString","coordinates":[[32.4923,30.2469],[20.05,32.11]]},"properties":{"mission_id":82708,"date":"1941-04-25","theater":"MTO","aircraft":"Vickers Wellington","takeoff_base":"SHALLUFA","target_location":"BENGHAZI AREA","target_country":"LIBYA","total_tons":0.0}},{"type":"Feature","geometry":{"type":"LineString","coordinates":[[32.4923,30.2469],[20.05,32.11]]},"properties":{"mission_id":82723,"date":"1941-04-26","theater":"MTO","aircraft":"Vickers Wellington","takeoff_base":"SHALLUFA","target_location":"BENGHAZI","target_country":"LIBYA","total_tons":0.0}},{"type":"Feature","geometry":{"type":"LineString","coordinates":[[32.4923,30.2469],[20.05,32.11]]},"properties":{"mission_id":82729,"date":"1941-04-27","theater":"MTO","aircraft":"Vickers Wellington","takeoff_base":"SHALLUFA","target_location":"BENGHAZI","target_country":"LIBYA","total_tons":0.0}},{"type":"Feature","geometry":{"type":"LineString","coordinates":[[29.8514,30.9847],[22.63,32.77]]},"properties":{"mission_id":82739,"date":"1941-04-28","theater":"MTO","aircraft":"Bristol Blenheim","takeoff_base":"GAMBUT (LG 88?)","target_location":"DERNA & BENINA L.G'S","target_country":"LIBYA","total_tons":0.0}},{"type":"Feature","geometry":{"type":"LineString","coordinates":[[32.4923,30.2469],[20.05,32.11]]},"properties":{"mission_id":82771,"date":"1941-04-29","theater":"MTO","aircraft":"Vickers Wellington","takeoff_base":"SHALLUFA","target_location":"BENGHAZI","target_country":"LIBYA","total_tons":0.0}},{"type":"Feature","geometry":{"type":"LineString","coordinates":[[155.3839,-6.2444],[155.8167,-6.7]]},"properties":{"mission_id":82944,"date":"1945-04-14","theater":"PTO","aircraft":"PV-1 Lockeed Ventura","takeoff_base":"BOUGAINVILLE ISLAND","target_location":"MUGUAI","target_country":null,"total_tons":9.0}},{"type":"Feature","geometry":{"type":"LineString","coordinates":[[32.4923,30.2469],[20.05,32.11]]},"properties":{"mission_id":83020,"date":"1941-04-30","theater":"MTO","aircraft":"Vickers Wellington","takeoff_base":"SHALLUFA","target_location":"BENGHAZI","target_country":"LIBYA","total_tons":0.0}},{"type":"Feature","geometry":{"type":"LineString","coordinates":[[29.8514,30.9847],[22.63,32.77]]},"properties":{"mission_id":83021,"date":"1941-04-30","theater":"MTO","aircraft":"Bristol Blenheim","takeoff_base":"GAMBUT (LG 88?)","target_location":"DERNA","target_country":"LIBYA","total_tons":0.0}},{"type":"Feature","geometry":{"type":"LineString","coordinates":[[32.4923,30.2469],[22.63,32.77]]},"properties":{"mission_id":83022,"date":"1941-04-30","theater":"MTO","aircraft":"Vickers Wellington","takeoff_base":"SHALLUFA","target_location":"DERNA TOWN","target_country":"LIBYA","total_tons":0.0}},{"type":"Feature","geometry":{"type":"LineString","coordinates":[[32.4923,30.2469],[20.05,32.11]]},"properties":{"mission_id":83026,"date":"1941-05-01","theater":"MTO","aircraft":"Vickers Wellington","takeoff_base":"SHALLUFA","target_location":"BENGHAZI","target_country":"LIBYA","total_tons":0.0}},{"type":"Feature","geometry":{"type":"LineString","coordinates":[[32.4923,30.2469],[23.36,32.15]]},"properties":{"mission_id":83027,"date":"1941-05-01","theater":"MTO","aircraft":"Vickers Wellington","takeoff_base":"SHALLUFA","target_location":"GAZALA","target_country":"LIBYA","total_tons":0.0}},{"type":"Feature","geometry":{"type":"LineString","coordinates":[[13.9606,41.0366],[12.4,42.47]]},"properties":{"mission_id":83529,"date":"1944-04-24","theater":"MTO","aircraft":"North American A-36 Apache (Invader)","takeoff_base":"CASTEL VOLTURNO AIRFIELD","target_location":"ORTE","target_country":"ITALY","total_tons":24.0}},{"type":"Feature","geometry":{"type":"LineString","coordinates":[[13.9606,41.0366],[13.45,41.45]]},"properties":{"mission_id":83572,"date":"1944-04-24","theater":"MTO","aircraft":"North American A-36 Apache (Invader)","takeoff_base":"CASTEL VOLTURNO AIRFIELD","target_location":"FONDI","target_country":"ITALY","total_tons":4.0}},{"type":"Feature","geometry":{"type":"LineString","coordinates":[[13.9606,41.0366],[12.4,42.47]]},"properties":{"mission_id":84608,"date":"1944-04-25","theater":"MTO","aircraft":"North American A-36 Apache (Invader)","takeoff_base":"CASTEL VOLTURNO AIRFIELD","target_location":"ORTE","target_country":"ITALY","total_tons":23.0}},{"type":"Feature","geometry":{"type":"LineString","coordinates":[[13.9606,41.0366],[13.53,41.28]]},"properties":{"mission_id":84616,"date":"1944-04-25","theater":"MTO","aircraft":"North American A-36 Apache (Invader)","takeoff_base":"CASTEL VOLTURNO AIRFIELD","target_location":"ITRI","target_country":"ITALY","total_tons":7.0}},{"type":"Feature","geometry":{"type":"LineString","coordinates":[[13.9606,41.0366],[12.52,42.5]]},"properties":{"mission_id":84620,"date":"1944-04-25","theater":"MTO","aircraft":"North American A-36 Apache (Invader)","takeoff_base":"CASTEL VOLTURNO AIRFIELD","target_location":"NARNI","target_country":"ITALY","total_tons":4.0}},{"type":"Feature","geometry":{"type":"LineString","coordinates":[[13.9606,41.0366],[13.45,41.45]]},"properties":{"mission_id":84621,"date":"1944-04-25","theater":"MTO","aircraft":"North American A-36 Apache (Invader)","takeoff_base":"CASTEL VOLTURNO AIRFIELD","target_location":"FONDI","target_country":"ITALY","total_tons":4.0}},{"type":"Feature","geometry":{"type":"LineString","coordinates":[[13.9606,41.0366],[12.28,42.52]]},"properties":{"mission_id":84622,"date":"1944-04-25","theater":"MTO","aircraft":"North American A-36 Apache (Invader)","takeoff_base":"CASTEL VOLTURNO AIRFIELD","target_location":"ATTIGLIANO","target_country":"ITALY","total_tons":4.0}},{"type":"Feature","geometry":{"type":"LineString","coordinates":[[166.8333,-15.25],[152.1167,-4.1833]]},"properties":{"mission_id":85865,"date":"1944-04-27","theater":"PTO","aircraft":"Grumman TBF Avenger","takeoff_base":"ESPIRITU SANTO","target_location":"TALILI BAY","target_country":"BISMARK ARCHIPELAGO","total_tons":12.0}},{"type":"Feature","geometry":{"type":"LineString","coordinates":[[155.3839,-6.2444],[155.7167,-6.7]]},"properties":{"mission_id":85926,"date":"1945-04-15","theater":"PTO","aircraft":"PV-1 Lockeed Ventura","takeoff_base":"BOUGAINVILLE ISLAND","target_location":"KARA","target_country":"SOLOMON ISLANDS","total_tons":9.0}},{"type":"Feature","geometry":{"type":"LineString","coordinates":[[166.8333,-15.25],[152.1627,-4.1913]]},"properties":{"mission_id":89081,"date":"1944-04-30","theater":"PTO","aircraft":"Grumman TBF Avenger","takeoff_base":"ESPIRITU SANTO","target_location":"\"HOSPITAL RIDGE, RABAUL\"","target_country":null,"total_tons":4.0}},{"type":"Feature","geometry":{"type":"LineString","coordinates":[[166.8333,-15.25],[152.1627,-4.1913]]},"properties":{"mission_id":90208,"date":"1944-05-01","theater":"PTO","aircraft":"Grumman TBF Avenger","takeoff_base":"ESPIRITU SANTO","target_location":"\"HOSPITAL RIDGE, RABAUL\"","target_country":null,"total_tons":1.0}},{"type":"Feature","geometry":{"type":"LineString","coordinates":[[13.9606,41.0366],[12.4,42.47]]},"properties":{"mission_id":91832,"date":"1944-05-04","theater":"MTO","aircraft":"North American A-36 Apache (Invader)","takeoff_base":"CASTEL VOLTURNO AIRFIELD","target_location":"ORTE","target_country":"ITALY","total_tons":24.0}},{"type":"Feature","geometry":{"type":"LineString","coordinates":[[166.8333,-15.25],[152.2,-4.25]]},"properties":{"mission_id":91858,"date":"1944-05-04","theater":"PTO","aircraft":"Grumman TBF Avenger","takeoff_base":"ESPIRITU SANTO","target_location":"MATUPI ISLAND","target_country":null,"total_tons":6.0}},{"type":"Feature","geometry":{"type":"LineString","coordinates":[[13.9606,41.0366],[12.52,42.5]]},"properties":{"mission_id":91860,"date":"1944-05-04","theater":"MTO","aircraft":"North American A-36 Apache (Invader)","takeoff_base":"CASTEL VOLTURNO AIRFIELD","target_location":"NARNI","target_country":"ITALY","total_tons":4.0}},{"type":"Feature","geometry":{"type":"LineString","coordinates":[[13.9606,41.0366],[12.22,42.28]]},"properties":{"mission_id":91861,"date":"1944-05-04","theater":"MTO","aircraft":"North American A-36 Apache (Invader)","takeoff_base":"CASTEL VOLTURNO AIRFIELD","target_location":"RONCIGLIONE","target_country":"ITALY","total_tons":4.0}},{"type":"Feature","geometry":{"type":"LineString","coordinates":[[13.9606,41.0366],[12.4,42.47]]},"properties":{"mission_id":91862,"date":"1944-05-04","theater":"MTO","aircraft":"North American A-36 Apache (Invader)","takeoff_base":"CASTEL VOLTURNO AIRFIELD","target_location":"ORTE","target_country":"ITALY","total_tons":4.0}},{"type":"Feature","geometry":{"type":"LineString","coordinates":[[155.3839,-6.2444],[155.8167,-6.7]]},"properties":{"mission_id":92155,"date":"1945-04-17","theater":"PTO","aircraft":"PV-1 Lockeed Ventura","takeoff_base":"BOUGAINVILLE ISLAND","target_location":"MUGUAI","target_country":null,"total_tons":4.5}},{"type":"Feature","geometry":{"type":"LineString","coordinates":[[13.9606,41.0366],[12.05,42.53]]},"properties":{"mission_id":92654,"date":"1944-05-06","theater":"MTO","aircraft":"North American A-36 Apache (Invader)","takeoff_base":"CASTEL VOLTURNO AIRFIELD","target_location":"MONTE FIASCONE","target_country":"ITALY","total_tons":28.0}},{"type":"Feature","geometry":{"type":"LineString","coordinates":[[13.9606,41.0366],[12.12,42.42]]},"properties":{"mission_id":92676,"date":"1944-05-06","theater":"MTO","aircraft":"North American A-36 Apache (Invader)","takeoff_base":"CASTEL VOLTURNO AIRFIELD","target_location":"VITERBO","target_country":"ITALY","total_tons":4.0}},{"type":"Feature","geometry":{"type":"LineString","coordinates":[[13.9606,41.0366],[12.3,42.3]]},"properties":{"mission_id":92684,"date":"1944-05-06","theater":"MTO","aircraft":"North American A-36 Apache (Invader)","takeoff_base":"CASTEL VOLTURNO AIRFIELD","target_location":"FABRICA DI ROMA","target_country":"ITALY","total_tons":3.0}},{"type":"Feature","geometry":{"type":"LineString","coordinates":[[155.0667,-6.2167],[152.15,-4.1833]]},"properties":{"mission_id":92690,"date":"1944-05-06","theater":"PTO","aircraft":"Douglas SBD Dauntless","takeoff_base":"\"PIVA AIRSTRIP, BOUGAINVILLE\"","target_location":"RATAVAL","target_country":"BISMARK ARCHIPELAGO","total_tons":6.0}},{"type":"Feature","geometry":{"type":"LineString","coordinates":[[166.8333,-15.25],[152.15,-4.1833]]},"properties":{"mission_id":93081,"date":"1944-05-06","theater":"PTO","aircraft":"Grumman TBF Avenger","takeoff_base":"ESPIRITU SANTO","target_location":"RATAVAL","target_country":"BISMARK ARCHIPELAGO","total_tons":5.4}},{"type":"Feature","geometry":{"type":"LineString","coordinates":[[13.9606,41.0366],[12.22,42.23]]},"properties":{"mission_id":93405,"date":"1944-05-07","theater":"MTO","aircraft":"North American A-36 Apache (Invader)","takeoff_base":"CASTEL VOLTURNO AIRFIELD","target_location":"SUTRI","target_country":"ITALY","total_tons":28.0}},{"type":"Feature","geometry":{"type":"LineString","coordinates":[[13.9606,41.0366],[12.4,42.27]]},"properties":{"mission_id":93437,"date":"1944-05-07","theater":"MTO","aircraft":"North American A-36 Apache (Invader)","takeoff_base":"CASTEL VOLTURNO AIRFIELD","target_location":"CIVITA CASTELLANA","target_country":"ITALY","total_tons":4.0}},{"type":"Feature","geometry":{"type":"LineString","coordinates":[[14.1763,41.1155],[12.07,42.32]]},"properties":{"mission_id":94612,"date":"1944-05-08","theater":"MTO","aircraft":"North American A-36 Apache (Invader)","takeoff_base":"MARCIANISE AIRFIELD","target_location":"VETRALLO","target_country":"ITALY","total_tons":32.0}},{"type":"Feature","geometry":{"type":"LineString","coordinates":[[14.1763,41.1155],[12.4,42.47]]},"properties":{"mission_id":95397,"date":"1944-05-09","theater":"MTO","aircraft":"North American A-36 Apache (Invader)","takeoff_base":"MARCIANISE AIRFIELD","target_location":"ORTE","target_country":"ITALY","total_tons":34.0}},{"type":"Feature","geometry":{"type":"LineString","coordinates":[[14.1763,41.1155],[12.4,42.27]]},"properties":{"mission_id":95723,"date":"1944-05-09","theater":"MTO","aircraft":"North American A-36 Apache (Invader)","takeoff_base":"MARCIANISE AIRFIELD","target_location":"CIVITA CASTELLANA","target_country":"ITALY","total_tons":6.0}},{"type":"Feature","geometry":{"type":"LineString","coordinates":[[14.1763,41.1155],[12.4,42.47]]},"properties":{"mission_id":96593,"date":"1944-05-10","theater":"MTO","aircraft":"North American A-36 Apache (Invader)","takeoff_base":"MARCIANISE AIRFIELD","target_location":"ORTE","target_country":"ITALY","total_tons":11.0}},{"type":"Feature","geometry":{"type":"LineString","coordinates":[[14.1763,41.1155],[12.52,42.5]]},"properties":{"mission_id":96906,"date":"1944-05-10","theater":"MTO","aircraft":"North American A-36 Apache (Invader)","takeoff_base":"MARCIANISE AIRFIELD","target_location":"NARNI","target_country":"ITALY","total_tons":4.0}},{"type":"Feature","geometry":{"type":"LineString","coordinates":[[166.8333,-15.25],[155.0833,-6.5833]]},"properties":{"mission_id":97805,"date":"1944-05-11","theater":"PTO","aircraft":"Grumman TBF Avenger","takeoff_base":"ESPIRITU SANTO","target_location":"MOTUPENA POINT","target_country":"SOLOMON ISLANDS","total_tons":9.0}},{"type":"Feature","geometry":{"type":"LineString","coordinates":[[166.8333,-15.25],[152.2,-4.25]]},"properties":{"mission_id":98631,"date":"1944-05-12","theater":"PTO","aircraft":"Grumman TBF Avenger","takeoff_base":"ESPIRITU SANTO","target_location":"MATUPI ISLAND","target_country":null,"total_tons":6.0}},{"type":"Feature","geometry":{"type":"LineString","coordinates":[[14.3494,40.8381],[15.22,38.22]]},"properties":{"mission_id":98637,"date":"1944-05-12","theater":"MTO","aircraft":"North American A-36 Apache (Invader)","takeoff_base":"SANTA MARIA AIRFIELD","target_location":"SAN GIOVANNI","target_country":"ITALY","total_tons":2.0}},{"type":"Feature","geometry":{"type":"LineString","coordinates":[[14.1763,41.1155],[13.13,41.82]]},"properties":{"mission_id":100201,"date":"1944-05-13","theater":"MTO","aircraft":"North American A-36 Apache (Invader)","takeoff_base":"MARCIANISE AIRFIELD","target_location":"PIGLIO","target_country":"ITALY","total_tons":42.0}},{"type":"Feature","geometry":{"type":"LineString","coordinates":[[14.1763,41.1155],[13.58,41.45]]},"properties":{"mission_id":100232,"date":"1944-05-13","theater":"MTO","aircraft":"North American A-36 Apache (Invader)","takeoff_base":"MARCIANISE AIRFIELD","target_location":"PICO","target_country":"ITALY","total_tons":4.0}},{"type":"Feature","geometry":{"type":"LineString","coordinates":[[14.1763,41.1155],[13.58,41.45]]},"properties":{"mission_id":100233,"date":"1944-05-13","theater":"MTO","aircraft":"North American A-36 Apache (Invader)","takeoff_base":"MARCIANISE AIRFIELD","target_location":"PICO","target_country":"ITALY","total_tons":4.0}},{"type":"Feature","geometry":{"type":"LineString","coordinates":[[32.52,15.58],[37.95,13.183]]},"properties":{"mission_id":100444,"date":"1941-08-19","theater":"MTO","aircraft":null,"takeoff_base":"KHARTOUM","target_location":"WOLCHEFIT & DEBARECH","target_country":"ETHIOPIA","total_tons":0.0}},{"type":"Feature","geometry":{"type":"LineString","coordinates":[[14.1763,41.1155],[13.25,41.27]]},"properties":{"mission_id":101443,"date":"1944-05-14","theater":"MTO","aircraft":"North American A-36 Apache (Invader)","takeoff_base":"MARCIANISE AIRFIELD","target_location":"TERRACINA","target_country":"ITALY","total_tons":4.0}},{"type":"Feature","geometry":{"type":"LineString","coordinates":[[14.3494,40.8381],[15.22,38.22]]},"properties":{"mission_id":101459,"date":"1944-05-14","theater":"MTO","aircraft":"North American A-36 Apache (Invader)","takeoff_base":"SANTA MARIA AIRFIELD","target_location":"SAN GIOVANNI","target_country":"ITALY","total_tons":1.75}},{"type":"Feature","geometry":{"type":"LineString","coordinates":[[14.1763,41.1155],[13.68,41.38]]},"properties":{"mission_id":102211,"date":"1944-05-15","theater":"MTO","aircraft":"North American A-36 Apache (Invader)","takeoff_base":"MARCIANISE AIRFIELD","target_location":"ESPERIA","target_country":"ITALY","total_tons":4.0}},{"type":"Feature","geometry":{"type":"LineString","coordinates":[[14.3494,40.8381],[15.22,38.22]]},"properties":{"mission_id":102674,"date":"1944-05-16","theater":"MTO","aircraft":"North American A-36 Apache (Invader)","takeoff_base":"SANTA MARIA AIRFIELD","target_location":"SAN GIOVANNI","target_country":"ITALY","total_tons":2.0}},{"type":"Feature","geometry":{"type":"LineString","coordinates":[[14.1763,41.1155],[12.12,42.42]]},"properties":{"mission_id":106086,"date":"1944-05-21","theater":"MTO","aircraft":"North American A-36 Apache (Invader)","takeoff_base":"MARCIANISE AIRFIELD","target_location":"VITERBO","target_country":"ITALY","total_tons":24.0}},{"type":"Feature","geometry":{"type":"LineString","coordinates":[[14.3494,40.8381],[16.25,39.27]]},"properties":{"mission_id":106417,"date":"1944-05-21","theater":"MTO","aircraft":"North American A-36 Apache (Invader)","takeoff_base":"SANTA MARIA AIRFIELD","target_location":"COSENZA","target_country":"ITALY","total_tons":6.0}},{"type":"Feature","geometry":{"type":"LineString","coordinates":[[14.1763,41.1155],[12.4,42.27]]},"properties":{"mission_id":106418,"date":"1944-05-21","theater":"MTO","aircraft":"North American A-36 Apache (Invader)","takeoff_base":"MARCIANISE AIRFIELD","target_location":"CIVITA CASTELLANA","target_country":"ITALY","total_tons":6.0}},{"type":"Feature","geometry":{"type":"LineString","coordinates":[[166.8333,-15.25],[152.1167,-4.1833]]},"properties":{"mission_id":106872,"date":"1944-05-22","theater":"PTO","aircraft":"Grumman TBF Avenger","takeoff_base":"ESPIRITU SANTO","target_location":"TALILI BAY","target_country":"BISMARK ARCHIPELAGO","total_tons":36.0}},{"type":"Feature","geometry":{"type":"LineString","coordinates":[[14.1763,41.1155],[12.95,41.77]]},"properties":{"mission_id":106873,"date":"1944-05-22","theater":"MTO","aircraft":"North American A-36 Apache (Invader)","takeoff_base":"MARCIANISE AIRFIELD","target_location":"VALMONTONE","target_country":"ITALY","total_tons":25.0}},{"type":"Feature","geometry":{"type":"LineString","coordinates":[[14.3494,40.8381],[16.25,39.27]]},"properties":{"mission_id":106875,"date":"1944-05-22","theater":"MTO","aircraft":"North American A-36 Apache (Invader)","takeoff_base":"SANTA MARIA AIRFIELD","target_location":"COSENZA","target_country":"ITALY","total_tons":16.0}},{"type":"Feature","geometry":{"type":"LineString","coordinates":[[14.1763,41.1155],[13.45,41.42]]},"properties":{"mission_id":106894,"date":"1944-05-22","theater":"MTO","aircraft":"North American A-36 Apache (Invader)","takeoff_base":"MARCIANISE AIRFIELD","target_location":"VALLECORSA","target_country":"ITALY","total_tons":4.0}},{"type":"Feature","geometry":{"type":"LineString","coordinates":[[14.3494,40.8381],[16.25,39.27]]},"properties":{"mission_id":108021,"date":"1944-05-23","theater":"MTO","aircraft":"North American A-36 Apache (Invader)","takeoff_base":"SANTA MARIA AIRFIELD","target_location":"COSENZA","target_country":"ITALY","total_tons":22.0}},{"type":"Feature","geometry":{"type":"LineString","coordinates":[[14.1763,41.1155],[13.1,41.93]]},"properties":{"mission_id":108038,"date":"1944-05-23","theater":"MTO","aircraft":"North American A-36 Apache (Invader)","takeoff_base":"MARCIANISE AIRFIELD","target_location":"SUBIACO","target_country":"ITALY","total_tons":3.0}},{"type":"Feature","geometry":{"type":"LineString","coordinates":[[14.1763,41.1155],[12.88,41.92]]},"properties":{"mission_id":108039,"date":"1944-05-23","theater":"MTO","aircraft":"North American A-36 Apache (Invader)","takeoff_base":"MARCIANISE AIRFIELD","target_location":"CICILIANO","target_country":"ITALY","total_tons":3.0}},{"type":"Feature","geometry":{"type":"LineString","coordinates":[[14.3494,40.8381],[16.25,39.27]]},"properties":{"mission_id":108813,"date":"1944-05-24","theater":"MTO","aircraft":"North American A-36 Apache (Invader)","takeoff_base":"SANTA MARIA AIRFIELD","target_location":"COSENZA","target_country":"ITALY","total_tons":26.0}},{"type":"Feature","geometry":{"type":"LineString","coordinates":[[14.1763,41.1155],[13.1,41.93]]},"properties":{"mission_id":108839,"date":"1944-05-24","theater":"MTO","aircraft":"North American A-36 Apache (Invader)","takeoff_base":"MARCIANISE AIRFIELD","target_location":"SUBIACO","target_country":"ITALY","total_tons":3.0}},{"type":"Feature","geometry":{"type":"LineString","coordinates":[[14.1763,41.1155],[12.88,41.92]]},"properties":{"mission_id":108840,"date":"1944-05-24","theater":"MTO","aircraft":"North American A-36 Apache (Invader)","takeoff_base":"MARCIANISE AIRFIELD","target_location":"CICILIANO","target_country":"ITALY","total_tons":3.0}},{"type":"Feature","geometry":{"type":"LineString","coordinates":[[14.1763,41.1155],[12.78,41.68]]},"properties":{"mission_id":110422,"date":"1944-05-25","theater":"MTO","aircraft":"North American A-36 Apache (Invader)","takeoff_base":"MARCIANISE AIRFIELD","target_location":"VELLETRI","target_country":"ITALY","total_tons":26.0}},{"type":"Feature","geometry":{"type":"LineString","coordinates":[[14.3494,40.8381],[16.25,39.27]]},"properties":{"mission_id":110424,"date":"1944-05-25","theater":"MTO","aircraft":"North American A-36 Apache (Invader)","takeoff_base":"SANTA MARIA AIRFIELD","target_location":"COSENZA","target_country":"ITALY","total_tons":19.0}},{"type":"Feature","geometry":{"type":"LineString","coordinates":[[14.1763,41.1155],[13.37,41.63]]},"properties":{"mission_id":110447,"date":"1944-05-25","theater":"MTO","aircraft":"North American A-36 Apache (Invader)","takeoff_base":"MARCIANISE AIRFIELD","target_location":"FROSINONE","target_country":"ITALY","total_tons":4.0}},{"type":"Feature","geometry":{"type":"LineString","coordinates":[[14.1763,41.1155],[12.78,41.68]]},"properties":{"mission_id":110456,"date":"1944-05-25","theater":"MTO","aircraft":"North American A-36 Apache (Invader)","takeoff_base":"MARCIANISE AIRFIELD","target_location":"VELLETRI","target_country":"ITALY","total_tons":2.0}},{"type":"Feature","geometry":{"type":"LineString","coordinates":[[155.3839,-6.2444],[155.8167,-6.7]]},"properties":{"mission_id":110735,"date":"1945-04-25","theater":"PTO","aircraft":"PV-1 Lockeed Ventura","takeoff_base":"BOUGAINVILLE ISLAND","target_location":"MUGUAI","target_country":null,"total_tons":9.0}},{"type":"Feature","geometry":{"type":"LineString","coordinates":[[14.3494,40.8381],[16.25,39.27]]},"properties":{"mission_id":111282,"date":"1944-05-26","theater":"MTO","aircraft":"North American A-36 Apache (Invader)","takeoff_base":"SANTA MARIA AIRFIELD","target_location":"COSENZA","target_country":"ITALY","total_tons":26.0}},{"type":"Feature","geometry":{"type":"LineString","coordinates":[[14.1763,41.1155],[12.17,42.08]]},"properties":{"mission_id":111296,"date":"1944-05-26","theater":"MTO","aircraft":"North American A-36 Apache (Invader)","takeoff_base":"MARCIANISE AIRFIELD","target_location":"BRACCIANO","target_country":"ITALY","total_tons":4.0}},{"type":"Feature","geometry":{"type":"LineString","coordinates":[[14.1763,41.1155],[12.8,41.97]]},"properties":{"mission_id":111601,"date":"1944-05-26","theater":"MTO","aircraft":"North American A-36 Apache (Invader)","takeoff_base":"MARCIANISE AIRFIELD","target_location":"TIVOLI","target_country":"ITALY","total_tons":3.0}},{"type":"Feature","geometry":{"type":"LineString","coordinates":[[14.3494,40.8381],[16.25,39.27]]},"properties":{"mission_id":112035,"date":"1944-05-27","theater":"MTO","aircraft":"North American A-36 Apache (Invader)","takeoff_base":"SANTA MARIA AIRFIELD","target_location":"COSENZA","target_country":"ITALY","total_tons":18.0}},{"type":"Feature","geometry":{"type":"LineString","coordinates":[[32.52,15.58],[37.4667,12.6]]},"properties":{"mission_id":112115,"date":"1941-11-27","theater":"MTO","aircraft":null,"takeoff_base":"KHARTOUM","target_location":"GONDAR AREA","target_country":"ETHIOPIA","total_tons":0.0}},{"type":"Feature","geometry":{"type":"LineString","coordinates":[[120.5603,15.1858],[121.6167,18.5]]},"properties":{"mission_id":112515,"date":"1941-12-10","theater":"PTO","aircraft":"B-17 Flying Fortress","takeoff_base":"CLARK FIELD","target_location":"APARRI","target_country":"PHILIPPINE ISLANDS","total_tons":0.95}},{"type":"Feature","geometry":{"type":"LineString","coordinates":[[120.5603,15.1858],[121.6167,18.5]]},"properties":{"mission_id":112516,"date":"1941-12-10","theater":"PTO","aircraft":"B-17 Flying Fortress","takeoff_base":"CLARK FIELD","target_location":"APARRI","target_country":"PHILIPPINE ISLANDS","total_tons":3.3}},{"type":"Feature","geometry":{"type":"LineString","coordinates":[[120.5603,15.1858],[120.3333,17.5833]]},"properties":{"mission_id":112517,"date":"1941-12-10","theater":"PTO","aircraft":"B-17 Flying Fortress","takeoff_base":"CLARK FIELD","target_location":"VIGAN /LINGHAYEN GULF","target_country":"PHILIPPINE ISLANDS","total_tons":2.4}},{"type":"Feature","geometry":{"type":"LineString","coordinates":[[120.5603,15.1858],[120.3333,17.5833]]},"properties":{"mission_id":112518,"date":"1941-12-10","theater":"PTO","aircraft":"B-17 Flying Fortress","takeoff_base":"CLARK FIELD","target_location":"VIGAN /LINGHAYEN GULF","target_country":"PHILIPPINE ISLANDS","total_tons":1.05}},{"type":"Feature","geometry":{"type":"LineString","coordinates":[[120.5603,15.1858],[120.3333,17.5833]]},"properties":{"mission_id":112519,"date":"1941-12-10","theater":"PTO","aircraft":"B-17 Flying Fortress","takeoff_base":"CLARK FIELD","target_location":"VIGAN /LINGHAYEN GULF","target_country":"PHILIPPINE ISLANDS","total_tons":0.3}},{"type":"Feature","geometry":{"type":"LineString","coordinates":[[120.5603,15.1858],[120.3333,17.5833]]},"properties":{"mission_id":112550,"date":"1941-12-12","theater":"PTO","aircraft":"B-17 Flying Fortress","takeoff_base":"CLARK FIELD","target_location":"VIGAN /LINGHAYEN GULF","target_country":"PHILIPPINE ISLANDS","total_tons":0.0}},{"type":"Feature","geometry":{"type":"LineString","coordinates":[[120.5603,15.1858],[120.9772,14.5916]]},"properties":{"mission_id":112553,"date":"1941-12-14","theater":"PTO","aircraft":"B-17 Flying Fortress","takeoff_base":"CLARK FIELD","target_location":"LEGASPI","target_country":"PHILIPPINE ISLANDS","total_tons":2.4}},{"type":"Feature","geometry":{"type":"LineString","coordinates":[[131.028,-13.0559],[125.65,7.05]]},"properties":{"mission_id":112806,"date":"1941-12-22","theater":"PTO","aircraft":"B-17 Flying Fortress","takeoff_base":"BATCHELOR FIELD","target_location":"DAVAO","target_country":"PHILIPPINE ISLANDS","total_tons":8.25}},{"type":"Feature","geometry":{"type":"LineString","coordinates":[[124.8333,8.3616],[120.3333,17.5833]]},"properties":{"mission_id":112814,"date":"1941-12-23","theater":"PTO","aircraft":"B-17 Flying Fortress","takeoff_base":"DEL MONTE","target_location":"VIGAN /LINGHAYEN GULF","target_country":"PHILIPPINE ISLANDS","total_tons":2.1}},{"type":"Feature","geometry":{"type":"LineString","coordinates":[[124.8333,8.3616],[125.6129,7.0764]]},"properties":{"mission_id":112828,"date":"1941-12-23","theater":"PTO","aircraft":"B-17 Flying Fortress","takeoff_base":"DEL MONTE","target_location":"DAVAO","target_country":"PHILIPPINE ISLANDS","total_tons":0.0}},{"type":"Feature","geometry":{"type":"LineString","coordinates":[[124.8333,8.3616],[125.6458,7.1255]]},"properties":{"mission_id":112829,"date":"1941-12-24","theater":"PTO","aircraft":"B-17 Flying Fortress","takeoff_base":"DEL MONTE","target_location":"DAVAO","target_country":"PHILIPPINE ISLANDS","total_tons":2.1}},{"type":"Feature","geometry":{"type":"LineString","coordinates":[[124.8333,8.3616],[125.65,7.05]]},"properties":{"mission_id":112832,"date":"1941-12-25","theater":"PTO","aircraft":"B-17 Flying Fortress","takeoff_base":"DEL MONTE","target_location":"DAVAO","target_country":"PHILIPPINE ISLANDS","total_tons":1.05}},{"type":"Feature","geometry":{"type":"LineString","coordinates":[[117.15,-0.5],[125.0,6.0]]},"properties":{"mission_id":113247,"date":"1942-01-04","theater":"PTO","aircraft":"B-17 Flying Fortress","takeoff_base":"SAMARINDA","target_location":"MALALAG BAY","target_country":"PHILIPPINE ISLANDS","total_tons":9.6}},{"type":"Feature","geometry":{"type":"LineString","coordinates":[[96.1332,16.9073],[100.5858,13.6958]]},"properties":{"mission_id":113300,"date":"1942-01-07","theater":"CBI","aircraft":"Bristol Blenheim","takeoff_base":"\"MINGALADON AIRFIELD, RANGOON\"","target_location":"BANGKOK DOCKS","target_country":"THAILAND OR SIAM","total_tons":5.0}},{"type":"Feature","geometry":{"type":"LineString","coordinates":[[155.3839,-6.2444],[155.8167,-6.7]]},"properties":{"mission_id":113561,"date":"1945-04-26","theater":"PTO","aircraft":"PV-1 Lockeed Ventura","takeoff_base":"BOUGAINVILLE ISLAND","target_location":"MUGUAI","target_country":null,"total_tons":13.5}},{"type":"Feature","geometry":{"type":"LineString","coordinates":[[122.4333,-4.1],[123.3,5.8333]]},"properties":{"mission_id":113618,"date":"1942-01-09","theater":"PTO","aircraft":"B-17 Flying Fortress","takeoff_base":"KENDARI","target_location":"MALALAG BAY","target_country":"PHILIPPINE ISLANDS","total_tons":0.0}},{"type":"Feature","geometry":{"type":"LineString","coordinates":[[122.4333,-4.1],[117.5667,3.35]]},"properties":{"mission_id":113670,"date":"1942-01-11","theater":"PTO","aircraft":"B-17 Flying Fortress","takeoff_base":"KENDARI","target_location":"TARAKAN","target_country":"NETHERLANDS EAST INDIES","total_tons":3.6}},{"type":"Feature","geometry":{"type":"LineString","coordinates":[[14.1763,41.1155],[12.47,41.9]]},"properties":{"mission_id":113701,"date":"1944-05-28","theater":"MTO","aircraft":"North American A-36 Apache (Invader)","takeoff_base":"MARCIANISE AIRFIELD","target_location":"ROME","target_country":"ITALY","total_tons":20.0}},{"type":"Feature","geometry":{"type":"LineString","coordinates":[[14.1763,41.1155],[12.47,41.9]]},"properties":{"mission_id":113712,"date":"1944-05-28","theater":"MTO","aircraft":"North American A-36 Apache (Invader)","takeoff_base":"MARCIANISE AIRFIELD","target_location":"ROME","target_country":"ITALY","total_tons":8.0}},{"type":"Feature","geometry":{"type":"LineString","coordinates":[[112.6281,-7.9778],[100.4897,5.6431]]},"properties":{"mission_id":114023,"date":"1942-01-15","theater":"PTO","aircraft":"B-17 Flying Fortress","takeoff_base":"MALANG","target_location":"SOENGAI PATANI","target_country":"MALAY STATES","total_tons":3.5}},{"type":"Feature","geometry":{"type":"LineString","coordinates":[[96.1332,16.9073],[97.9336,18.1578]]},"properties":{"mission_id":114088,"date":"1942-01-21","theater":"CBI","aircraft":"Bristol Blenheim","takeoff_base":"\"MINGALADON AIRFIELD, RANGOON\"","target_location":"MESARIENG AIRFIELD","target_country":"THAILAND OR SIAM","total_tons":3.0}},{"type":"Feature","geometry":{"type":"LineString","coordinates":[[96.1332,16.9073],[98.5667,16.7167]]},"properties":{"mission_id":114089,"date":"1942-01-21","theater":"CBI","aircraft":"Bristol Blenheim","takeoff_base":"\"MINGALADON AIRFIELD, RANGOON\"","target_location":"MESOHD AIRFIELD","target_country":"THAILAND OR SIAM","total_tons":3.0}},{"type":"Feature","geometry":{"type":"LineString","coordinates":[[155.3839,-6.2444],[155.7833,-6.8]]},"properties":{"mission_id":114311,"date":"1945-04-27","theater":"PTO","aircraft":"PV-1 Lockeed Ventura","takeoff_base":"BOUGAINVILLE ISLAND","target_location":"KAHILI","target_country":"SOLOMON ISLANDS","total_tons":12.0}},{"type":"Feature","geometry":{"type":"LineString","coordinates":[[96.1332,16.9073],[99.129,16.8697]]},"properties":{"mission_id":114413,"date":"1942-01-22","theater":"CBI","aircraft":"Bristol Blenheim","takeoff_base":"\"MINGALADON AIRFIELD, RANGOON\"","target_location":"RAHENG AIRFIELD","target_country":"THAILAND OR SIAM","total_tons":3.0}},{"type":"Feature","geometry":{"type":"LineString","coordinates":[[96.1332,16.9073],[98.5667,16.7167]]},"properties":{"mission_id":114429,"date":"1942-01-23","theater":"CBI","aircraft":"Bristol Blenheim","takeoff_base":"\"MINGALADON AIRFIELD, RANGOON\"","target_location":"MESOHD TROOP CONCENTRATION","target_country":"BURMA","total_tons":3.0}},{"type":"Feature","geometry":{"type":"LineString","coordinates":[[96.1332,16.9073],[99.129,16.8697]]},"properties":{"mission_id":114430,"date":"1942-01-23","theater":"CBI","aircraft":"Bristol Blenheim","takeoff_base":"\"MINGALADON AIRFIELD, RANGOON\"","target_location":"RAHENG AIRFIELD","target_country":"THAILAND OR SIAM","total_tons":0.0}},{"type":"Feature","geometry":{"type":"LineString","coordinates":[[96.1332,16.9073],[100.5858,13.6958]]},"properties":{"mission_id":114431,"date":"1942-01-24","theater":"CBI","aircraft":"Bristol Blenheim","takeoff_base":"\"MINGALADON AIRFIELD, RANGOON\"","target_location":"BANGKOK DOCKS","target_country":"THAILAND OR SIAM","total_tons":0.5}},{"type":"Feature","geometry":{"type":"LineString","coordinates":[[96.1332,16.9073],[100.5858,13.6958]]},"properties":{"mission_id":114432,"date":"1942-01-24","theater":"CBI","aircraft":"Bristol Blenheim","takeoff_base":"\"MINGALADON AIRFIELD, RANGOON\"","target_location":"BANGKOK DOCKS","target_country":"THAILAND OR SIAM","total_tons":3.5}},{"type":"Feature","geometry":{"type":"LineString","coordinates":[[96.1332,16.9073],[98.5298,16.5411]]},"properties":{"mission_id":114478,"date":"1942-01-26","theater":"CBI","aircraft":"Bristol Blenheim","takeoff_base":"\"MINGALADON AIRFIELD, RANGOON\"","target_location":"KAWRAREIK/MYAWADDY ROAD","target_country":"BURMA","total_tons":3.5}},{"type":"Feature","geometry":{"type":"LineString","coordinates":[[112.6281,-7.9778],[116.8279,-1.2635]]},"properties":{"mission_id":114479,"date":"1942-01-27","theater":"PTO","aircraft":"B-17 Flying Fortress","takeoff_base":"MALANG","target_location":"BALIKPAPAN","target_country":"INDONESIA","total_tons":12.0}},{"type":"Feature","geometry":{"type":"LineString","coordinates":[[96.1332,16.9073],[100.5858,13.6958]]},"properties":{"mission_id":114480,"date":"1942-01-27","theater":"CBI","aircraft":"Bristol Blenheim","takeoff_base":"\"MINGALADON AIRFIELD, RANGOON\"","target_location":"BANGKOK DOCKS","target_country":"THAILAND OR SIAM","total_tons":2.0}},{"type":"Feature","geometry":{"type":"LineString","coordinates":[[155.3839,-6.2444],[155.8167,-6.7]]},"properties":{"mission_id":114741,"date":"1945-04-28","theater":"PTO","aircraft":"PV-1 Lockeed Ventura","takeoff_base":"BOUGAINVILLE ISLAND","target_location":"MUGUAI","target_country":null,"total_tons":7.5}},{"type":"Feature","geometry":{"type":"LineString","coordinates":[[155.3839,-6.2444],[155.7833,-6.8]]},"properties":{"mission_id":114745,"date":"1945-04-28","theater":"PTO","aircraft":"PV-1 Lockeed Ventura","takeoff_base":"BOUGAINVILLE ISLAND","target_location":"KAHILI","target_country":"SOLOMON ISLANDS","total_tons":5.75}},{"type":"Feature","geometry":{"type":"LineString","coordinates":[[112.6281,-7.9778],[122.5947,-3.9675]]},"properties":{"mission_id":114802,"date":"1942-01-28","theater":"PTO","aircraft":"B-17 Flying Fortress","takeoff_base":"MALANG","target_location":"KENDARI","target_country":"INDONESIA","total_tons":1.2}},{"type":"Feature","geometry":{"type":"LineString","coordinates":[[104.7,-2.9003],[103.2083,3.775]]},"properties":{"mission_id":114803,"date":"1942-01-28","theater":"PTO","aircraft":"B-17 Flying Fortress","takeoff_base":"PALEMBANG II","target_location":"KUANTAN","target_country":"INDONESIA","total_tons":3.15}},{"type":"Feature","geometry":{"type":"LineString","coordinates":[[104.7,-2.9003],[101.6933,3.1475]]},"properties":{"mission_id":114804,"date":"1942-01-28","theater":"PTO","aircraft":"B-17 Flying Fortress","takeoff_base":"PALEMBANG II","target_location":"KUALA LAMPHUR","target_country":"INDONESIA","total_tons":3.15}},{"type":"Feature","geometry":{"type":"LineString","coordinates":[[112.6281,-7.9778],[116.8279,-1.2635]]},"properties":{"mission_id":114831,"date":"1942-01-29","theater":"PTO","aircraft":"B-17 Flying Fortress","takeoff_base":"MALANG","target_location":"BALIKPAPAN","target_country":"INDONESIA","total_tons":4.8}},{"type":"Feature","geometry":{"type":"LineString","coordinates":[[112.6281,-7.9778],[116.8279,-1.2635]]},"properties":{"mission_id":114838,"date":"1942-01-30","theater":"PTO","aircraft":"B-17 Flying Fortress","takeoff_base":"MALANG","target_location":"BALIKPAPAN","target_country":"INDONESIA","total_tons":1.8}},{"type":"Feature","geometry":{"type":"LineString","coordinates":[[112.6281,-7.9778],[116.8279,-1.2635]]},"properties":{"mission_id":114844,"date":"1942-01-30","theater":"PTO","aircraft":"B-17 Flying Fortress","takeoff_base":"MALANG","target_location":"BALIKPAPAN","target_country":"INDONESIA","total_tons":0.0}},{"type":"Feature","geometry":{"type":"LineString","coordinates":[[112.6281,-7.9778],[116.8279,-1.2635]]},"properties":{"mission_id":114845,"date":"1942-01-31","theater":"PTO","aircraft":"B-17 Flying Fortress","takeoff_base":"MALANG","target_location":"BALIKPAPAN","target_country":"INDONESIA","total_tons":4.5}},{"type":"Feature","geometry":{"type":"LineString","coordinates":[[96.1332,16.9073],[97.6594,16.5756]]},"properties":{"mission_id":114865,"date":"1942-02-01","theater":"CBI","aircraft":"Bristol Blenheim","takeoff_base":"\"MINGALADON AIRFIELD, RANGOON\"","target_location":"KADO VILLAGE","target_country":"BURMA","total_tons":2.5}},{"type":"Feature","geometry":{"type":"LineString","coordinates":[[110.3,-7.7667],[116.8279,-1.2635]]},"properties":{"mission_id":114870,"date":"1942-02-01","theater":"PTO","aircraft":"LB30","takeoff_base":"DJOGJA","target_location":"BALIKPAPAN","target_country":"INDONESIA","total_tons":0.0}},{"type":"Feature","geometry":{"type":"LineString","coordinates":[[110.3,-7.7667],[116.8279,-1.2635]]},"properties":{"mission_id":114871,"date":"1942-02-02","theater":"PTO","aircraft":"B-17 Flying Fortress","takeoff_base":"DJOGJA","target_location":"BALIKPAPAN","target_country":"INDONESIA","total_tons":7.2}},{"type":"Feature","geometry":{"type":"LineString","coordinates":[[96.1332,16.9073],[96.8667,16.6333]]},"properties":{"mission_id":114872,"date":"1942-02-02","theater":"CBI","aircraft":"Bristol Blenheim","takeoff_base":"\"MINGALADON AIRFIELD, RANGOON\"","target_location":"MARTABAN AA BATTERY","target_country":"BURMA","total_tons":2.5}},{"type":"Feature","geometry":{"type":"LineString","coordinates":[[112.6281,-7.9778],[116.8279,-1.2635]]},"properties":{"mission_id":114873,"date":"1942-02-03","theater":"PTO","aircraft":"B-17 Flying Fortress","takeoff_base":"MALANG","target_location":"BALIKPAPAN","target_country":"INDONESIA","total_tons":10.8}},{"type":"Feature","geometry":{"type":"LineString","coordinates":[[96.1332,16.9073],[97.6036,16.4921]]},"properties":{"mission_id":114874,"date":"1942-02-03","theater":"CBI","aircraft":"Bristol Blenheim","takeoff_base":"\"MINGALADON AIRFIELD, RANGOON\"","target_location":"SMALO ISLAND OFF MARTABAN","target_country":"BURMA","total_tons":1.0}},{"type":"Feature","geometry":{"type":"LineString","coordinates":[[96.1332,16.9073],[97.9167,18.75]]},"properties":{"mission_id":114876,"date":"1942-02-04","theater":"CBI","aircraft":"Westland Lysander","takeoff_base":"\"MINGALADON AIRFIELD, RANGOON\"","target_location":"MEHONGSON AIRFIELD","target_country":"THAILAND OR SIAM","total_tons":2.75}},{"type":"Feature","geometry":{"type":"LineString","coordinates":[[96.1332,16.9073],[97.3667,16.9333]]},"properties":{"mission_id":114877,"date":"1942-02-04","theater":"CBI","aircraft":"Bristol Blenheim","takeoff_base":"\"MINGALADON AIRFIELD, RANGOON\"","target_location":"PAAN VILLAGE","target_country":"BURMA","total_tons":1.0}},{"type":"Feature","geometry":{"type":"LineString","coordinates":[[96.1332,16.9073],[97.3667,16.9333]]},"properties":{"mission_id":114880,"date":"1942-02-05","theater":"CBI","aircraft":"Bristol Blenheim","takeoff_base":"\"MINGALADON AIRFIELD, RANGOON\"","target_location":"PAAN G/A","target_country":"BURMA","total_tons":2.5}},{"type":"Feature","geometry":{"type":"LineString","coordinates":[[96.1332,16.9073],[97.3667,16.9333]]},"properties":{"mission_id":114881,"date":"1942-02-05","theater":"CBI","aircraft":"Bristol Blenheim","takeoff_base":"\"MINGALADON AIRFIELD, RANGOON\"","target_location":"PAAN G/A","target_country":"BURMA","total_tons":2.0}},{"type":"Feature","geometry":{"type":"LineString","coordinates":[[96.1332,16.9073],[97.6333,16.4833]]},"properties":{"mission_id":114885,"date":"1942-02-06","theater":"CBI","aircraft":"Westland Lysander","takeoff_base":"\"MINGALADON AIRFIELD, RANGOON\"","target_location":"MOULMEIN RAILWAY AND WATERWAY","target_country":"BURMA","total_tons":1.5}},{"type":"Feature","geometry":{"type":"LineString","coordinates":[[96.1332,16.9073],[97.3667,16.9333]]},"properties":{"mission_id":114895,"date":"1942-02-08","theater":"CBI","aircraft":"Bristol Blenheim","takeoff_base":"\"MINGALADON AIRFIELD, RANGOON\"","target_location":"PAAN G/A","target_country":"BURMA","total_tons":1.5}},{"type":"Feature","geometry":{"type":"LineString","coordinates":[[110.3,-7.7667],[115.4,-8.8]]},"properties":{"mission_id":114897,"date":"1942-02-09","theater":"PTO","aircraft":"LB30","takeoff_base":"DJOGJA","target_location":"SE COAST OF BALI","target_country":"BALI","total_tons":3.6}},{"type":"Feature","geometry":{"type":"LineString","coordinates":[[110.3,-7.7667],[120.3,-5.1666]]},"properties":{"mission_id":114898,"date":"1942-02-09","theater":"PTO","aircraft":"LB30","takeoff_base":"DJOGJA","target_location":"SINDJAI","target_country":"INDONESIA","total_tons":2.4}},{"type":"Feature","geometry":{"type":"LineString","coordinates":[[96.1332,16.9073],[97.3667,16.9333]]},"properties":{"mission_id":114899,"date":"1942-02-09","theater":"CBI","aircraft":"Bristol Blenheim","takeoff_base":"\"MINGALADON AIRFIELD, RANGOON\"","target_location":"PAAN G/A","target_country":"BURMA","total_tons":1.5}},{"type":"Feature","geometry":{"type":"LineString","coordinates":[[96.1332,16.9073],[97.3667,16.9333]]},"properties":{"mission_id":114900,"date":"1942-02-09","theater":"CBI","aircraft":"Bristol Blenheim","takeoff_base":"\"MINGALADON AIRFIELD, RANGOON\"","target_location":"PAAN G/A","target_country":"BURMA","total_tons":1.5}},{"type":"Feature","geometry":{"type":"LineString","coordinates":[[96.1332,16.9073],[98.9986,18.7953]]},"properties":{"mission_id":115104,"date":"1942-02-10","theater":"CBI","aircraft":"Westland Lysander","takeoff_base":"\"MINGALADON AIRFIELD, RANGOON\"","target_location":"CHIENGMAI AIRFIELD","target_country":"THAILAND OR SIAM","total_tons":1.5}},{"type":"Feature","geometry":{"type":"LineString","coordinates":[[96.1332,16.9073],[97.617,17.0]]},"properties":{"mission_id":115105,"date":"1942-02-10","theater":"CBI","aircraft":"Bristol Blenheim","takeoff_base":"\"MINGALADON AIRFIELD, RANGOON\"","target_location":"MINZI TROOP CONCENTRATION","target_country":"BURMA","total_tons":1.0}},{"type":"Feature","geometry":{"type":"LineString","coordinates":[[96.1332,16.9073],[98.9986,18.7953]]},"properties":{"mission_id":115133,"date":"1942-02-11","theater":"CBI","aircraft":"Westland Lysander","takeoff_base":"\"MINGALADON AIRFIELD, RANGOON\"","target_location":"CHIENGMAI AIRFIELD","target_country":"THAILAND OR SIAM","total_tons":1.5}},{"type":"Feature","geometry":{"type":"LineString","coordinates":[[96.1332,16.9073],[97.6333,16.4833]]},"properties":{"mission_id":115134,"date":"1942-02-11","theater":"CBI","aircraft":"Bristol Blenheim","takeoff_base":"\"MINGALADON AIRFIELD, RANGOON\"","target_location":"MOULMEIN DOCKS","target_country":"BURMA","total_tons":1.0}},{"type":"Feature","geometry":{"type":"LineString","coordinates":[[96.1332,16.9073],[97.3667,16.9333]]},"properties":{"mission_id":115135,"date":"1942-02-11","theater":"CBI","aircraft":"Bristol Blenheim","takeoff_base":"\"MINGALADON AIRFIELD, RANGOON\"","target_location":"PAAN","target_country":"BURMA","total_tons":1.0}},{"type":"Feature","geometry":{"type":"LineString","coordinates":[[112.6281,-7.9778],[119.4167,-5.1333]]},"properties":{"mission_id":115164,"date":"1942-02-12","theater":"PTO","aircraft":"B-17 Flying Fortress","takeoff_base":"MALANG","target_location":"MAKASSAR","target_country":"INDONESIA","total_tons":13.2}},{"type":"Feature","geometry":{"type":"LineString","coordinates":[[96.1332,16.9073],[97.6333,16.4833]]},"properties":{"mission_id":115165,"date":"1942-02-12","theater":"CBI","aircraft":"Bristol Blenheim","takeoff_base":"\"MINGALADON AIRFIELD, RANGOON\"","target_location":"MOULMEIN DOCKS","target_country":"BURMA","total_tons":1.5}},{"type":"Feature","geometry":{"type":"LineString","coordinates":[[96.1332,16.9073],[97.3667,16.9333]]},"properties":{"mission_id":115166,"date":"1942-02-12","theater":"CBI","aircraft":"Bristol Blenheim","takeoff_base":"\"MINGALADON AIRFIELD, RANGOON\"","target_location":"PAAN G/A","target_country":"BURMA","total_tons":1.0}},{"type":"Feature","geometry":{"type":"LineString","coordinates":[[96.1332,16.9073],[96.8667,16.6333]]},"properties":{"mission_id":115193,"date":"1942-02-14","theater":"CBI","aircraft":"Bristol Blenheim","takeoff_base":"\"MINGALADON AIRFIELD, RANGOON\"","target_location":"MARTABAN DOCKS","target_country":"BURMA","total_tons":3.0}},{"type":"Feature","geometry":{"type":"LineString","coordinates":[[96.1332,16.9073],[97.3667,16.9333]]},"properties":{"mission_id":115194,"date":"1942-02-14","theater":"CBI","aircraft":"Bristol Blenheim","takeoff_base":"\"MINGALADON AIRFIELD, RANGOON\"","target_location":"PAAN G/A","target_country":"BURMA","total_tons":3.0}},{"type":"Feature","geometry":{"type":"LineString","coordinates":[[155.3839,-6.2444],[155.8167,-6.7]]},"properties":{"mission_id":115260,"date":"1945-04-29","theater":"PTO","aircraft":"PV-1 Lockeed Ventura","takeoff_base":"BOUGAINVILLE ISLAND","target_location":"MUGUAI","target_country":null,"total_tons":9.0}},{"type":"Feature","geometry":{"type":"LineString","coordinates":[[14.1763,41.1155],[12.47,41.9]]},"properties":{"mission_id":115326,"date":"1944-05-29","theater":"MTO","aircraft":"North American A-36 Apache (Invader)","takeoff_base":"MARCIANISE AIRFIELD","target_location":"ROME","target_country":"ITALY","total_tons":17.0}},{"type":"Feature","geometry":{"type":"LineString","coordinates":[[14.1763,41.1155],[12.47,41.9]]},"properties":{"mission_id":115365,"date":"1944-05-29","theater":"MTO","aircraft":"North American A-36 Apache (Invader)","takeoff_base":"MARCIANISE AIRFIELD","target_location":"ROME","target_country":"ITALY","total_tons":3.0}},{"type":"Feature","geometry":{"type":"LineString","coordinates":[[14.1763,41.1155],[12.47,41.9]]},"properties":{"mission_id":115396,"date":"1944-05-29","theater":"MTO","aircraft":"North American A-36 Apache (Invader)","takeoff_base":"MARCIANISE AIRFIELD","target_location":"ROME","target_country":"ITALY","total_tons":0.0}},{"type":"Feature","geometry":{"type":"LineString","coordinates":[[112.6281,-7.9778],[104.7567,-2.9911]]},"properties":{"mission_id":115522,"date":"1942-02-15","theater":"PTO","aircraft":"B-17 Flying Fortress","takeoff_base":"MALANG","target_location":"N. OF PALEMBANG","target_country":"INDONESIA","total_tons":6.0}},{"type":"Feature","geometry":{"type":"LineString","coordinates":[[96.1332,16.9073],[96.4333,21.7833]]},"properties":{"mission_id":115523,"date":"1942-02-15","theater":"CBI","aircraft":"Bristol Blenheim","takeoff_base":"\"MINGALADON AIRFIELD, RANGOON\"","target_location":"THANTON RAIL STATION","target_country":"BURMA","total_tons":2.5}},{"type":"Feature","geometry":{"type":"LineString","coordinates":[[96.1332,16.9073],[97.4497,16.9797]]},"properties":{"mission_id":115524,"date":"1942-02-15","theater":"CBI","aircraft":"Westland Lysander","takeoff_base":"\"MINGALADON AIRFIELD, RANGOON\"","target_location":"DUYINZEK FERRY (DUYINZEIK)","target_country":"BURMA","total_tons":2.25}},{"type":"Feature","geometry":{"type":"LineString","coordinates":[[110.3,-7.7667],[104.9225,-2.3436]]},"properties":{"mission_id":115529,"date":"1942-02-16","theater":"PTO","aircraft":"B-17 Flying Fortress","takeoff_base":"DJOGJA","target_location":"BANJOEASIN RIVER","target_country":"INDONESIA","total_tons":7.2}},{"type":"Feature","geometry":{"type":"LineString","coordinates":[[96.1332,16.9073],[97.6333,16.4833]]},"properties":{"mission_id":115530,"date":"1942-02-16","theater":"CBI","aircraft":"Bristol Blenheim","takeoff_base":"\"MINGALADON AIRFIELD, RANGOON\"","target_location":"MOULMEIN RAILWAY","target_country":"BURMA","total_tons":3.0}},{"type":"Feature","geometry":{"type":"LineString","coordinates":[[96.1332,16.9073],[97.6333,16.4833]]},"properties":{"mission_id":115531,"date":"1942-02-16","theater":"CBI","aircraft":"Westland Lysander","takeoff_base":"\"MINGALADON AIRFIELD, RANGOON\"","target_location":"MOULMEIN DOCKS","target_country":"BURMA","total_tons":2.5}},{"type":"Feature","geometry":{"type":"LineString","coordinates":[[96.1332,16.9073],[97.6167,16.5]]},"properties":{"mission_id":115532,"date":"1942-02-16","theater":"CBI","aircraft":"Bristol Blenheim","takeoff_base":"\"MINGALADON AIRFIELD, RANGOON\"","target_location":"MOULMEIN AIRFIELD/ TROOP CONCENTRATION","target_country":"BURMA","total_tons":1.5}},{"type":"Feature","geometry":{"type":"LineString","coordinates":[[96.1332,16.9073],[97.6333,16.4833]]},"properties":{"mission_id":115543,"date":"1942-02-16","theater":"CBI","aircraft":"Bristol Blenheim","takeoff_base":"\"MINGALADON AIRFIELD, RANGOON\"","target_location":"MOULMEIN STEAMER","target_country":"BURMA","total_tons":4.0}},{"type":"Feature","geometry":{"type":"LineString","coordinates":[[96.1332,16.9073],[96.8667,16.6333]]},"properties":{"mission_id":115544,"date":"1942-02-17","theater":"CBI","aircraft":"Westland Lysander","takeoff_base":"\"MINGALADON AIRFIELD, RANGOON\"","target_location":"MARTABAN SHIPPING","target_country":"BURMA","total_tons":1.25}},{"type":"Feature","geometry":{"type":"LineString","coordinates":[[96.1332,16.9073],[98.9986,18.7953]]},"properties":{"mission_id":115548,"date":"1942-02-17","theater":"CBI","aircraft":"Bristol Blenheim","takeoff_base":"\"MINGALADON AIRFIELD, RANGOON\"","target_location":"CHIENGMAI AIRFIELD","target_country":"THAILAND OR SIAM","total_tons":3.5}},{"type":"Feature","geometry":{"type":"LineString","coordinates":[[96.1332,16.9073],[97.233,17.217]]},"properties":{"mission_id":115549,"date":"1942-02-18","theater":"CBI","aircraft":"Bristol Blenheim","takeoff_base":"\"MINGALADON AIRFIELD, RANGOON\"","target_location":"BILIN RIVER AREA (ARMY SPPT)","target_country":"BURMA","total_tons":3.0}},{"type":"Feature","geometry":{"type":"LineString","coordinates":[[96.1332,16.9073],[97.2725,19.6039]]},"properties":{"mission_id":115550,"date":"1942-02-18","theater":"CBI","aircraft":"Westland Lysander","takeoff_base":"\"MINGALADON AIRFIELD, RANGOON\"","target_location":"DAWIYAT E/POS (DAWI-HO)","target_country":"BURMA","total_tons":1.0}},{"type":"Feature","geometry":{"type":"LineString","coordinates":[[96.1332,16.9073],[95.4333,22.8667]]},"properties":{"mission_id":115551,"date":"1942-02-18","theater":"CBI","aircraft":"Bristol Blenheim","takeoff_base":"\"MINGALADON AIRFIELD, RANGOON\"","target_location":"PANTAGON E/POS (PONTAGA)","target_country":"BURMA","total_tons":4.0}},{"type":"Feature","geometry":{"type":"LineString","coordinates":[[111.4,-7.6667],[115.4,-8.8]]},"properties":{"mission_id":115552,"date":"1942-02-19","theater":"PTO","aircraft":"B-17 Flying Fortress","takeoff_base":"MADIOEN","target_location":"SE COAST OF BALI","target_country":"BALI","total_tons":2.4}},{"type":"Feature","geometry":{"type":"LineString","coordinates":[[112.6281,-7.9778],[115.4,-8.8]]},"properties":{"mission_id":115553,"date":"1942-02-19","theater":"PTO","aircraft":"B-17 Flying Fortress","takeoff_base":"MALANG","target_location":"SE COAST OF BALI","target_country":"BALI","total_tons":3.6}},{"type":"Feature","geometry":{"type":"LineString","coordinates":[[112.6281,-7.9778],[115.4,-8.8]]},"properties":{"mission_id":115554,"date":"1942-02-19","theater":"PTO","aircraft":"B-17 Flying Fortress","takeoff_base":"MALANG","target_location":"SE COAST OF BALI","target_country":"BALI","total_tons":2.4}},{"type":"Feature","geometry":{"type":"LineString","coordinates":[[96.1332,16.9073],[95.4333,22.8667]]},"properties":{"mission_id":115555,"date":"1942-02-19","theater":"CBI","aircraft":"Bristol Blenheim","takeoff_base":"\"MINGALADON AIRFIELD, RANGOON\"","target_location":"PANTAGON E/POS (PONTAGA)","target_country":"BURMA","total_tons":2.0}},{"type":"Feature","geometry":{"type":"LineString","coordinates":[[111.4,-7.6667],[115.4,-8.8]]},"properties":{"mission_id":115556,"date":"1942-02-19","theater":"PTO","aircraft":"B-17 Flying Fortress","takeoff_base":"MADIOEN","target_location":"SE COAST OF BALI","target_country":"BALI","total_tons":1.2}},{"type":"Feature","geometry":{"type":"LineString","coordinates":[[112.6281,-7.9778],[115.4,-8.8]]},"properties":{"mission_id":115557,"date":"1942-02-19","theater":"PTO","aircraft":"Douglass A-24 Banshee","takeoff_base":"MALANG","target_location":"SE COAST OF BALI","target_country":"BALI","total_tons":1.05}},{"type":"Feature","geometry":{"type":"LineString","coordinates":[[96.1332,16.9073],[95.4333,22.8667]]},"properties":{"mission_id":115559,"date":"1942-02-19","theater":"CBI","aircraft":"Bristol Blenheim","takeoff_base":"\"MINGALADON AIRFIELD, RANGOON\"","target_location":"PANTAGON E/POS (PONTAGA)","target_country":"BURMA","total_tons":6.5}},{"type":"Feature","geometry":{"type":"LineString","coordinates":[[112.6281,-7.9778],[115.4,-8.8]]},"properties":{"mission_id":115560,"date":"1942-02-19","theater":"PTO","aircraft":"Douglass A-24 Banshee","takeoff_base":"MALANG","target_location":"SE COAST OF BALI","target_country":"BALI","total_tons":0.77}},{"type":"Feature","geometry":{"type":"LineString","coordinates":[[112.6281,-7.9778],[115.4,-8.8]]},"properties":{"mission_id":115561,"date":"1942-02-19","theater":"PTO","aircraft":"Douglass A-24 Banshee","takeoff_base":"MALANG","target_location":"SE COAST OF BALI","target_country":"BALI","total_tons":0.22}},{"type":"Feature","geometry":{"type":"LineString","coordinates":[[112.6281,-7.9778],[115.4,-8.8]]},"properties":{"mission_id":115562,"date":"1942-02-20","theater":"PTO","aircraft":"B-17 Flying Fortress","takeoff_base":"MALANG","target_location":"SE COAST OF BALI","target_country":"BALI","total_tons":8.4}},{"type":"Feature","geometry":{"type":"LineString","coordinates":[[111.4,-7.6667],[115.4,-8.8]]},"properties":{"mission_id":115563,"date":"1942-02-20","theater":"PTO","aircraft":"B-17 Flying Fortress","takeoff_base":"MADIOEN","target_location":"SE COAST OF BALI","target_country":"BALI","total_tons":0.0}},{"type":"Feature","geometry":{"type":"LineString","coordinates":[[96.1332,16.9073],[97.6333,16.4833]]},"properties":{"mission_id":115564,"date":"1942-02-20","theater":"CBI","aircraft":"Bristol Blenheim","takeoff_base":"\"MINGALADON AIRFIELD, RANGOON\"","target_location":"MOULMEIN STEAMER","target_country":"BURMA","total_tons":5.0}},{"type":"Feature","geometry":{"type":"LineString","coordinates":[[96.1332,16.9073],[96.9667,17.85]]},"properties":{"mission_id":115565,"date":"1942-02-20","theater":"CBI","aircraft":"Bristol Blenheim","takeoff_base":"\"MINGALADON AIRFIELD, RANGOON\"","target_location":"TAUNGDALE/PAGON E/POS","target_country":"BURMA","total_tons":4.0}},{"type":"Feature","geometry":{"type":"LineString","coordinates":[[96.1332,16.9073],[97.233,17.217]]},"properties":{"mission_id":115566,"date":"1942-02-20","theater":"CBI","aircraft":"Westland Lysander","takeoff_base":"\"MINGALADON AIRFIELD, RANGOON\"","target_location":"BILIN RIVER AREA (ARMY SPPT)","target_country":"BURMA","total_tons":1.5}},{"type":"Feature","geometry":{"type":"LineString","coordinates":[[111.4,-7.6667],[115.1675,-8.7481]]},"properties":{"mission_id":115567,"date":"1942-02-21","theater":"PTO","aircraft":"B-17 Flying Fortress","takeoff_base":"MADIOEN","target_location":"DEN PASAR AIRPORT","target_country":"BALI","total_tons":3.6}},{"type":"Feature","geometry":{"type":"LineString","coordinates":[[111.4,-7.6667],[115.1675,-8.7481]]},"properties":{"mission_id":115568,"date":"1942-02-21","theater":"PTO","aircraft":"B-17 Flying Fortress","takeoff_base":"MADIOEN","target_location":"DEN PASAR AIRPORT","target_country":"BALI","total_tons":2.4}},{"type":"Feature","geometry":{"type":"LineString","coordinates":[[110.3,-7.7667],[115.1675,-8.7481]]},"properties":{"mission_id":115569,"date":"1942-02-21","theater":"PTO","aircraft":"LB30","takeoff_base":"DJOGJA","target_location":"DEN PASAR AIRPORT","target_country":"BALI","total_tons":2.4}},{"type":"Feature","geometry":{"type":"LineString","coordinates":[[96.1332,16.9073],[97.233,17.217]]},"properties":{"mission_id":115597,"date":"1942-02-21","theater":"CBI","aircraft":"Bristol Blenheim","takeoff_base":"\"MINGALADON AIRFIELD, RANGOON\"","target_location":"BILIN 500 MT (N. OF KYAIKTO) TROOPS","target_country":"BURMA","total_tons":5.0}},{"type":"Feature","geometry":{"type":"LineString","coordinates":[[96.1332,16.9073],[97.0667,17.2833]]},"properties":{"mission_id":115598,"date":"1942-02-21","theater":"CBI","aircraft":"Bristol Blenheim","takeoff_base":"\"MINGALADON AIRFIELD, RANGOON\"","target_location":"KAWBEIN E/POS","target_country":"BURMA","total_tons":2.0}},{"type":"Feature","geometry":{"type":"LineString","coordinates":[[112.6281,-7.9778],[115.1675,-8.7481]]},"properties":{"mission_id":115599,"date":"1942-02-22","theater":"PTO","aircraft":"B-17 Flying Fortress","takeoff_base":"MALANG","target_location":"DEN PASAR AIRPORT","target_country":"BALI","total_tons":2.4}},{"type":"Feature","geometry":{"type":"LineString","coordinates":[[96.1332,16.9073],[97.233,17.217]]},"properties":{"mission_id":115915,"date":"1942-02-22","theater":"CBI","aircraft":"Bristol Blenheim","takeoff_base":"\"MINGALADON AIRFIELD, RANGOON\"","target_location":"BILIN 500 MT (N. OF KYAIKTO) TROOPS","target_country":"BURMA","total_tons":3.0}},{"type":"Feature","geometry":{"type":"LineString","coordinates":[[96.1332,16.9073],[96.8833,17.4333]]},"properties":{"mission_id":115916,"date":"1942-02-23","theater":"CBI","aircraft":"Bristol Blenheim","takeoff_base":"\"MINGALADON AIRFIELD, RANGOON\"","target_location":"MOKPALIN E/POS","target_country":"BURMA","total_tons":2.5}},{"type":"Feature","geometry":{"type":"LineString","coordinates":[[111.4,-7.6667],[119.4167,-5.1333]]},"properties":{"mission_id":115917,"date":"1942-02-24","theater":"PTO","aircraft":"B-17 Flying Fortress","takeoff_base":"MADIOEN","target_location":"MAKASSAR","target_country":"INDONESIA","total_tons":7.2}},{"type":"Feature","geometry":{"type":"LineString","coordinates":[[96.1332,16.9073],[97.0167,17.3]]},"properties":{"mission_id":115918,"date":"1942-02-24","theater":"CBI","aircraft":"Bristol Blenheim","takeoff_base":"\"MINGALADON AIRFIELD, RANGOON\"","target_location":"KYAIKTO MT","target_country":"BURMA","total_tons":1.5}},{"type":"Feature","geometry":{"type":"LineString","coordinates":[[112.6281,-7.9778],[115.1675,-8.7481]]},"properties":{"mission_id":115919,"date":"1942-02-25","theater":"PTO","aircraft":"Douglass A-24 Banshee","takeoff_base":"MALANG","target_location":"DEN PASAR AIRPORT","target_country":"BALI","total_tons":0.3}},{"type":"Feature","geometry":{"type":"LineString","coordinates":[[112.6281,-7.9778],[115.1675,-8.7481]]},"properties":{"mission_id":115927,"date":"1942-02-25","theater":"PTO","aircraft":"Douglass A-24 Banshee","takeoff_base":"MALANG","target_location":"DEN PASAR AIRPORT","target_country":"BALI","total_tons":0.22}},{"type":"Feature","geometry":{"type":"LineString","coordinates":[[96.1332,16.9073],[97.6166,16.5167]]},"properties":{"mission_id":115928,"date":"1942-02-25","theater":"CBI","aircraft":"Bristol Blenheim","takeoff_base":"\"MINGALADON AIRFIELD, RANGOON\"","target_location":"SALWEEN RIVER SHIPPING","target_country":"BURMA","total_tons":3.0}},{"type":"Feature","geometry":{"type":"LineString","coordinates":[[96.1332,16.9073],[97.6333,16.4833]]},"properties":{"mission_id":115929,"date":"1942-02-25","theater":"CBI","aircraft":"Bristol Blenheim","takeoff_base":"\"MINGALADON AIRFIELD, RANGOON\"","target_location":"MOULMEIN SHIPPING","target_country":"BURMA","total_tons":3.0}},{"type":"Feature","geometry":{"type":"LineString","coordinates":[[112.6281,-7.9778],[115.4,-8.8]]},"properties":{"mission_id":115950,"date":"1942-02-26","theater":"PTO","aircraft":"B-17 Flying Fortress","takeoff_base":"MALANG","target_location":"SE COAST OF BALI","target_country":"BALI","total_tons":0.0}},{"type":"Feature","geometry":{"type":"LineString","coordinates":[[112.6281,-7.9778],[115.4,-8.8]]},"properties":{"mission_id":115951,"date":"1942-02-26","theater":"PTO","aircraft":"B-17 Flying Fortress","takeoff_base":"MALANG","target_location":"SE COAST OF BALI","target_country":"BALI","total_tons":0.0}},{"type":"Feature","geometry":{"type":"LineString","coordinates":[[96.1332,16.9073],[97.6167,16.5]]},"properties":{"mission_id":115952,"date":"1942-02-26","theater":"CBI","aircraft":"Bristol Blenheim","takeoff_base":"\"MINGALADON AIRFIELD, RANGOON\"","target_location":"MOULMEIN AIRFIELD","target_country":"BURMA","total_tons":3.0}},{"type":"Feature","geometry":{"type":"LineString","coordinates":[[112.6281,-7.9778],[109.2351,-5.7602]]},"properties":{"mission_id":115953,"date":"1942-02-27","theater":"PTO","aircraft":null,"takeoff_base":"MALANG","target_location":"N OF JAVA","target_country":"INDONESIA","total_tons":4.8}},{"type":"Feature","geometry":{"type":"LineString","coordinates":[[111.4,-7.6667],[109.2351,-5.7602]]},"properties":{"mission_id":115954,"date":"1942-02-27","theater":"PTO","aircraft":null,"takeoff_base":"MADIOEN","target_location":"N OF JAVA","target_country":"INDONESIA","total_tons":2.4}},{"type":"Feature","geometry":{"type":"LineString","coordinates":[[110.3,-7.7667],[115.1675,-8.7481]]},"properties":{"mission_id":115955,"date":"1942-02-27","theater":"PTO","aircraft":null,"takeoff_base":"DJOGJA","target_location":"DEN PASAR AIRPORT","target_country":"BALI","total_tons":1.2}},{"type":"Feature","geometry":{"type":"LineString","coordinates":[[112.6281,-7.9778],[109.2351,-5.7602]]},"properties":{"mission_id":115956,"date":"1942-02-27","theater":"PTO","aircraft":"Douglass A-24 Banshee","takeoff_base":"MALANG","target_location":"N OF JAVA","target_country":"INDONESIA","total_tons":0.45}},{"type":"Feature","geometry":{"type":"LineString","coordinates":[[112.6281,-7.9778],[109.2351,-5.7602]]},"properties":{"mission_id":115970,"date":"1942-02-27","theater":"PTO","aircraft":"Douglass A-24 Banshee","takeoff_base":"MALANG","target_location":"N OF JAVA","target_country":"INDONESIA","total_tons":0.33}},{"type":"Feature","geometry":{"type":"LineString","coordinates":[[96.1332,16.9073],[97.867,15.3]]},"properties":{"mission_id":115971,"date":"1942-02-27","theater":"CBI","aircraft":"Bristol Blenheim","takeoff_base":"\"MINGALADON AIRFIELD, RANGOON\"","target_location":"YE AIRFIELD","target_country":"BURMA","total_tons":3.0}},{"type":"Feature","geometry":{"type":"LineString","coordinates":[[96.1332,16.9073],[96.4167,18.7]]},"properties":{"mission_id":115972,"date":"1942-02-27","theater":"CBI","aircraft":"Bristol Blenheim","takeoff_base":"\"MINGALADON AIRFIELD, RANGOON\"","target_location":"KYWEBWE E/POS","target_country":"BURMA","total_tons":1.5}},{"type":"Feature","geometry":{"type":"LineString","coordinates":[[111.4,-7.6667],[109.2351,-5.7602]]},"properties":{"mission_id":115973,"date":"1942-02-28","theater":"PTO","aircraft":null,"takeoff_base":"MADIOEN","target_location":"N OF JAVA","target_country":"INDONESIA","total_tons":7.2}},{"type":"Feature","geometry":{"type":"LineString","coordinates":[[111.4,-7.6667],[109.2351,-5.7602]]},"properties":{"mission_id":115975,"date":"1942-02-28","theater":"PTO","aircraft":"B-17 Flying Fortress","takeoff_base":"MADIOEN","target_location":"N OF JAVA","target_country":"INDONESIA","total_tons":0.0}},{"type":"Feature","geometry":{"type":"LineString","coordinates":[[96.1332,16.9073],[96.9,17.9167]]},"properties":{"mission_id":115976,"date":"1942-02-28","theater":"CBI","aircraft":"Bristol Blenheim","takeoff_base":"\"MINGALADON AIRFIELD, RANGOON\"","target_location":"SHWEGYIN E/POS","target_country":"BURMA","total_tons":6.0}},{"type":"Feature","geometry":{"type":"LineString","coordinates":[[111.4,-7.6667],[109.2351,-5.7602]]},"properties":{"mission_id":115977,"date":"1942-03-01","theater":"PTO","aircraft":null,"takeoff_base":"MADIOEN","target_location":"N OF JAVA","target_country":"INDONESIA","total_tons":1.2}},{"type":"Feature","geometry":{"type":"LineString","coordinates":[[110.3,-7.7667],[115.4,-8.8]]},"properties":{"mission_id":115978,"date":"1942-03-01","theater":"PTO","aircraft":null,"takeoff_base":"DJOGJA","target_location":"BALI","target_country":"INDONESIA","total_tons":1.2}},{"type":"Feature","geometry":{"type":"LineString","coordinates":[[96.1332,16.9073],[96.7667,17.5]]},"properties":{"mission_id":115980,"date":"1942-03-01","theater":"CBI","aircraft":"Bristol Blenheim","takeoff_base":"\"MINGALADON AIRFIELD, RANGOON\"","target_location":"ABYA E/POS","target_country":"BURMA","total_tons":2.0}},{"type":"Feature","geometry":{"type":"LineString","coordinates":[[96.1332,16.9073],[94.5833,24.1667]]},"properties":{"mission_id":115985,"date":"1942-03-02","theater":"CBI","aircraft":"Bristol Blenheim","takeoff_base":"\"MINGALADON AIRFIELD, RANGOON\"","target_location":"SITTANG RIVER/R CRAFT","target_country":"BURMA","total_tons":4.5}},{"type":"Feature","geometry":{"type":"LineString","coordinates":[[96.1332,16.9073],[96.6833,17.4667]]},"properties":{"mission_id":115986,"date":"1942-03-02","theater":"CBI","aircraft":"Bristol Blenheim","takeoff_base":"\"MINGALADON AIRFIELD, RANGOON\"","target_location":"WAW E/POS","target_country":"BURMA","total_tons":3.0}},{"type":"Feature","geometry":{"type":"LineString","coordinates":[[96.1332,16.9073],[97.233,17.217]]},"properties":{"mission_id":115998,"date":"1942-03-03","theater":"CBI","aircraft":"Bristol Blenheim","takeoff_base":"\"MINGALADON AIRFIELD, RANGOON\"","target_location":"BILIN RIVER AREA MT","target_country":"BURMA","total_tons":3.0}},{"type":"Feature","geometry":{"type":"LineString","coordinates":[[96.1332,16.9073],[94.517,24.2]]},"properties":{"mission_id":115999,"date":"1942-03-04","theater":"CBI","aircraft":"Bristol Blenheim","takeoff_base":"\"MINGALADON AIRFIELD, RANGOON\"","target_location":"PYINBON E/POS","target_country":"BURMA","total_tons":1.5}},{"type":"Feature","geometry":{"type":"LineString","coordinates":[[96.1332,16.9073],[94.8833,19.1833]]},"properties":{"mission_id":116000,"date":"1942-03-04","theater":"CBI","aircraft":"Bristol Blenheim","takeoff_base":"\"MINGALADON AIRFIELD, RANGOON\"","target_location":"PYAGYI E/POS","target_country":"BURMA","total_tons":1.0}},{"type":"Feature","geometry":{"type":"LineString","coordinates":[[155.3839,-6.2444],[155.8167,-6.7]]},"properties":{"mission_id":116179,"date":"1945-04-30","theater":"PTO","aircraft":"PV-1 Lockeed Ventura","takeoff_base":"BOUGAINVILLE ISLAND","target_location":"MUGUAI","target_country":null,"total_tons":15.0}},{"type":"Feature","geometry":{"type":"LineString","coordinates":[[96.1332,16.9073],[96.6833,17.4667]]},"properties":{"mission_id":116302,"date":"1942-03-05","theater":"CBI","aircraft":"Bristol Blenheim","takeoff_base":"\"MINGALADON AIRFIELD, RANGOON\"","target_location":"WAW VILLAGE","target_country":"BURMA","total_tons":2.0}},{"type":"Feature","geometry":{"type":"LineString","coordinates":[[96.1332,16.9073],[95.3167,16.6667]]},"properties":{"mission_id":116303,"date":"1942-03-05","theater":"CBI","aircraft":"Bristol Blenheim","takeoff_base":"\"MINGALADON AIRFIELD, RANGOON\"","target_location":"PEDAYE R CRAFT (PEDAW)","target_country":"BURMA","total_tons":1.0}},{"type":"Feature","geometry":{"type":"LineString","coordinates":[[96.1332,16.9073],[95.5333,21.9833]]},"properties":{"mission_id":116306,"date":"1942-03-06","theater":"CBI","aircraft":"Bristol Blenheim","takeoff_base":"\"MINGALADON AIRFIELD, RANGOON\"","target_location":"PEGU TOWN","target_country":"BURMA","total_tons":1.5}},{"type":"Feature","geometry":{"type":"LineString","coordinates":[[96.1332,16.9073],[94.8666,19.05]]},"properties":{"mission_id":116307,"date":"1942-03-06","theater":"CBI","aircraft":"Bristol Blenheim","takeoff_base":"\"MINGALADON AIRFIELD, RANGOON\"","target_location":"THAYETCHAUNG E/POS","target_country":"BURMA","total_tons":1.0}},{"type":"Feature","geometry":{"type":"LineString","coordinates":[[94.9414,20.1656],[97.6167,16.5]]},"properties":{"mission_id":116391,"date":"1942-03-09","theater":"CBI","aircraft":"Bristol Blenheim","takeoff_base":"MAGWE AIRFIELD","target_location":"MOULMEIN AIRFIELD","target_country":"BURMA","total_tons":2.5}},{"type":"Feature","geometry":{"type":"LineString","coordinates":[[94.9414,20.1656],[96.7333,17.8667]]},"properties":{"mission_id":116725,"date":"1942-03-11","theater":"CBI","aircraft":"Bristol Blenheim","takeoff_base":"MAGWE AIRFIELD","target_location":"PYUNTA RR BRIDGE","target_country":"BURMA","total_tons":2.5}},{"type":"Feature","geometry":{"type":"LineString","coordinates":[[94.9414,20.1656],[96.1167,17.0667]]},"properties":{"mission_id":116739,"date":"1942-03-12","theater":"CBI","aircraft":"Bristol Blenheim","takeoff_base":"MAGWE AIRFIELD","target_location":"HMAWBI MT","target_country":"BURMA","total_tons":0.5}},{"type":"Feature","geometry":{"type":"LineString","coordinates":[[94.9414,20.1656],[96.8667,16.6333]]},"properties":{"mission_id":116740,"date":"1942-03-12","theater":"CBI","aircraft":"Bristol Blenheim","takeoff_base":"MAGWE AIRFIELD","target_location":"GULF OF MARTABAN R/CRAFT","target_country":"BURMA","total_tons":0.5}},{"type":"Feature","geometry":{"type":"LineString","coordinates":[[94.9414,20.1656],[96.1332,16.9073]]},"properties":{"mission_id":116768,"date":"1942-03-13","theater":"CBI","aircraft":"Bristol Blenheim","takeoff_base":"MAGWE AIRFIELD","target_location":"MINGALADON MT/TROOP","target_country":"BURMA","total_tons":0.5}},{"type":"Feature","geometry":{"type":"LineString","coordinates":[[94.9414,20.1656],[96.1587,16.7692]]},"properties":{"mission_id":116769,"date":"1942-03-13","theater":"CBI","aircraft":"Bristol Blenheim","takeoff_base":"MAGWE AIRFIELD","target_location":"RANGOON R/CRAFT","target_country":"BURMA","total_tons":0.5}},{"type":"Feature","geometry":{"type":"LineString","coordinates":[[94.9414,20.1656],[96.1332,16.9073]]},"properties":{"mission_id":116775,"date":"1942-03-14","theater":"CBI","aircraft":"Bristol Blenheim","takeoff_base":"MAGWE AIRFIELD","target_location":"MINGALADON MT/TROOP","target_country":"BURMA","total_tons":0.5}},{"type":"Feature","geometry":{"type":"LineString","coordinates":[[94.9414,20.1656],[96.15,16.7833]]},"properties":{"mission_id":116781,"date":"1942-03-16","theater":"CBI","aircraft":"Bristol Blenheim","takeoff_base":"MAGWE AIRFIELD","target_location":"YANDOON R/CRAFT","target_country":"BURMA","total_tons":3.0}},{"type":"Feature","geometry":{"type":"LineString","coordinates":[[94.9414,20.1656],[96.0667,17.1167]]},"properties":{"mission_id":116782,"date":"1942-03-16","theater":"CBI","aircraft":"Bristol Blenheim","takeoff_base":"MAGWE AIRFIELD","target_location":"LETPADAN /HMAWBI MT","target_country":"BURMA","total_tons":0.5}},{"type":"Feature","geometry":{"type":"LineString","coordinates":[[94.9414,20.1656],[96.0667,17.1167]]},"properties":{"mission_id":116786,"date":"1942-03-17","theater":"CBI","aircraft":"Bristol Blenheim","takeoff_base":"MAGWE AIRFIELD","target_location":"HMAWBI VILLAGE","target_country":"BURMA","total_tons":2.0}},{"type":"Feature","geometry":{"type":"LineString","coordinates":[[94.9414,20.1656],[96.1332,16.9073]]},"properties":{"mission_id":116799,"date":"1942-03-21","theater":"CBI","aircraft":"Bristol Blenheim","takeoff_base":"MAGWE AIRFIELD","target_location":"MINGALADON AIRFIELD","target_country":"BURMA","total_tons":4.0}},{"type":"Feature","geometry":{"type":"LineString","coordinates":[[94.9414,20.1656],[96.1332,16.9073]]},"properties":{"mission_id":116800,"date":"1942-03-22","theater":"CBI","aircraft":"Bristol Blenheim","takeoff_base":"MAGWE AIRFIELD","target_location":"MINGALADON AIRFIELD","target_country":"BURMA","total_tons":4.5}},{"type":"Feature","geometry":{"type":"LineString","coordinates":[[14.1763,41.1155],[12.47,41.9]]},"properties":{"mission_id":116846,"date":"1944-05-30","theater":"MTO","aircraft":"North American A-36 Apache (Invader)","takeoff_base":"MARCIANISE AIRFIELD","target_location":"ROME","target_country":"ITALY","total_tons":19.0}},{"type":"Feature","geometry":{"type":"LineString","coordinates":[[14.1763,41.1155],[12.47,41.9]]},"properties":{"mission_id":116853,"date":"1944-05-30","theater":"MTO","aircraft":"North American A-36 Apache (Invader)","takeoff_base":"MARCIANISE AIRFIELD","target_location":"ROME","target_country":"ITALY","total_tons":8.0}},{"type":"Feature","geometry":{"type":"LineString","coordinates":[[14.1763,41.1155],[12.47,41.9]]},"properties":{"mission_id":116864,"date":"1944-05-30","theater":"MTO","aircraft":"North American A-36 Apache (Invader)","takeoff_base":"MARCIANISE AIRFIELD","target_location":"ROME","target_country":"ITALY","total_tons":4.0}},{"type":"Feature","geometry":{"type":"LineString","coordinates":[[14.1763,41.1155],[12.47,41.9]]},"properties":{"mission_id":116868,"date":"1944-05-30","theater":"MTO","aircraft":"North American A-36 Apache (Invader)","takeoff_base":"MARCIANISE AIRFIELD","target_location":"ROME","target_country":"ITALY","total_tons":3.0}},{"type":"Feature","geometry":{"type":"LineString","coordinates":[[155.3839,-6.2444],[155.7833,-6.8]]},"properties":{"mission_id":117397,"date":"1945-05-02","theater":"PTO","aircraft":"PV-1 Lockeed Ventura","takeoff_base":"BOUGAINVILLE ISLAND","target_location":"KAHILI","target_country":"SOLOMON ISLANDS","total_tons":7.5}},{"type":"Feature","geometry":{"type":"LineString","coordinates":[[86.975,23.6311],[92.7353,11.684]]},"properties":{"mission_id":117576,"date":"1942-04-02","theater":"CBI","aircraft":"B-17 Flying Fortress","takeoff_base":"ASANSOL","target_location":"POINT BLAIR","target_country":"ANDAMAN ISLANDS","total_tons":5.0}},{"type":"Feature","geometry":{"type":"LineString","coordinates":[[86.975,23.6311],[92.7353,11.684]]},"properties":{"mission_id":117577,"date":"1942-04-02","theater":"CBI","aircraft":"LB30","takeoff_base":"ASANSOL","target_location":"POINT BLAIR","target_country":"ANDAMAN ISLANDS","total_tons":3.0}},{"type":"Feature","geometry":{"type":"LineString","coordinates":[[86.975,23.6311],[96.1587,16.7692]]},"properties":{"mission_id":117578,"date":"1942-04-03","theater":"CBI","aircraft":"B-17 Flying Fortress","takeoff_base":"ASANSOL","target_location":"RANGOON","target_country":"BURMA","total_tons":0.0}},{"type":"Feature","geometry":{"type":"LineString","coordinates":[[79.8639,6.905],[82.2365,10.9222]]},"properties":{"mission_id":117998,"date":"1942-04-09","theater":"CBI","aircraft":"Bristol Blenheim","takeoff_base":"COLOMBO RACECOURSE","target_location":"SHIPPING 175 MI NNE TRINCOMALEE","target_country":"INDIAN OCEAN","total_tons":2.0}},{"type":"Feature","geometry":{"type":"LineString","coordinates":[[14.1763,41.1155],[11.38,45.38]]},"properties":{"mission_id":118072,"date":"1944-05-31","theater":"MTO","aircraft":"North American A-36 Apache (Invader)","takeoff_base":"MARCIANISE AIRFIELD","target_location":"VOLPINO","target_country":"ITALY","total_tons":10.0}},{"type":"Feature","geometry":{"type":"LineString","coordinates":[[14.1763,41.1155],[12.7,41.72]]},"properties":{"mission_id":118084,"date":"1944-05-31","theater":"MTO","aircraft":"North American A-36 Apache (Invader)","takeoff_base":"MARCIANISE AIRFIELD","target_location":"NEMI","target_country":"ITALY","total_tons":4.0}},{"type":"Feature","geometry":{"type":"LineString","coordinates":[[14.1763,41.1155],[12.47,41.9]]},"properties":{"mission_id":118085,"date":"1944-05-31","theater":"MTO","aircraft":"North American A-36 Apache (Invader)","takeoff_base":"MARCIANISE AIRFIELD","target_location":"ARICCIA","target_country":"ITALY","total_tons":4.0}},{"type":"Feature","geometry":{"type":"LineString","coordinates":[[14.1763,41.1155],[12.7,41.72]]},"properties":{"mission_id":118090,"date":"1944-05-31","theater":"MTO","aircraft":"North American A-36 Apache (Invader)","takeoff_base":"MARCIANISE AIRFIELD","target_location":"NEMI","target_country":"ITALY","total_tons":2.0}},{"type":"Feature","geometry":{"type":"LineString","coordinates":[[155.3839,-6.2444],[155.7833,-6.8]]},"properties":{"mission_id":118106,"date":"1945-05-03","theater":"PTO","aircraft":"PV-1 Lockeed Ventura","takeoff_base":"BOUGAINVILLE ISLAND","target_location":"KAHILI","target_country":"SOLOMON ISLANDS","total_tons":10.5}},{"type":"Feature","geometry":{"type":"LineString","coordinates":[[155.3839,-6.2444],[155.2333,-5.8667]]},"properties":{"mission_id":118551,"date":"1945-05-04","theater":"PTO","aircraft":"PV-1 Lockeed Ventura","takeoff_base":"BOUGAINVILLE ISLAND","target_location":"NUMA NUMA","target_country":"SOLOMON ISLANDS","total_tons":7.5}},{"type":"Feature","geometry":{"type":"LineString","coordinates":[[155.3839,-6.2444],[155.7833,-6.8]]},"properties":{"mission_id":118552,"date":"1945-05-04","theater":"PTO","aircraft":"PV-1 Lockeed Ventura","takeoff_base":"BOUGAINVILLE ISLAND","target_location":"KAHILI","target_country":"SOLOMON ISLANDS","total_tons":7.5}},{"type":"Feature","geometry":{"type":"LineString","coordinates":[[92.8726,20.1327],[96.3201,16.93]]},"properties":{"mission_id":118706,"date":"1942-04-12","theater":"CBI","aircraft":"Bristol Blenheim","takeoff_base":"AKYAB","target_location":"NYAUNGBINTHA E/POS","target_country":"BURMA","total_tons":2.5}},{"type":"Feature","geometry":{"type":"LineString","coordinates":[[92.8726,20.1327],[95.1667,19.7167]]},"properties":{"mission_id":118710,"date":"1942-04-13","theater":"CBI","aircraft":"Bristol Blenheim","takeoff_base":"AKYAB","target_location":"SINBAUNGWE E/POS","target_country":"BURMA","total_tons":2.5}},{"type":"Feature","geometry":{"type":"LineString","coordinates":[[92.8726,20.1327],[92.7353,11.684]]},"properties":{"mission_id":118747,"date":"1942-04-14","theater":"CBI","aircraft":"Lockheed Hudson","takeoff_base":"AKYAB","target_location":"PORT BLAIR FLYING BOATS","target_country":"ANDAMAN ISLANDS","total_tons":1.0}},{"type":"Feature","geometry":{"type":"LineString","coordinates":[[88.4467,22.6547],[96.1587,16.7692]]},"properties":{"mission_id":118792,"date":"1942-04-16","theater":"CBI","aircraft":"B-17 Flying Fortress","takeoff_base":"DUM DUM/CALCUTTA","target_location":"RANGOON","target_country":"BURMA","total_tons":5.78}},{"type":"Feature","geometry":{"type":"LineString","coordinates":[[14.1763,41.1155],[12.47,41.9]]},"properties":{"mission_id":118888,"date":"1944-06-01","theater":"MTO","aircraft":"North American A-36 Apache (Invader)","takeoff_base":"MARCIANISE AIRFIELD","target_location":"ROME","target_country":"ITALY","total_tons":20.0}},{"type":"Feature","geometry":{"type":"LineString","coordinates":[[92.8726,20.1327],[95.23,19.38]]},"properties":{"mission_id":119037,"date":"1942-04-17","theater":"CBI","aircraft":"Bristol Blenheim","takeoff_base":"AKYAB","target_location":"ALLANMYO E/POS","target_country":"BURMA","total_tons":2.5}},{"type":"Feature","geometry":{"type":"LineString","coordinates":[[92.8726,20.1327],[95.1667,20.0167]]},"properties":{"mission_id":119038,"date":"1942-04-17","theater":"CBI","aircraft":"Bristol Blenheim","takeoff_base":"AKYAB","target_location":"SAINGGYA (N OF MAGWE)","target_country":"BURMA","total_tons":2.5}},{"type":"Feature","geometry":{"type":"LineString","coordinates":[[92.8726,20.1327],[95.1667,19.7167]]},"properties":{"mission_id":119039,"date":"1942-04-17","theater":"CBI","aircraft":"Bristol Blenheim","takeoff_base":"AKYAB","target_location":"SINBAUNGWE E/POS","target_country":"BURMA","total_tons":1.0}},{"type":"Feature","geometry":{"type":"LineString","coordinates":[[153.4167,35.7167],[139.75,35.5833]]},"properties":{"mission_id":119059,"date":"1942-04-18","theater":"PTO","aircraft":"B-25 Mitchell","takeoff_base":"USS HORNET","target_location":"TOKYO","target_country":"JAPAN","total_tons":1.25}},{"type":"Feature","geometry":{"type":"LineString","coordinates":[[153.4167,35.7167],[139.7212,35.5787]]},"properties":{"mission_id":119060,"date":"1942-04-18","theater":"PTO","aircraft":"B-25 Mitchell","takeoff_base":"USS HORNET","target_location":"TOKYO","target_country":"JAPAN","total_tons":0.75}},{"type":"Feature","geometry":{"type":"LineString","coordinates":[[153.4167,35.7167],[139.7463,35.5833]]},"properties":{"mission_id":119061,"date":"1942-04-18","theater":"PTO","aircraft":"B-25 Mitchell","takeoff_base":"USS HORNET","target_location":"TOKYO","target_country":"JAPAN","total_tons":0.75}},{"type":"Feature","geometry":{"type":"LineString","coordinates":[[153.4167,35.7167],[139.75,35.5833]]},"properties":{"mission_id":119062,"date":"1942-04-18","theater":"PTO","aircraft":"B-25 Mitchell","takeoff_base":"USS HORNET","target_location":"TOKYO","target_country":"JAPAN","total_tons":0.75}},{"type":"Feature","geometry":{"type":"LineString","coordinates":[[153.4167,35.7167],[139.75,35.5833]]},"properties":{"mission_id":119063,"date":"1942-04-18","theater":"PTO","aircraft":"B-25 Mitchell","takeoff_base":"USS HORNET","target_location":"TOKYO","target_country":"JAPAN","total_tons":0.25}},{"type":"Feature","geometry":{"type":"LineString","coordinates":[[153.4167,35.7167],[139.75,35.5833]]},"properties":{"mission_id":119064,"date":"1942-04-18","theater":"PTO","aircraft":"B-25 Mitchell","takeoff_base":"USS HORNET","target_location":"TOKYO","target_country":"JAPAN","total_tons":0.25}},{"type":"Feature","geometry":{"type":"LineString","coordinates":[[153.4167,35.7167],[135.1782,34.6792]]},"properties":{"mission_id":119065,"date":"1942-04-18","theater":"PTO","aircraft":"B-25 Mitchell","takeoff_base":"USS HORNET","target_location":"KOBE","target_country":"JAPAN","total_tons":0.25}},{"type":"Feature","geometry":{"type":"LineString","coordinates":[[153.4167,35.7167],[135.1782,34.6792]]},"properties":{"mission_id":119066,"date":"1942-04-18","theater":"PTO","aircraft":"B-25 Mitchell","takeoff_base":"USS HORNET","target_location":"KOBE","target_country":"JAPAN","total_tons":0.25}},{"type":"Feature","geometry":{"type":"LineString","coordinates":[[153.4167,35.7167],[135.1782,34.6792]]},"properties":{"mission_id":119067,"date":"1942-04-18","theater":"PTO","aircraft":"B-25 Mitchell","takeoff_base":"USS HORNET","target_location":"KOBE","target_country":"JAPAN","total_tons":0.25}},{"type":"Feature","geometry":{"type":"LineString","coordinates":[[153.4167,35.7167],[139.75,35.5833]]},"properties":{"mission_id":119069,"date":"1942-04-18","theater":"PTO","aircraft":"B-25 Mitchell","takeoff_base":"USS HORNET","target_location":"TOKYO","target_country":"JAPAN","total_tons":1.0}},{"type":"Feature","geometry":{"type":"LineString","coordinates":[[153.4167,35.7167],[139.75,35.5833]]},"properties":{"mission_id":119070,"date":"1942-04-18","theater":"PTO","aircraft":"B-25 Mitchell","takeoff_base":"USS HORNET","target_location":"TOKYO","target_country":"JAPAN","total_tons":0.25}},{"type":"Feature","geometry":{"type":"LineString","coordinates":[[153.4167,35.7167],[139.7212,35.5787]]},"properties":{"mission_id":119071,"date":"1942-04-18","theater":"PTO","aircraft":"B-25 Mitchell","takeoff_base":"USS HORNET","target_location":"TOKYO","target_country":"JAPAN","total_tons":0.25}},{"type":"Feature","geometry":{"type":"LineString","coordinates":[[153.4167,35.7167],[139.75,35.5833]]},"properties":{"mission_id":119072,"date":"1942-04-18","theater":"PTO","aircraft":"B-25 Mitchell","takeoff_base":"USS HORNET","target_location":"TOKYO","target_country":"JAPAN","total_tons":0.25}},{"type":"Feature","geometry":{"type":"LineString","coordinates":[[153.4167,35.7167],[139.7,35.4667]]},"properties":{"mission_id":119073,"date":"1942-04-18","theater":"PTO","aircraft":"B-25 Mitchell","takeoff_base":"USS HORNET","target_location":"YOKOHAMA","target_country":"JAPAN","total_tons":0.25}},{"type":"Feature","geometry":{"type":"LineString","coordinates":[[153.4167,35.7167],[136.9045,35.1815]]},"properties":{"mission_id":119074,"date":"1942-04-18","theater":"PTO","aircraft":"B-25 Mitchell","takeoff_base":"USS HORNET","target_location":"YOKOHAMA","target_country":"JAPAN","total_tons":0.25}},{"type":"Feature","geometry":{"type":"LineString","coordinates":[[153.4167,35.7167],[136.8446,35.1318]]},"properties":{"mission_id":119075,"date":"1942-04-18","theater":"PTO","aircraft":"B-25 Mitchell","takeoff_base":"USS HORNET","target_location":"YOKOHAMA","target_country":"JAPAN","total_tons":0.25}},{"type":"Feature","geometry":{"type":"LineString","coordinates":[[153.4167,35.7167],[136.8446,35.1318]]},"properties":{"mission_id":119076,"date":"1942-04-18","theater":"PTO","aircraft":"B-25 Mitchell","takeoff_base":"USS HORNET","target_location":"YOKOHAMA","target_country":"JAPAN","total_tons":0.25}},{"type":"Feature","geometry":{"type":"LineString","coordinates":[[153.4167,35.7167],[136.8446,35.1318]]},"properties":{"mission_id":119077,"date":"1942-04-18","theater":"PTO","aircraft":"B-25 Mitchell","takeoff_base":"USS HORNET","target_location":"YOKOHAMA","target_country":"JAPAN","total_tons":0.25}},{"type":"Feature","geometry":{"type":"LineString","coordinates":[[153.4167,35.7167],[139.7987,35.7231]]},"properties":{"mission_id":119078,"date":"1942-04-18","theater":"PTO","aircraft":"B-25 Mitchell","takeoff_base":"USS HORNET","target_location":"TOKYO","target_country":"JAPAN","total_tons":0.25}},{"type":"Feature","geometry":{"type":"LineString","coordinates":[[153.4167,35.7167],[139.7313,35.723]]},"properties":{"mission_id":119079,"date":"1942-04-18","theater":"PTO","aircraft":"B-25 Mitchell","takeoff_base":"USS HORNET","target_location":"TOKYO","target_country":"JAPAN","total_tons":0.25}},{"type":"Feature","geometry":{"type":"LineString","coordinates":[[153.4167,35.7167],[139.7216,35.723]]},"properties":{"mission_id":119080,"date":"1942-04-18","theater":"PTO","aircraft":"B-25 Mitchell","takeoff_base":"USS HORNET","target_location":"TOKYO","target_country":"JAPAN","total_tons":0.25}},{"type":"Feature","geometry":{"type":"LineString","coordinates":[[153.4167,35.7167],[139.7456,35.7166]]},"properties":{"mission_id":119081,"date":"1942-04-18","theater":"PTO","aircraft":"B-25 Mitchell","takeoff_base":"USS HORNET","target_location":"TOKYO","target_country":"JAPAN","total_tons":0.25}},{"type":"Feature","geometry":{"type":"LineString","coordinates":[[153.4167,35.7167],[139.7398,35.7151]]},"properties":{"mission_id":119082,"date":"1942-04-18","theater":"PTO","aircraft":"B-25 Mitchell","takeoff_base":"USS HORNET","target_location":"TOKYO","target_country":"JAPAN","total_tons":0.25}},{"type":"Feature","geometry":{"type":"LineString","coordinates":[[153.4167,35.7167],[139.7361,35.723]]},"properties":{"mission_id":119083,"date":"1942-04-18","theater":"PTO","aircraft":"B-25 Mitchell","takeoff_base":"USS HORNET","target_location":"TOKYO","target_country":"JAPAN","total_tons":0.25}},{"type":"Feature","geometry":{"type":"LineString","coordinates":[[153.4167,35.7167],[139.6223,35.4654]]},"properties":{"mission_id":119084,"date":"1942-04-18","theater":"PTO","aircraft":"B-25 Mitchell","takeoff_base":"USS HORNET","target_location":"YOKOHAMA","target_country":"JAPAN","total_tons":0.25}},{"type":"Feature","geometry":{"type":"LineString","coordinates":[[153.4167,35.7167],[139.7463,35.5833]]},"properties":{"mission_id":119085,"date":"1942-04-18","theater":"PTO","aircraft":"B-25 Mitchell","takeoff_base":"USS HORNET","target_location":"TOKYO","target_country":"JAPAN","total_tons":0.25}},{"type":"Feature","geometry":{"type":"LineString","coordinates":[[153.4167,35.7167],[135.1676,34.6681]]},"properties":{"mission_id":119086,"date":"1942-04-18","theater":"PTO","aircraft":"B-25 Mitchell","takeoff_base":"USS HORNET","target_location":"KOBE","target_country":"JAPAN","total_tons":0.25}},{"type":"Feature","geometry":{"type":"LineString","coordinates":[[153.4167,35.7167],[135.1582,34.6596]]},"properties":{"mission_id":119087,"date":"1942-04-18","theater":"PTO","aircraft":"B-25 Mitchell","takeoff_base":"USS HORNET","target_location":"KOBE","target_country":"JAPAN","total_tons":0.25}},{"type":"Feature","geometry":{"type":"LineString","coordinates":[[153.4167,35.7167],[135.1989,34.6844]]},"properties":{"mission_id":119088,"date":"1942-04-18","theater":"PTO","aircraft":"B-25 Mitchell","takeoff_base":"USS HORNET","target_location":"KOBE","target_country":"JAPAN","total_tons":0.25}},{"type":"Feature","geometry":{"type":"LineString","coordinates":[[153.4167,35.7167],[135.1995,34.6845]]},"properties":{"mission_id":119089,"date":"1942-04-18","theater":"PTO","aircraft":"B-25 Mitchell","takeoff_base":"USS HORNET","target_location":"KOBE","target_country":"JAPAN","total_tons":0.25}},{"type":"Feature","geometry":{"type":"LineString","coordinates":[[153.4167,35.7167],[135.1782,34.6792]]},"properties":{"mission_id":119090,"date":"1942-04-18","theater":"PTO","aircraft":"B-25 Mitchell","takeoff_base":"USS HORNET","target_location":"KOBE","target_country":"JAPAN","total_tons":0.25}},{"type":"Feature","geometry":{"type":"LineString","coordinates":[[92.8726,20.1327],[94.9167,20.1667]]},"properties":{"mission_id":119092,"date":"1942-04-18","theater":"CBI","aircraft":"Bristol Blenheim","takeoff_base":"AKYAB","target_location":"MAGWE AIRFIELD","target_country":"BURMA","total_tons":1.0}},{"type":"Feature","geometry":{"type":"LineString","coordinates":[[92.8726,20.1327],[92.7353,11.684]]},"properties":{"mission_id":119093,"date":"1942-04-18","theater":"CBI","aircraft":"Lockheed Hudson","takeoff_base":"AKYAB","target_location":"PORT BLAIR FLYING BOATS","target_country":"ANDAMAN ISLANDS","total_tons":1.0}},{"type":"Feature","geometry":{"type":"LineString","coordinates":[[92.8726,20.1327],[95.23,19.38]]},"properties":{"mission_id":119098,"date":"1942-04-19","theater":"CBI","aircraft":"Bristol Blenheim","takeoff_base":"AKYAB","target_location":"ALLANMYO E/POS","target_country":"BURMA","total_tons":2.5}},{"type":"Feature","geometry":{"type":"LineString","coordinates":[[120.5603,15.1858],[120.3333,17.5833]]},"properties":{"mission_id":112524,"date":"1941-12-10","theater":"PTO","aircraft":"B-17 Flying Fortress","takeoff_base":"CLARK FIELD","target_location":"VIGAN /LINGHAYEN GULF","target_country":"PHILIPPINE ISLANDS","total_tons":5.0}},{"type":"Feature","geometry":{"type":"LineString","coordinates":[[120.5603,15.1858],[121.6167,18.5]]},"properties":{"mission_id":112525,"date":"1941-12-10","theater":"PTO","aircraft":"B-17 Flying Fortress","takeoff_base":"CLARK FIELD","target_location":"APARRI","target_country":"PHILIPPINE ISLANDS","total_tons":1.0}},{"type":"Feature","geometry":{"type":"LineString","coordinates":[[120.5603,15.1858],[120.9772,14.5916]]},"properties":{"mission_id":112552,"date":"1941-12-14","theater":"PTO","aircraft":"B-17 Flying Fortress","takeoff_base":"CLARK FIELD","target_location":"LEGASPI","target_country":"PHILIPPINE ISLANDS","total_tons":2.4}},{"type":"Feature","geometry":{"type":"LineString","coordinates":[[10.6182,43.658],[13.88,41.47]]},"properties":{"mission_id":119146,"date":"1944-12-07","theater":"MTO","aircraft":"North American A-36 Apache (Invader)","takeoff_base":"PONTEDERA AIRFIELD","target_location":"MONTE TROCCHIO","target_country":"ITALY","total_tons":2.0}},{"type":"Feature","geometry":{"type":"LineString","coordinates":[[14.1763,41.1155],[12.87,41.83]]},"properties":{"mission_id":119208,"date":"1944-06-01","theater":"MTO","aircraft":"North American A-36 Apache (Invader)","takeoff_base":"MARCIANISE AIRFIELD","target_location":"ZAGAROLA","target_country":"ITALY","total_tons":4.0}},{"type":"Feature","geometry":{"type":"LineString","coordinates":[[14.1763,41.1155],[12.67,41.07]]},"properties":{"mission_id":119222,"date":"1944-06-01","theater":"MTO","aircraft":"North American A-36 Apache (Invader)","takeoff_base":"MARCIANISE AIRFIELD","target_location":"FRASCATI","target_country":"ITALY","total_tons":2.0}},{"type":"Feature","geometry":{"type":"LineString","coordinates":[[14.1763,41.1155],[12.87,41.83]]},"properties":{"mission_id":119223,"date":"1944-06-01","theater":"MTO","aircraft":"North American A-36 Apache (Invader)","takeoff_base":"MARCIANISE AIRFIELD","target_location":"ZAGAROLA","target_country":"ITALY","total_tons":2.0}},{"type":"Feature","geometry":{"type":"LineString","coordinates":[[14.1763,41.1155],[12.67,41.67]]},"properties":{"mission_id":119224,"date":"1944-06-01","theater":"MTO","aircraft":"North American A-36 Apache (Invader)","takeoff_base":"MARCIANISE AIRFIELD","target_location":"41 40 N 012 40 E","target_country":"ITALY","total_tons":2.0}},{"type":"Feature","geometry":{"type":"LineString","coordinates":[[14.1763,41.1155],[12.8,41.97]]},"properties":{"mission_id":119225,"date":"1944-06-01","theater":"MTO","aircraft":"North American A-36 Apache (Invader)","takeoff_base":"MARCIANISE AIRFIELD","target_location":"TIVOLI","target_country":"ITALY","total_tons":2.0}},{"type":"Feature","geometry":{"type":"LineString","coordinates":[[92.8726,20.1327],[94.7799,16.8152]]},"properties":{"mission_id":119401,"date":"1942-04-20","theater":"CBI","aircraft":"Bristol Blenheim","takeoff_base":"AKYAB","target_location":"BASSEIN AIRFIELD","target_country":"BURMA","total_tons":0.5}},{"type":"Feature","geometry":{"type":"LineString","coordinates":[[92.8726,20.1327],[97.65,22.95]]},"properties":{"mission_id":119458,"date":"1942-04-24","theater":"CBI","aircraft":"Bristol Blenheim","takeoff_base":"AKYAB","target_location":"LOILEIN/HOPONG E/POS","target_country":"BURMA","total_tons":2.0}},{"type":"Feature","geometry":{"type":"LineString","coordinates":[[92.8726,20.1327],[94.3667,18.4667]]},"properties":{"mission_id":119459,"date":"1942-04-24","theater":"CBI","aircraft":"Bristol Blenheim","takeoff_base":"AKYAB","target_location":"LOIKAW/SANDOWAY/TAUNGUP E/POS","target_country":"BURMA","total_tons":2.0}},{"type":"Feature","geometry":{"type":"LineString","coordinates":[[92.8726,20.1327],[97.5833,21.8]]},"properties":{"mission_id":119487,"date":"1942-04-25","theater":"CBI","aircraft":"Bristol Blenheim","takeoff_base":"AKYAB","target_location":"KONGHAIPONG MT (KONGHAI-PING)","target_country":"BURMA","total_tons":1.0}},{"type":"Feature","geometry":{"type":"LineString","coordinates":[[14.3494,40.8381],[14.35,38.02]]},"properties":{"mission_id":119653,"date":"1944-06-02","theater":"MTO","aircraft":"North American A-36 Apache (Invader)","takeoff_base":"SANTA MARIA AIRFIELD","target_location":"SANTO STEFANO CAMAS","target_country":"ITALY","total_tons":14.25}},{"type":"Feature","geometry":{"type":"LineString","coordinates":[[14.1763,41.1155],[12.8,41.97]]},"properties":{"mission_id":119661,"date":"1944-06-02","theater":"MTO","aircraft":"North American A-36 Apache (Invader)","takeoff_base":"MARCIANISE AIRFIELD","target_location":"TIVOLI","target_country":"ITALY","total_tons":6.0}},{"type":"Feature","geometry":{"type":"LineString","coordinates":[[14.1763,41.1155],[12.67,41.07]]},"properties":{"mission_id":119671,"date":"1944-06-02","theater":"MTO","aircraft":"North American A-36 Apache (Invader)","takeoff_base":"MARCIANISE AIRFIELD","target_location":"FRASCATI","target_country":"ITALY","total_tons":2.0}},{"type":"Feature","geometry":{"type":"LineString","coordinates":[[14.1763,41.1155],[12.8,41.97]]},"properties":{"mission_id":119672,"date":"1944-06-02","theater":"MTO","aircraft":"North American A-36 Apache (Invader)","takeoff_base":"MARCIANISE AIRFIELD","target_location":"TIVOLI","target_country":"ITALY","total_tons":2.0}},{"type":"Feature","geometry":{"type":"LineString","coordinates":[[14.1763,41.1155],[12.47,41.9]]},"properties":{"mission_id":119673,"date":"1944-06-02","theater":"MTO","aircraft":"North American A-36 Apache (Invader)","takeoff_base":"MARCIANISE AIRFIELD","target_location":"ROME","target_country":"ITALY","total_tons":2.0}},{"type":"Feature","geometry":{"type":"LineString","coordinates":[[14.1763,41.1155],[12.92,41.82]]},"properties":{"mission_id":119674,"date":"1944-06-02","theater":"MTO","aircraft":"North American A-36 Apache (Invader)","takeoff_base":"MARCIANISE AIRFIELD","target_location":"PALESTRINA","target_country":"ITALY","total_tons":2.0}},{"type":"Feature","geometry":{"type":"LineString","coordinates":[[14.1763,41.1155],[12.65,41.77]]},"properties":{"mission_id":119676,"date":"1944-06-02","theater":"MTO","aircraft":"North American A-36 Apache (Invader)","takeoff_base":"MARCIANISE AIRFIELD","target_location":"MARINO","target_country":"ITALY","total_tons":1.5}},{"type":"Feature","geometry":{"type":"LineString","coordinates":[[14.1763,41.1155],[11.0,45.0]]},"properties":{"mission_id":119677,"date":"1944-06-02","theater":"MTO","aircraft":"North American A-36 Apache (Invader)","takeoff_base":"MARCIANISE AIRFIELD","target_location":"45 00 N 011 00 E","target_country":"ITALY","total_tons":1.0}},{"type":"Feature","geometry":{"type":"LineString","coordinates":[[14.1763,41.1155],[9.12,45.13]]},"properties":{"mission_id":119678,"date":"1944-06-02","theater":"MTO","aircraft":"North American A-36 Apache (Invader)","takeoff_base":"MARCIANISE AIRFIELD","target_location":"CAVA","target_country":"ITALY","total_tons":1.0}},{"type":"Feature","geometry":{"type":"LineString","coordinates":[[88.4467,22.6547],[96.1587,16.7692]]},"properties":{"mission_id":119882,"date":"1942-04-29","theater":"CBI","aircraft":"B-17 Flying Fortress","takeoff_base":"DUM DUM/CALCUTTA","target_location":"RANGOON","target_country":"BURMA","total_tons":2.0}},{"type":"Feature","geometry":{"type":"LineString","coordinates":[[92.8726,20.1327],[94.9167,20.1667]]},"properties":{"mission_id":120212,"date":"1942-05-01","theater":"CBI","aircraft":"Bristol Blenheim","takeoff_base":"AKYAB","target_location":"MAGWE AIRFIELD","target_country":"BURMA","total_tons":1.5}},{"type":"Feature","geometry":{"type":"LineString","coordinates":[[92.8726,20.1327],[94.8732,20.4583]]},"properties":{"mission_id":120213,"date":"1942-05-01","theater":"CBI","aircraft":"Bristol Blenheim","takeoff_base":"AKYAB","target_location":"YENANGYAUNG OIL FIELDS","target_country":"BURMA","total_tons":1.5}},{"type":"Feature","geometry":{"type":"LineString","coordinates":[[88.4467,22.6547],[96.1587,16.7692]]},"properties":{"mission_id":120217,"date":"1942-05-03","theater":"CBI","aircraft":"B-17 Flying Fortress","takeoff_base":"DUM DUM/CALCUTTA","target_location":"RANGOON","target_country":"BURMA","total_tons":1.5}},{"type":"Feature","geometry":{"type":"LineString","coordinates":[[92.8726,20.1327],[94.3183,23.2133]]},"properties":{"mission_id":120237,"date":"1942-05-03","theater":"CBI","aircraft":"Bristol Blenheim","takeoff_base":"AKYAB","target_location":"CHINDWIN R/CRAFT","target_country":"BURMA","total_tons":3.0}},{"type":"Feature","geometry":{"type":"LineString","coordinates":[[88.4467,22.6547],[96.1587,16.7692]]},"properties":{"mission_id":120271,"date":"1942-05-04","theater":"CBI","aircraft":"B-17 Flying Fortress","takeoff_base":"DUM DUM/CALCUTTA","target_location":"RANGOON","target_country":"BURMA","total_tons":0.0}},{"type":"Feature","geometry":{"type":"LineString","coordinates":[[92.8726,20.1327],[95.1,15.8333]]},"properties":{"mission_id":120274,"date":"1942-05-04","theater":"CBI","aircraft":"Bristol Blenheim","takeoff_base":"AKYAB","target_location":"IRRAWADDY R/CRAFT","target_country":"BURMA","total_tons":3.0}},{"type":"Feature","geometry":{"type":"LineString","coordinates":[[88.4467,22.6547],[96.1332,16.9073]]},"properties":{"mission_id":120299,"date":"1942-05-05","theater":"CBI","aircraft":"B-17 Flying Fortress","takeoff_base":"DUM DUM/CALCUTTA","target_location":"MINGALADON","target_country":"BURMA","total_tons":0.0}},{"type":"Feature","geometry":{"type":"LineString","coordinates":[[92.8726,20.1327],[95.1333,22.1167]]},"properties":{"mission_id":120300,"date":"1942-05-05","theater":"CBI","aircraft":"Bristol Blenheim","takeoff_base":"AKYAB","target_location":"MONYWA R/CRAFT","target_country":"BURMA","total_tons":1.5}},{"type":"Feature","geometry":{"type":"LineString","coordinates":[[122.4333,-4.1],[124.8408,1.1553]]},"properties":{"mission_id":114054,"date":"1942-01-16","theater":"PTO","aircraft":"B-24 Liberator","takeoff_base":"KENDARI","target_location":"LANGOAN","target_country":"INDONESIA","total_tons":1.8}},{"type":"Feature","geometry":{"type":"LineString","coordinates":[[122.4333,-4.1],[124.8414,1.4931]]},"properties":{"mission_id":114055,"date":"1942-01-16","theater":"PTO","aircraft":"B-17 Flying Fortress","takeoff_base":"KENDARI","target_location":"MANADO BAY","target_country":"INDONESIA","total_tons":1.0}},{"type":"Feature","geometry":{"type":"LineString","coordinates":[[112.6281,-7.9778],[121.1333,5.9833]]},"properties":{"mission_id":114081,"date":"1942-01-19","theater":"PTO","aircraft":"B-17 Flying Fortress","takeoff_base":"MALANG","target_location":"AP'S JOLO","target_country":"PHILIPPINE ISLANDS","total_tons":3.15}},{"type":"Feature","geometry":{"type":"LineString","coordinates":[[155.3839,-6.2444],[154.7,-5.4167]]},"properties":{"mission_id":120559,"date":"1945-05-09","theater":"PTO","aircraft":"PV-1 Lockeed Ventura","takeoff_base":"BOUGAINVILLE ISLAND","target_location":"BUKA","target_country":"SOLOMON ISLANDS","total_tons":3.0}},{"type":"Feature","geometry":{"type":"LineString","coordinates":[[92.8726,20.1327],[92.9,20.15]]},"properties":{"mission_id":120601,"date":"1942-05-05","theater":"CBI","aircraft":"Vickers Wellington","takeoff_base":"AKYAB","target_location":"AKYAB TOWN","target_country":"BURMA","total_tons":1.5}},{"type":"Feature","geometry":{"type":"LineString","coordinates":[[92.8726,20.1327],[92.8726,20.1327]]},"properties":{"mission_id":120602,"date":"1942-05-05","theater":"CBI","aircraft":"Bristol Blenheim","takeoff_base":"AKYAB","target_location":"AKYAB TOWN (SE)","target_country":"BURMA","total_tons":0.5}},{"type":"Feature","geometry":{"type":"LineString","coordinates":[[88.4467,22.6547],[96.1332,16.9073]]},"properties":{"mission_id":120641,"date":"1942-05-06","theater":"CBI","aircraft":"B-17 Flying Fortress","takeoff_base":"DUM DUM/CALCUTTA","target_location":"MINGALADON","target_country":"BURMA","total_tons":4.5}},{"type":"Feature","geometry":{"type":"LineString","coordinates":[[88.4467,22.6547],[96.1332,16.9073]]},"properties":{"mission_id":120684,"date":"1942-05-09","theater":"CBI","aircraft":"B-17 Flying Fortress","takeoff_base":"DUM DUM/CALCUTTA","target_location":"MINGALADON/RANGOON","target_country":"BURMA","total_tons":0.0}},{"type":"Feature","geometry":{"type":"LineString","coordinates":[[92.8726,20.1327],[94.9167,20.1667]]},"properties":{"mission_id":120685,"date":"1942-05-09","theater":"CBI","aircraft":"Bristol Blenheim","takeoff_base":"AKYAB","target_location":"MAGWE AIRFIELD","target_country":"BURMA","total_tons":2.5}},{"type":"Feature","geometry":{"type":"LineString","coordinates":[[92.8726,20.1327],[94.9167,20.1667]]},"properties":{"mission_id":120689,"date":"1942-05-10","theater":"CBI","aircraft":"Bristol Blenheim","takeoff_base":"AKYAB","target_location":"MAGWE AIRFIELD","target_country":"BURMA","total_tons":0.5}},{"type":"Feature","geometry":{"type":"LineString","coordinates":[[91.3936,23.035],[92.8726,20.1327]]},"properties":{"mission_id":120690,"date":"1942-05-11","theater":"CBI","aircraft":"Vickers Wellington","takeoff_base":"FENNY","target_location":"AKYAB AIRFIELD","target_country":"BURMA","total_tons":0.75}},{"type":"Feature","geometry":{"type":"LineString","coordinates":[[91.3936,23.035],[92.8726,20.1327]]},"properties":{"mission_id":120692,"date":"1942-05-11","theater":"CBI","aircraft":"Lockheed Hudson","takeoff_base":"FENNY","target_location":"AKYAB AIRFIELD","target_country":"BURMA","total_tons":1.5}},{"type":"Feature","geometry":{"type":"LineString","coordinates":[[88.4467,22.6547],[97.3517,25.3836]]},"properties":{"mission_id":120693,"date":"1942-05-12","theater":"CBI","aircraft":"B-17 Flying Fortress","takeoff_base":"DUM DUM/CALCUTTA","target_location":"MYITKYINA","target_country":"BURMA","total_tons":8.0}},{"type":"Feature","geometry":{"type":"LineString","coordinates":[[88.4467,22.6547],[97.3517,25.3836]]},"properties":{"mission_id":120696,"date":"1942-05-13","theater":"CBI","aircraft":"B-17 Flying Fortress","takeoff_base":"DUM DUM/CALCUTTA","target_location":"MYITKYINA","target_country":"BURMA","total_tons":6.0}},{"type":"Feature","geometry":{"type":"LineString","coordinates":[[91.3936,23.035],[96.9,17.9167]]},"properties":{"mission_id":120699,"date":"1942-05-13","theater":"CBI","aircraft":"Bristol Blenheim","takeoff_base":"FENNY","target_location":"SHWEGYIN S. R/CRAFT","target_country":"BURMA","total_tons":3.0}},{"type":"Feature","geometry":{"type":"LineString","coordinates":[[91.3936,23.035],[92.8726,20.1327]]},"properties":{"mission_id":120700,"date":"1942-05-13","theater":"CBI","aircraft":"Lockheed Hudson","takeoff_base":"FENNY","target_location":"AKYAB AIRFIELD","target_country":"BURMA","total_tons":2.0}},{"type":"Feature","geometry":{"type":"LineString","coordinates":[[112.6281,-7.9778],[116.8279,-1.2635]]},"properties":{"mission_id":114433,"date":"1942-01-24","theater":"PTO","aircraft":"B-17 Flying Fortress","takeoff_base":"MALANG","target_location":"\"SHIPPING, PLACE UNKNOWN\"","target_country":"INDONESIA","total_tons":2.8}},{"type":"Feature","geometry":{"type":"LineString","coordinates":[[112.6281,-7.9778],[116.8279,-1.2635]]},"properties":{"mission_id":114446,"date":"1942-01-25","theater":"PTO","aircraft":"B-17 Flying Fortress","takeoff_base":"MALANG","target_location":"BALIKPAPAN","target_country":"INDONESIA","total_tons":2.8}},{"type":"Feature","geometry":{"type":"LineString","coordinates":[[155.3839,-6.2444],[154.7,-5.4167]]},"properties":{"mission_id":120986,"date":"1945-05-10","theater":"PTO","aircraft":"PV-1 Lockeed Ventura","takeoff_base":"BOUGAINVILLE ISLAND","target_location":"BUKA","target_country":"SOLOMON ISLANDS","total_tons":3.0}},{"type":"Feature","geometry":{"type":"LineString","coordinates":[[91.3936,23.035],[92.8726,20.1327]]},"properties":{"mission_id":121001,"date":"1942-05-13","theater":"CBI","aircraft":"Vickers Wellington","takeoff_base":"FENNY","target_location":"AKYAB AIRFIELD","target_country":"BURMA","total_tons":1.5}},{"type":"Feature","geometry":{"type":"LineString","coordinates":[[88.4467,22.6547],[97.3517,25.3836]]},"properties":{"mission_id":121002,"date":"1942-05-14","theater":"CBI","aircraft":"B-17 Flying Fortress","takeoff_base":"DUM DUM/CALCUTTA","target_location":"MYITKYINA","target_country":"BURMA","total_tons":2.0}},{"type":"Feature","geometry":{"type":"LineString","coordinates":[[88.4467,22.6547],[97.3517,25.3836]]},"properties":{"mission_id":121004,"date":"1942-05-14","theater":"CBI","aircraft":"B-17 Flying Fortress","takeoff_base":"DUM DUM/CALCUTTA","target_location":"MYITKYINA","target_country":"BURMA","total_tons":3.0}},{"type":"Feature","geometry":{"type":"LineString","coordinates":[[91.3936,23.035],[94.4167,23.35]]},"properties":{"mission_id":121007,"date":"1942-05-14","theater":"CBI","aircraft":"Bristol Blenheim","takeoff_base":"FENNY","target_location":"MAUKKADAW R/CRAFT","target_country":"BURMA","total_tons":1.5}},{"type":"Feature","geometry":{"type":"LineString","coordinates":[[91.3936,23.035],[94.9167,20.1667]]},"properties":{"mission_id":121008,"date":"1942-05-14","theater":"CBI","aircraft":"Bristol Blenheim","takeoff_base":"FENNY","target_location":"MAGWE AIRFIELD","target_country":"BURMA","total_tons":1.0}},{"type":"Feature","geometry":{"type":"LineString","coordinates":[[91.3936,23.035],[92.8726,20.1327]]},"properties":{"mission_id":121009,"date":"1942-05-15","theater":"CBI","aircraft":"Vickers Wellington","takeoff_base":"FENNY","target_location":"AKYAB AIRFIELD","target_country":"BURMA","total_tons":1.5}},{"type":"Feature","geometry":{"type":"LineString","coordinates":[[88.4467,22.6547],[97.3517,25.3836]]},"properties":{"mission_id":121010,"date":"1942-05-16","theater":"CBI","aircraft":"B-17 Flying Fortress","takeoff_base":"DUM DUM/CALCUTTA","target_location":"MYITKYINA","target_country":"BURMA","total_tons":1.95}},{"type":"Feature","geometry":{"type":"LineString","coordinates":[[88.4467,22.6547],[97.3517,25.3836]]},"properties":{"mission_id":121014,"date":"1942-05-16","theater":"CBI","aircraft":"B-17 Flying Fortress","takeoff_base":"DUM DUM/CALCUTTA","target_location":"MYITKYINA","target_country":"BURMA","total_tons":2.25}},{"type":"Feature","geometry":{"type":"LineString","coordinates":[[91.3936,23.035],[92.8726,20.1327]]},"properties":{"mission_id":121017,"date":"1942-05-16","theater":"CBI","aircraft":"Bristol Blenheim","takeoff_base":"FENNY","target_location":"AKYAB AIRFIELD","target_country":"BURMA","total_tons":1.0}},{"type":"Feature","geometry":{"type":"LineString","coordinates":[[91.3936,23.035],[94.9167,20.1667]]},"properties":{"mission_id":121018,"date":"1942-05-16","theater":"CBI","aircraft":"Bristol Blenheim","takeoff_base":"FENNY","target_location":"MAGWE AIRFIELD","target_country":"BURMA","total_tons":0.5}},{"type":"Feature","geometry":{"type":"LineString","coordinates":[[91.3936,23.035],[94.3,23.2]]},"properties":{"mission_id":121023,"date":"1942-05-17","theater":"CBI","aircraft":"Bristol Blenheim","takeoff_base":"FENNY","target_location":"KALEWA WAREHOUSES","target_country":"BURMA","total_tons":2.5}},{"type":"Feature","geometry":{"type":"LineString","coordinates":[[91.3936,23.035],[94.5833,24.1667]]},"properties":{"mission_id":121024,"date":"1942-05-18","theater":"CBI","aircraft":"Bristol Blenheim","takeoff_base":"FENNY","target_location":"SITTAUNG AREA BARGES","target_country":"BURMA","total_tons":1.5}},{"type":"Feature","geometry":{"type":"LineString","coordinates":[[91.3936,23.035],[92.9,20.15]]},"properties":{"mission_id":121025,"date":"1942-05-18","theater":"CBI","aircraft":"Lockheed Hudson","takeoff_base":"FENNY","target_location":"AKYAB HARBOR","target_country":"BURMA","total_tons":0.5}},{"type":"Feature","geometry":{"type":"LineString","coordinates":[[91.3936,23.035],[92.8726,20.1327]]},"properties":{"mission_id":121047,"date":"1942-05-19","theater":"CBI","aircraft":"Bristol Blenheim","takeoff_base":"FENNY","target_location":"AKYAB AIRFIELD","target_country":"BURMA","total_tons":1.5}},{"type":"Feature","geometry":{"type":"LineString","coordinates":[[91.3936,23.035],[92.8726,20.1327]]},"properties":{"mission_id":121048,"date":"1942-05-19","theater":"CBI","aircraft":"Lockheed Hudson","takeoff_base":"FENNY","target_location":"AKYAB AIRFIELD","target_country":"BURMA","total_tons":0.5}},{"type":"Feature","geometry":{"type":"LineString","coordinates":[[91.3936,23.035],[92.7667,20.25]]},"properties":{"mission_id":121052,"date":"1942-05-20","theater":"CBI","aircraft":"Bristol Blenheim","takeoff_base":"FENNY","target_location":"\"MAYU RIVER, R/CRAFT\"","target_country":"BURMA","total_tons":2.0}},{"type":"Feature","geometry":{"type":"LineString","coordinates":[[91.3936,23.035],[94.3183,23.2133]]},"properties":{"mission_id":121053,"date":"1942-05-20","theater":"CBI","aircraft":"Bristol Blenheim","takeoff_base":"FENNY","target_location":"CHINDWIN R/CRAFT","target_country":"BURMA","total_tons":1.0}},{"type":"Feature","geometry":{"type":"LineString","coordinates":[[91.3936,23.035],[92.8726,20.1327]]},"properties":{"mission_id":121056,"date":"1942-05-21","theater":"CBI","aircraft":"Bristol Blenheim","takeoff_base":"FENNY","target_location":"AKYAB AIRFIELD","target_country":"BURMA","total_tons":1.5}},{"type":"Feature","geometry":{"type":"LineString","coordinates":[[91.3936,23.035],[92.7667,20.25]]},"properties":{"mission_id":121065,"date":"1942-05-22","theater":"CBI","aircraft":"Bristol Blenheim","takeoff_base":"FENNY","target_location":"\"MAYU RIVER, R/CRAFT\"","target_country":"BURMA","total_tons":1.0}},{"type":"Feature","geometry":{"type":"LineString","coordinates":[[91.3936,23.035],[92.8726,20.1327]]},"properties":{"mission_id":121066,"date":"1942-05-22","theater":"CBI","aircraft":"Bristol Blenheim","takeoff_base":"FENNY","target_location":"AKYAB AIRFIELD","target_country":"BURMA","total_tons":0.5}},{"type":"Feature","geometry":{"type":"LineString","coordinates":[[91.3936,23.035],[92.8726,20.1327]]},"properties":{"mission_id":121071,"date":"1942-05-23","theater":"CBI","aircraft":"Bristol Blenheim","takeoff_base":"FENNY","target_location":"AKYAB AIRFIELD","target_country":"BURMA","total_tons":2.0}},{"type":"Feature","geometry":{"type":"LineString","coordinates":[[91.3936,23.035],[95.8333,18.6167]]},"properties":{"mission_id":121072,"date":"1942-05-23","theater":"CBI","aircraft":"Lockheed Hudson","takeoff_base":"FENNY","target_location":"KYAUPYA BARRACKS (KYAUPYOK)","target_country":"BURMA","total_tons":1.0}},{"type":"Feature","geometry":{"type":"LineString","coordinates":[[91.3936,23.035],[94.3183,23.2133]]},"properties":{"mission_id":121073,"date":"1942-05-23","theater":"CBI","aircraft":"Bristol Blenheim","takeoff_base":"FENNY","target_location":"CHINDWIN / KALEWA R/CRAFT","target_country":"BURMA","total_tons":1.0}},{"type":"Feature","geometry":{"type":"LineString","coordinates":[[91.3936,23.035],[94.5833,24.1667]]},"properties":{"mission_id":121076,"date":"1942-05-24","theater":"CBI","aircraft":"Bristol Blenheim","takeoff_base":"FENNY","target_location":"SITTAUNG R/CRAFT","target_country":"BURMA","total_tons":0.5}},{"type":"Feature","geometry":{"type":"LineString","coordinates":[[88.4467,22.6547],[96.1332,16.9073]]},"properties":{"mission_id":121078,"date":"1942-05-25","theater":"CBI","aircraft":"B-17 Flying Fortress","takeoff_base":"DUM DUM/CALCUTTA","target_location":"MINGALADON/RANGOON","target_country":"BURMA","total_tons":2.0}},{"type":"Feature","geometry":{"type":"LineString","coordinates":[[88.4467,22.6547],[96.1587,16.7692]]},"properties":{"mission_id":121080,"date":"1942-05-25","theater":"CBI","aircraft":"B-17 Flying Fortress","takeoff_base":"DUM DUM/CALCUTTA","target_location":"RANGOON","target_country":"BURMA","total_tons":3.0}},{"type":"Feature","geometry":{"type":"LineString","coordinates":[[91.3936,23.035],[94.5833,24.1667]]},"properties":{"mission_id":121082,"date":"1942-05-25","theater":"CBI","aircraft":"Bristol Blenheim","takeoff_base":"FENNY","target_location":"SITTAUNG R/CRAFT","target_country":"BURMA","total_tons":2.0}},{"type":"Feature","geometry":{"type":"LineString","coordinates":[[91.3936,23.035],[94.3,23.2]]},"properties":{"mission_id":121083,"date":"1942-05-25","theater":"CBI","aircraft":"Bristol Blenheim","takeoff_base":"FENNY","target_location":"KALEWA BARGES","target_country":"BURMA","total_tons":1.5}},{"type":"Feature","geometry":{"type":"LineString","coordinates":[[91.3936,23.035],[92.9,20.15]]},"properties":{"mission_id":121084,"date":"1942-05-25","theater":"CBI","aircraft":"Lockheed Hudson","takeoff_base":"FENNY","target_location":"MAYU (N AKYAB) R/CRAFT","target_country":"BURMA","total_tons":1.5}},{"type":"Feature","geometry":{"type":"LineString","coordinates":[[91.3936,23.035],[92.8726,20.1327]]},"properties":{"mission_id":121092,"date":"1942-05-27","theater":"CBI","aircraft":"Bristol Blenheim","takeoff_base":"FENNY","target_location":"AKYAB AIRFIELD","target_country":"BURMA","total_tons":1.0}},{"type":"Feature","geometry":{"type":"LineString","coordinates":[[91.3936,23.035],[92.9,20.15]]},"properties":{"mission_id":121093,"date":"1942-05-27","theater":"CBI","aircraft":"Lockheed Hudson","takeoff_base":"FENNY","target_location":"MAYU (N AKYAB) R/CRAFT","target_country":"BURMA","total_tons":1.0}},{"type":"Feature","geometry":{"type":"LineString","coordinates":[[91.3936,23.035],[94.3,23.2]]},"properties":{"mission_id":121094,"date":"1942-05-27","theater":"CBI","aircraft":"Bristol Blenheim","takeoff_base":"FENNY","target_location":"KALEWA R/CRAFT","target_country":"BURMA","total_tons":0.5}},{"type":"Feature","geometry":{"type":"LineString","coordinates":[[88.4467,22.6547],[96.1332,16.9073]]},"properties":{"mission_id":121095,"date":"1942-05-28","theater":"CBI","aircraft":"B-17 Flying Fortress","takeoff_base":"DUM DUM/CALCUTTA","target_location":"MINGALADON","target_country":"BURMA","total_tons":2.0}},{"type":"Feature","geometry":{"type":"LineString","coordinates":[[91.3936,23.035],[94.3183,23.2133]]},"properties":{"mission_id":121100,"date":"1942-05-28","theater":"CBI","aircraft":"Bristol Blenheim","takeoff_base":"FENNY","target_location":"CHINDWIN R/CRAFT","target_country":"BURMA","total_tons":0.5}},{"type":"Feature","geometry":{"type":"LineString","coordinates":[[14.1763,41.1155],[12.47,41.9]]},"properties":{"mission_id":121225,"date":"1944-06-03","theater":"MTO","aircraft":"North American A-36 Apache (Invader)","takeoff_base":"MARCIANISE AIRFIELD","target_location":"ROME","target_country":"ITALY","total_tons":22.0}},{"type":"Feature","geometry":{"type":"LineString","coordinates":[[14.1763,41.1155],[12.4,42.27]]},"properties":{"mission_id":121251,"date":"1944-06-03","theater":"MTO","aircraft":"North American A-36 Apache (Invader)","takeoff_base":"MARCIANISE AIRFIELD","target_location":"CIVITA CASTELLANA","target_country":"ITALY","total_tons":4.0}},{"type":"Feature","geometry":{"type":"LineString","coordinates":[[14.1763,41.1155],[12.47,41.9]]},"properties":{"mission_id":121252,"date":"1944-06-03","theater":"MTO","aircraft":"North American A-36 Apache (Invader)","takeoff_base":"MARCIANISE AIRFIELD","target_location":"ROME","target_country":"ITALY","total_tons":4.0}},{"type":"Feature","geometry":{"type":"LineString","coordinates":[[14.1763,41.1155],[9.33,44.0]]},"properties":{"mission_id":121260,"date":"1944-06-03","theater":"MTO","aircraft":"North American A-36 Apache (Invader)","takeoff_base":"MARCIANISE AIRFIELD","target_location":"44 00 N 009 20 E","target_country":"ITALY","total_tons":2.0}},{"type":"Feature","geometry":{"type":"LineString","coordinates":[[155.3839,-6.2444],[155.7167,-6.7]]},"properties":{"mission_id":121381,"date":"1945-05-11","theater":"PTO","aircraft":"PV-1 Lockeed Ventura","takeoff_base":"BOUGAINVILLE ISLAND","target_location":"KARA","target_country":"SOLOMON ISLANDS","total_tons":12.0}},{"type":"Feature","geometry":{"type":"LineString","coordinates":[[88.4467,22.6547],[96.1332,16.9073]]},"properties":{"mission_id":121401,"date":"1942-05-29","theater":"CBI","aircraft":"B-17 Flying Fortress","takeoff_base":"DUM DUM/CALCUTTA","target_location":"MINGALADON","target_country":"BURMA","total_tons":8.0}},{"type":"Feature","geometry":{"type":"LineString","coordinates":[[91.3936,23.035],[94.0667,23.1833]]},"properties":{"mission_id":121415,"date":"1942-05-29","theater":"CBI","aircraft":"Bristol Blenheim","takeoff_base":"FENNY","target_location":"KALEMYO BRIDGE","target_country":"BURMA","total_tons":0.5}},{"type":"Feature","geometry":{"type":"LineString","coordinates":[[88.4467,22.6547],[97.3517,25.3836]]},"properties":{"mission_id":121416,"date":"1942-05-30","theater":"CBI","aircraft":"B-17 Flying Fortress","takeoff_base":"DUM DUM/CALCUTTA","target_location":"MYITKYINA","target_country":"BURMA","total_tons":6.0}},{"type":"Feature","geometry":{"type":"LineString","coordinates":[[91.3936,23.035],[94.3183,23.2133]]},"properties":{"mission_id":121457,"date":"1942-05-30","theater":"CBI","aircraft":"Bristol Blenheim","takeoff_base":"FENNY","target_location":"CHINDWIN R/CRAFT","target_country":"BURMA","total_tons":1.0}},{"type":"Feature","geometry":{"type":"LineString","coordinates":[[91.3936,23.035],[94.3,23.2]]},"properties":{"mission_id":121468,"date":"1942-05-31","theater":"CBI","aircraft":"Bristol Blenheim","takeoff_base":"FENNY","target_location":"KALEWA TOWN","target_country":"BURMA","total_tons":1.5}},{"type":"Feature","geometry":{"type":"LineString","coordinates":[[88.4467,22.6547],[96.1587,16.7692]]},"properties":{"mission_id":121469,"date":"1942-06-01","theater":"CBI","aircraft":"B-17 Flying Fortress","takeoff_base":"DUM DUM/CALCUTTA","target_location":"RANGOON","target_country":"BURMA","total_tons":3.75}},{"type":"Feature","geometry":{"type":"LineString","coordinates":[[95.2694,27.5378],[95.6789,22.9016]]},"properties":{"mission_id":122105,"date":"1942-06-03","theater":"CBI","aircraft":"B-25 Mitchell","takeoff_base":"DINJAN","target_location":"LASHIO","target_country":"BURMA","total_tons":0.0}},{"type":"Feature","geometry":{"type":"LineString","coordinates":[[-177.3286,28.2111],[-179.2589,30.1903]]},"properties":{"mission_id":122106,"date":"1942-06-04","theater":"PTO","aircraft":"Martin B-26 Marauder","takeoff_base":"MIDWAY","target_location":"NAVY","target_country":"JAPAN","total_tons":3.0}},{"type":"Feature","geometry":{"type":"LineString","coordinates":[[-177.3286,28.2111],[-178.6265,30.5998]]},"properties":{"mission_id":122107,"date":"1942-06-04","theater":"PTO","aircraft":"B-17 Flying Fortress","takeoff_base":"MIDWAY","target_location":"NAVY","target_country":"JAPAN","total_tons":7.0}},{"type":"Feature","geometry":{"type":"LineString","coordinates":[[-177.3286,28.2111],[-178.714,29.9275]]},"properties":{"mission_id":122108,"date":"1942-06-04","theater":"PTO","aircraft":"B-17 Flying Fortress","takeoff_base":"MIDWAY","target_location":"NAVY","target_country":"JAPAN","total_tons":6.0}},{"type":"Feature","geometry":{"type":"LineString","coordinates":[[-177.3286,28.2111],[-178.714,29.9275]]},"properties":{"mission_id":122109,"date":"1942-06-04","theater":"PTO","aircraft":"B-17 Flying Fortress","takeoff_base":"MIDWAY","target_location":"NAVY","target_country":"JAPAN","total_tons":5.0}},{"type":"Feature","geometry":{"type":"LineString","coordinates":[[-177.3286,28.2111],[-178.714,29.9275]]},"properties":{"mission_id":122110,"date":"1942-06-04","theater":"PTO","aircraft":"B-17 Flying Fortress","takeoff_base":"MIDWAY","target_location":"NAVY","target_country":"JAPAN","total_tons":5.0}},{"type":"Feature","geometry":{"type":"LineString","coordinates":[[-177.3286,28.2111],[-178.714,29.9275]]},"properties":{"mission_id":122112,"date":"1942-06-04","theater":"PTO","aircraft":"B-17 Flying Fortress","takeoff_base":"MIDWAY","target_location":"NAVY","target_country":"JAPAN","total_tons":2.0}},{"type":"Feature","geometry":{"type":"LineString","coordinates":[[-177.3286,28.2111],[-178.714,29.9275]]},"properties":{"mission_id":122114,"date":"1942-06-04","theater":"PTO","aircraft":"B-17 Flying Fortress","takeoff_base":"MIDWAY","target_location":"NAVY","target_country":"JAPAN","total_tons":1.0}},{"type":"Feature","geometry":{"type":"LineString","coordinates":[[-157.9483,21.3339],[-178.6529,30.3437]]},"properties":{"mission_id":122116,"date":"1942-06-04","theater":"PTO","aircraft":"B-17 Flying Fortress","takeoff_base":"OAHU","target_location":"NAVY","target_country":"JAPAN","total_tons":0.75}},{"type":"Feature","geometry":{"type":"LineString","coordinates":[[88.4467,22.6547],[96.1587,16.7692]]},"properties":{"mission_id":122131,"date":"1942-06-04","theater":"CBI","aircraft":"B-17 Flying Fortress","takeoff_base":"DUM DUM/CALCUTTA","target_location":"RANGOON","target_country":"BURMA","total_tons":0.0}},{"type":"Feature","geometry":{"type":"LineString","coordinates":[[-177.3286,28.2111],[178.3137,30.294]]},"properties":{"mission_id":122133,"date":"1942-06-05","theater":"PTO","aircraft":"B-17 Flying Fortress","takeoff_base":"MIDWAY","target_location":"NAVY","target_country":"JAPAN","total_tons":8.0}},{"type":"Feature","geometry":{"type":"LineString","coordinates":[[-177.3286,28.2111],[178.3137,30.294]]},"properties":{"mission_id":122134,"date":"1942-06-05","theater":"PTO","aircraft":"B-17 Flying Fortress","takeoff_base":"MIDWAY","target_location":"NAVY","target_country":"JAPAN","total_tons":6.0}},{"type":"Feature","geometry":{"type":"LineString","coordinates":[[-177.3286,28.2111],[-179.4513,27.9794]]},"properties":{"mission_id":122135,"date":"1942-06-05","theater":"PTO","aircraft":"B-17 Flying Fortress","takeoff_base":"MIDWAY","target_location":"NAVY","target_country":"JAPAN","total_tons":5.0}},{"type":"Feature","geometry":{"type":"LineString","coordinates":[[-177.3286,28.2111],[-179.4513,27.9794]]},"properties":{"mission_id":122136,"date":"1942-06-05","theater":"PTO","aircraft":"B-17 Flying Fortress","takeoff_base":"MIDWAY","target_location":"NAVY","target_country":"JAPAN","total_tons":4.75}},{"type":"Feature","geometry":{"type":"LineString","coordinates":[[14.3494,40.8381],[16.25,39.27]]},"properties":{"mission_id":122466,"date":"1944-06-04","theater":"MTO","aircraft":"North American A-36 Apache (Invader)","takeoff_base":"SANTA MARIA AIRFIELD","target_location":"COSENZA","target_country":"ITALY","total_tons":19.0}},{"type":"Feature","geometry":{"type":"LineString","coordinates":[[14.1763,41.1155],[12.72,42.2]]},"properties":{"mission_id":122478,"date":"1944-06-04","theater":"MTO","aircraft":"North American A-36 Apache (Invader)","takeoff_base":"MARCIANISE AIRFIELD","target_location":"FABA SABINA","target_country":"ITALY","total_tons":4.0}},{"type":"Feature","geometry":{"type":"LineString","coordinates":[[14.1763,41.1155],[12.72,42.2]]},"properties":{"mission_id":122481,"date":"1944-06-04","theater":"MTO","aircraft":"North American A-36 Apache (Invader)","takeoff_base":"MARCIANISE AIRFIELD","target_location":"FABA SABINA","target_country":"ITALY","total_tons":3.0}},{"type":"Feature","geometry":{"type":"LineString","coordinates":[[14.1763,41.1155],[11.33,45.33]]},"properties":{"mission_id":122490,"date":"1944-06-04","theater":"MTO","aircraft":"North American A-36 Apache (Invader)","takeoff_base":"MARCIANISE AIRFIELD","target_location":"45 20 N 011 20 E","target_country":"ITALY","total_tons":2.0}},{"type":"Feature","geometry":{"type":"LineString","coordinates":[[32.3,30.3167],[26.02,44.96]]},"properties":{"mission_id":122554,"date":"1942-06-12","theater":"MTO","aircraft":"B-24 Liberator","takeoff_base":"FAYID","target_location":"PLOESTI","target_country":"ROMANIA","total_tons":0.0}},{"type":"Feature","geometry":{"type":"LineString","coordinates":[[32.3,30.3167],[18.45,35.81]]},"properties":{"mission_id":122562,"date":"1942-06-15","theater":"MTO","aircraft":"B-24 Liberator","takeoff_base":"FAYID","target_location":"220 MI EAST OF MALTA","target_country":"ITALY","total_tons":17.5}},{"type":"Feature","geometry":{"type":"LineString","coordinates":[[32.3,30.3167],[20.05,32.11]]},"properties":{"mission_id":122957,"date":"1942-06-21","theater":"MTO","aircraft":"B-24 Liberator","takeoff_base":"FAYID","target_location":"BENGHAZI","target_country":"LIBYA","total_tons":22.5}},{"type":"Feature","geometry":{"type":"LineString","coordinates":[[32.3,30.3167],[20.05,32.11]]},"properties":{"mission_id":122996,"date":"1942-06-24","theater":"MTO","aircraft":"B-24 Liberator","takeoff_base":"FAYID","target_location":"BENGHAZI","target_country":"LIBYA","total_tons":25.0}},{"type":"Feature","geometry":{"type":"LineString","coordinates":[[32.3,30.3167],[23.95,32.04]]},"properties":{"mission_id":123306,"date":"1942-06-25","theater":"MTO","aircraft":"B-24 Liberator","takeoff_base":"FAYID","target_location":"TOBRUK","target_country":"LIBYA","total_tons":10.0}},{"type":"Feature","geometry":{"type":"LineString","coordinates":[[32.3,30.3167],[23.95,32.04]]},"properties":{"mission_id":123745,"date":"1942-06-28","theater":"MTO","aircraft":"B-24 Liberator","takeoff_base":"FAYID","target_location":"TOBRUK","target_country":"LIBYA","total_tons":7.5}},{"type":"Feature","geometry":{"type":"LineString","coordinates":[[32.3,30.3167],[23.95,32.04]]},"properties":{"mission_id":123755,"date":"1942-06-29","theater":"MTO","aircraft":"B-24 Liberator","takeoff_base":"FAYID","target_location":"TOBRUK","target_country":"LIBYA","total_tons":10.0}},{"type":"Feature","geometry":{"type":"LineString","coordinates":[[34.8828,32.0094],[23.95,32.04]]},"properties":{"mission_id":123785,"date":"1942-07-01","theater":"MTO","aircraft":"B-24 Liberator","takeoff_base":"LYDDA","target_location":"TOBRUK HARBOR","target_country":"LIBYA","total_tons":20.0}},{"type":"Feature","geometry":{"type":"LineString","coordinates":[[112.6278,26.9053],[114.2726,30.5812]]},"properties":{"mission_id":123786,"date":"1942-11-25","theater":"CBI","aircraft":"B-25 Mitchell","takeoff_base":"HANGYANG","target_location":"\"HANKOW, YANGTZE RIVER\"","target_country":"CHINA","total_tons":3.52}},{"type":"Feature","geometry":{"type":"LineString","coordinates":[[34.8828,32.0094],[23.95,32.04]]},"properties":{"mission_id":123792,"date":"1942-07-02","theater":"MTO","aircraft":"B-24 Liberator","takeoff_base":"LYDDA","target_location":"TOBRUK HARBOR","target_country":"LIBYA","total_tons":15.0}},{"type":"Feature","geometry":{"type":"LineString","coordinates":[[112.6278,26.9053],[114.2726,30.5812]]},"properties":{"mission_id":123793,"date":"1942-07-20","theater":"CBI","aircraft":"B-25 Mitchell","takeoff_base":"HANGYANG","target_location":"HANKOW","target_country":"CHINA","total_tons":2.64}},{"type":"Feature","geometry":{"type":"LineString","coordinates":[[34.8828,32.0094],[23.95,32.04]]},"properties":{"mission_id":123794,"date":"1942-07-02","theater":"MTO","aircraft":"B-17 Flying Fortress","takeoff_base":"LYDDA","target_location":"TOBRUK HARBOR","target_country":"LIBYA","total_tons":10.0}},{"type":"Feature","geometry":{"type":"LineString","coordinates":[[14.3494,40.8381],[16.25,39.27]]},"properties":{"mission_id":124052,"date":"1944-06-05","theater":"MTO","aircraft":"North American A-36 Apache (Invader)","takeoff_base":"SANTA MARIA AIRFIELD","target_location":"COSENZA","target_country":"ITALY","total_tons":17.5}},{"type":"Feature","geometry":{"type":"LineString","coordinates":[[14.1763,41.1155],[12.4,42.47]]},"properties":{"mission_id":124053,"date":"1944-06-05","theater":"MTO","aircraft":"North American A-36 Apache (Invader)","takeoff_base":"MARCIANISE AIRFIELD","target_location":"ORTE","target_country":"ITALY","total_tons":15.5}},{"type":"Feature","geometry":{"type":"LineString","coordinates":[[112.6278,26.9053],[115.93,28.6357]]},"properties":{"mission_id":124126,"date":"1942-12-27","theater":"CBI","aircraft":"B-25 Mitchell","takeoff_base":"HANGYANG","target_location":"NANCHUNG","target_country":"CHINA","total_tons":4.96}},{"type":"Feature","geometry":{"type":"LineString","coordinates":[[34.8828,32.0094],[23.95,32.04]]},"properties":{"mission_id":124127,"date":"1942-07-03","theater":"MTO","aircraft":"B-24 Liberator","takeoff_base":"LYDDA","target_location":"TOBRUK HARBOR","target_country":"LIBYA","total_tons":15.0}},{"type":"Feature","geometry":{"type":"LineString","coordinates":[[34.8828,32.0094],[23.95,32.04]]},"properties":{"mission_id":124129,"date":"1942-07-03","theater":"MTO","aircraft":"B-17 Flying Fortress","takeoff_base":"LYDDA","target_location":"TOBRUK","target_country":"LIBYA","total_tons":5.0}},{"type":"Feature","geometry":{"type":"LineString","coordinates":[[112.6278,26.9053],[113.3167,23.1333]]},"properties":{"mission_id":124148,"date":"1943-01-01","theater":"CBI","aircraft":"B-25 Mitchell","takeoff_base":"HANGYANG","target_location":"CANTON","target_country":"CHINA","total_tons":2.96}},{"type":"Feature","geometry":{"type":"LineString","coordinates":[[34.8828,32.0094],[0.03,34.0]]},"properties":{"mission_id":124149,"date":"1942-07-04","theater":"MTO","aircraft":"B-24 Liberator","takeoff_base":"LYDDA","target_location":"CONVOY","target_country":"ITALY","total_tons":15.0}},{"type":"Feature","geometry":{"type":"LineString","coordinates":[[34.8828,32.0094],[20.05,32.11]]},"properties":{"mission_id":124160,"date":"1942-07-05","theater":"MTO","aircraft":"B-24 Liberator","takeoff_base":"LYDDA","target_location":"BENGHAZI","target_country":"LIBYA","total_tons":27.5}},{"type":"Feature","geometry":{"type":"LineString","coordinates":[[110.0392,25.2181],[113.3167,23.1333]]},"properties":{"mission_id":124163,"date":"1942-08-08","theater":"CBI","aircraft":"B-25 Mitchell","takeoff_base":"KWEILIN","target_location":"CANTON","target_country":"CHINA","total_tons":3.56}},{"type":"Feature","geometry":{"type":"LineString","coordinates":[[95.2694,27.5378],[97.3517,25.3836]]},"properties":{"mission_id":124166,"date":"1942-07-07","theater":"CBI","aircraft":"B-25 Mitchell","takeoff_base":"DINJAN","target_location":"MYITKYINA","target_country":"BURMA","total_tons":1.2}},{"type":"Feature","geometry":{"type":"LineString","coordinates":[[95.2694,27.5378],[96.9971,25.3609]]},"properties":{"mission_id":124167,"date":"1942-07-07","theater":"CBI","aircraft":"B-25 Mitchell","takeoff_base":"DINJAN","target_location":"20 MI SW OF MYITKYINA","target_country":"BURMA","total_tons":0.4}},{"type":"Feature","geometry":{"type":"LineString","coordinates":[[34.8828,32.0094],[20.05,32.11]]},"properties":{"mission_id":124168,"date":"1942-07-08","theater":"MTO","aircraft":"B-24 Liberator","takeoff_base":"LYDDA","target_location":"BENGHAZI","target_country":"LIBYA","total_tons":15.0}},{"type":"Feature","geometry":{"type":"LineString","coordinates":[[34.8828,32.0094],[20.05,32.11]]},"properties":{"mission_id":124169,"date":"1942-07-08","theater":"MTO","aircraft":"B-17 Flying Fortress","takeoff_base":"LYDDA","target_location":"BENGHAZI","target_country":"LIBYA","total_tons":7.5}},{"type":"Feature","geometry":{"type":"LineString","coordinates":[[102.7433,24.9922],[101.5,24.5]]},"properties":{"mission_id":124170,"date":"1942-12-12","theater":"CBI","aircraft":"B-25 Mitchell","takeoff_base":"KUNMING","target_location":"TENGCHUNG (YUNNAN)","target_country":"CHINA","total_tons":0.77}},{"type":"Feature","geometry":{"type":"LineString","coordinates":[[95.2694,27.5378],[96.9971,25.3609]]},"properties":{"mission_id":124171,"date":"1942-07-08","theater":"CBI","aircraft":"B-25 Mitchell","takeoff_base":"DINJAN","target_location":"20 MI SW OF MYITKYINA","target_country":"BURMA","total_tons":2.75}},{"type":"Feature","geometry":{"type":"LineString","coordinates":[[95.2694,27.5378],[97.3517,25.3836]]},"properties":{"mission_id":124172,"date":"1942-07-08","theater":"CBI","aircraft":"B-25 Mitchell","takeoff_base":"DINJAN","target_location":"MYITKYINA","target_country":"BURMA","total_tons":2.0}},{"type":"Feature","geometry":{"type":"LineString","coordinates":[[34.8828,32.0094],[20.0,33.0]]},"properties":{"mission_id":124200,"date":"1942-07-09","theater":"MTO","aircraft":"B-24 Liberator","takeoff_base":"LYDDA","target_location":"CONVOY","target_country":"LIBYA","total_tons":0.0}},{"type":"Feature","geometry":{"type":"LineString","coordinates":[[34.8828,32.0094],[20.05,32.11]]},"properties":{"mission_id":124503,"date":"1942-07-11","theater":"MTO","aircraft":"B-24 Liberator","takeoff_base":"LYDDA","target_location":"BENGHAZI","target_country":"LIBYA","total_tons":7.5}},{"type":"Feature","geometry":{"type":"LineString","coordinates":[[34.8828,32.0094],[20.05,32.11]]},"properties":{"mission_id":124504,"date":"1942-07-11","theater":"MTO","aircraft":"B-17 Flying Fortress","takeoff_base":"LYDDA","target_location":"BENGHAZI","target_country":"LIBYA","total_tons":7.5}},{"type":"Feature","geometry":{"type":"LineString","coordinates":[[34.8828,32.0094],[20.05,32.11]]},"properties":{"mission_id":124519,"date":"1942-07-13","theater":"MTO","aircraft":"B-24 Liberator","takeoff_base":"LYDDA","target_location":"BENGHAZI SHIPPING","target_country":"LIBYA","total_tons":15.0}},{"type":"Feature","geometry":{"type":"LineString","coordinates":[[34.8828,32.0094],[23.95,32.04]]},"properties":{"mission_id":124520,"date":"1942-07-13","theater":"MTO","aircraft":"B-17 Flying Fortress","takeoff_base":"LYDDA","target_location":"TOBRUK HARBOR","target_country":"LIBYA","total_tons":12.5}},{"type":"Feature","geometry":{"type":"LineString","coordinates":[[112.6278,26.9053],[114.2726,30.5812]]},"properties":{"mission_id":124563,"date":"1942-07-02","theater":"CBI","aircraft":"B-25 Mitchell","takeoff_base":"HENYANG","target_location":"HANKOW","target_country":"CHINA","total_tons":3.09}},{"type":"Feature","geometry":{"type":"LineString","coordinates":[[110.0392,25.2181],[113.3167,23.1333]]},"properties":{"mission_id":124576,"date":"1942-07-06","theater":"CBI","aircraft":"B-25 Mitchell","takeoff_base":"KWEILIN","target_location":"CANTON","target_country":"CHINA","total_tons":2.32}},{"type":"Feature","geometry":{"type":"LineString","coordinates":[[112.6278,26.9053],[119.2965,26.0745]]},"properties":{"mission_id":124901,"date":"1943-03-03","theater":"CBI","aircraft":"B-25 Mitchell","takeoff_base":"HANGYANG","target_location":"LIN CHWAN (FUCHOW)","target_country":"CHINA","total_tons":1.54}},{"type":"Feature","geometry":{"type":"LineString","coordinates":[[112.6278,26.9053],[115.9872,29.7381]]},"properties":{"mission_id":124903,"date":"1942-08-11","theater":"CBI","aircraft":"B-25 Mitchell","takeoff_base":"HANGYANG","target_location":"KIUKIANG","target_country":"CHINA","total_tons":0.66}},{"type":"Feature","geometry":{"type":"LineString","coordinates":[[112.6278,26.9053],[115.9872,29.7381]]},"properties":{"mission_id":124904,"date":"1942-07-20","theater":"CBI","aircraft":"B-25 Mitchell","takeoff_base":"HANGYANG","target_location":"KIUKIANG","target_country":"CHINA","total_tons":1.54}},{"type":"Feature","geometry":{"type":"LineString","coordinates":[[153.4167,35.7167],[139.75,35.5833]]},"properties":{"mission_id":119040,"date":"1942-04-18","theater":"PTO","aircraft":"B-25 Mitchell","takeoff_base":"USS HORNET","target_location":"TOKYO","target_country":"JAPAN","total_tons":0.25}},{"type":"Feature","geometry":{"type":"LineString","coordinates":[[153.4167,35.7167],[139.75,35.5833]]},"properties":{"mission_id":119041,"date":"1942-04-18","theater":"PTO","aircraft":"B-25 Mitchell","takeoff_base":"USS HORNET","target_location":"TOKYO","target_country":"JAPAN","total_tons":0.25}},{"type":"Feature","geometry":{"type":"LineString","coordinates":[[153.4167,35.7167],[139.75,35.5833]]},"properties":{"mission_id":119042,"date":"1942-04-18","theater":"PTO","aircraft":"B-25 Mitchell","takeoff_base":"USS HORNET","target_location":"TOKYO","target_country":"JAPAN","total_tons":0.25}},{"type":"Feature","geometry":{"type":"LineString","coordinates":[[153.4167,35.7167],[139.7,35.4667]]},"properties":{"mission_id":119043,"date":"1942-04-18","theater":"PTO","aircraft":"B-25 Mitchell","takeoff_base":"USS HORNET","target_location":"YOKOHAMA","target_country":"JAPAN","total_tons":0.25}},{"type":"Feature","geometry":{"type":"LineString","coordinates":[[153.4167,35.7167],[139.7,35.4667]]},"properties":{"mission_id":119044,"date":"1942-04-18","theater":"PTO","aircraft":"B-25 Mitchell","takeoff_base":"USS HORNET","target_location":"YOKOHAMA","target_country":"JAPAN","total_tons":0.25}},{"type":"Feature","geometry":{"type":"LineString","coordinates":[[95.2694,27.5378],[97.3517,25.3836]]},"properties":{"mission_id":124962,"date":"1942-07-22","theater":"CBI","aircraft":"B-25 Mitchell","takeoff_base":"DINJAN","target_location":"MYITKYINA","target_country":"BURMA","total_tons":3.0}},{"type":"Feature","geometry":{"type":"LineString","coordinates":[[95.2694,27.5378],[97.3057,25.4385]]},"properties":{"mission_id":124964,"date":"1942-07-22","theater":"CBI","aircraft":"B-25 Mitchell","takeoff_base":"DINJAN","target_location":"NW OF MYITKYINA","target_country":"BURMA","total_tons":1.5}},{"type":"Feature","geometry":{"type":"LineString","coordinates":[[153.4167,35.7167],[139.7,35.4667]]},"properties":{"mission_id":119045,"date":"1942-04-18","theater":"PTO","aircraft":"B-25 Mitchell","takeoff_base":"USS HORNET","target_location":"YOKOHAMA","target_country":"JAPAN","total_tons":0.25}},{"type":"Feature","geometry":{"type":"LineString","coordinates":[[153.4167,35.7167],[139.7992,35.723]]},"properties":{"mission_id":119046,"date":"1942-04-18","theater":"PTO","aircraft":"B-25 Mitchell","takeoff_base":"USS HORNET","target_location":"TOKYO","target_country":"JAPAN","total_tons":0.25}},{"type":"Feature","geometry":{"type":"LineString","coordinates":[[153.4167,35.7167],[139.799,35.723]]},"properties":{"mission_id":119047,"date":"1942-04-18","theater":"PTO","aircraft":"B-25 Mitchell","takeoff_base":"USS HORNET","target_location":"TOKYO","target_country":"JAPAN","total_tons":0.25}},{"type":"Feature","geometry":{"type":"LineString","coordinates":[[153.4167,35.7167],[139.7988,35.723]]},"properties":{"mission_id":119048,"date":"1942-04-18","theater":"PTO","aircraft":"B-25 Mitchell","takeoff_base":"USS HORNET","target_location":"TOKYO","target_country":"JAPAN","total_tons":0.25}},{"type":"Feature","geometry":{"type":"LineString","coordinates":[[153.4167,35.7167],[139.75,35.723]]},"properties":{"mission_id":119049,"date":"1942-04-18","theater":"PTO","aircraft":"B-25 Mitchell","takeoff_base":"USS HORNET","target_location":"TOKYO","target_country":"JAPAN","total_tons":0.25}},{"type":"Feature","geometry":{"type":"LineString","coordinates":[[153.4167,35.7167],[139.75,35.723]]},"properties":{"mission_id":119050,"date":"1942-04-18","theater":"PTO","aircraft":"B-25 Mitchell","takeoff_base":"USS HORNET","target_location":"TOKYO","target_country":"JAPAN","total_tons":0.25}},{"type":"Feature","geometry":{"type":"LineString","coordinates":[[153.4167,35.7167],[139.75,35.723]]},"properties":{"mission_id":119051,"date":"1942-04-18","theater":"PTO","aircraft":"B-25 Mitchell","takeoff_base":"USS HORNET","target_location":"TOKYO","target_country":"JAPAN","total_tons":0.25}},{"type":"Feature","geometry":{"type":"LineString","coordinates":[[153.4167,35.7167],[139.75,35.723]]},"properties":{"mission_id":119052,"date":"1942-04-18","theater":"PTO","aircraft":"B-25 Mitchell","takeoff_base":"USS HORNET","target_location":"TOKYO","target_country":"JAPAN","total_tons":0.25}},{"type":"Feature","geometry":{"type":"LineString","coordinates":[[153.4167,35.7167],[139.7361,35.723]]},"properties":{"mission_id":119053,"date":"1942-04-18","theater":"PTO","aircraft":"B-25 Mitchell","takeoff_base":"USS HORNET","target_location":"TOKYO","target_country":"JAPAN","total_tons":0.25}},{"type":"Feature","geometry":{"type":"LineString","coordinates":[[153.4167,35.7167],[139.7203,35.723]]},"properties":{"mission_id":119054,"date":"1942-04-18","theater":"PTO","aircraft":"B-25 Mitchell","takeoff_base":"USS HORNET","target_location":"TOKYO","target_country":"JAPAN","total_tons":0.25}},{"type":"Feature","geometry":{"type":"LineString","coordinates":[[153.4167,35.7167],[139.7361,35.6242]]},"properties":{"mission_id":119055,"date":"1942-04-18","theater":"PTO","aircraft":"B-25 Mitchell","takeoff_base":"USS HORNET","target_location":"TOKYO","target_country":"JAPAN","total_tons":0.25}},{"type":"Feature","geometry":{"type":"LineString","coordinates":[[153.4167,35.7167],[139.6223,35.4654]]},"properties":{"mission_id":119056,"date":"1942-04-18","theater":"PTO","aircraft":"B-25 Mitchell","takeoff_base":"USS HORNET","target_location":"YOKOHAMA","target_country":"JAPAN","total_tons":0.25}},{"type":"Feature","geometry":{"type":"LineString","coordinates":[[153.4167,35.7167],[139.6223,35.4654]]},"properties":{"mission_id":119057,"date":"1942-04-18","theater":"PTO","aircraft":"B-25 Mitchell","takeoff_base":"USS HORNET","target_location":"YOKOHAMA","target_country":"JAPAN","total_tons":0.25}},{"type":"Feature","geometry":{"type":"LineString","coordinates":[[153.4167,35.7167],[139.6223,35.4654]]},"properties":{"mission_id":119058,"date":"1942-04-18","theater":"PTO","aircraft":"B-25 Mitchell","takeoff_base":"USS HORNET","target_location":"YOKOHAMA","target_country":"JAPAN","total_tons":0.25}},{"type":"Feature","geometry":{"type":"LineString","coordinates":[[14.1763,41.1155],[12.52,42.5]]},"properties":{"mission_id":125269,"date":"1944-06-06","theater":"MTO","aircraft":"North American A-36 Apache (Invader)","takeoff_base":"MARCIANISE AIRFIELD","target_location":"NARNI","target_country":"ITALY","total_tons":4.0}},{"type":"Feature","geometry":{"type":"LineString","coordinates":[[14.1763,41.1155],[11.0,45.67]]},"properties":{"mission_id":125282,"date":"1944-06-06","theater":"MTO","aircraft":"North American A-36 Apache (Invader)","takeoff_base":"MARCIANISE AIRFIELD","target_location":"45 40 N 011 00 E","target_country":"ITALY","total_tons":2.0}},{"type":"Feature","geometry":{"type":"LineString","coordinates":[[95.2694,27.5378],[96.3022,24.2313]]},"properties":{"mission_id":125314,"date":"1942-07-23","theater":"CBI","aircraft":"B-25 Mitchell","takeoff_base":"DINJAN","target_location":"NORTH OF KATHA","target_country":"BURMA","total_tons":0.0}},{"type":"Feature","geometry":{"type":"LineString","coordinates":[[95.2694,27.5378],[97.3517,25.3836]]},"properties":{"mission_id":125751,"date":"1942-07-28","theater":"CBI","aircraft":"B-25 Mitchell","takeoff_base":"DINJAN","target_location":"MYITKYINA","target_country":"BURMA","total_tons":1.0}},{"type":"Feature","geometry":{"type":"LineString","coordinates":[[95.2694,27.5378],[96.35,24.1833]]},"properties":{"mission_id":125754,"date":"1942-07-28","theater":"CBI","aircraft":"B-25 Mitchell","takeoff_base":"DINJAN","target_location":"KATHA","target_country":"BURMA","total_tons":0.5}},{"type":"Feature","geometry":{"type":"LineString","coordinates":[[35.1833,32.6666],[27.2,31.33]]},"properties":{"mission_id":126147,"date":"1942-07-30","theater":"MTO","aircraft":"B-24 Liberator","takeoff_base":"RAMAT DAVID","target_location":"MERSA MATRUH","target_country":"EGYPT","total_tons":15.75}},{"type":"Feature","geometry":{"type":"LineString","coordinates":[[95.2694,27.5378],[96.35,24.1833]]},"properties":{"mission_id":126188,"date":"1942-08-01","theater":"CBI","aircraft":"B-25 Mitchell","takeoff_base":"DINJAN","target_location":"KATHA","target_country":"BURMA","total_tons":1.0}},{"type":"Feature","geometry":{"type":"LineString","coordinates":[[95.2694,27.5378],[96.9407,25.3085]]},"properties":{"mission_id":126193,"date":"1942-08-01","theater":"CBI","aircraft":"B-25 Mitchell","takeoff_base":"DINJAN","target_location":"MAGUANG","target_country":"BURMA","total_tons":0.5}},{"type":"Feature","geometry":{"type":"LineString","coordinates":[[95.2694,27.5378],[96.9407,25.3085]]},"properties":{"mission_id":126509,"date":"1942-08-02","theater":"CBI","aircraft":"B-25 Mitchell","takeoff_base":"DINJAN","target_location":"MAGUANG","target_country":"BURMA","total_tons":1.5}},{"type":"Feature","geometry":{"type":"LineString","coordinates":[[95.2694,27.5378],[96.35,24.1833]]},"properties":{"mission_id":126510,"date":"1942-08-02","theater":"CBI","aircraft":"B-25 Mitchell","takeoff_base":"DINJAN","target_location":"KATHA","target_country":"BURMA","total_tons":1.25}},{"type":"Feature","geometry":{"type":"LineString","coordinates":[[35.1,32.95],[23.95,32.04]]},"properties":{"mission_id":126512,"date":"1942-08-02","theater":"MTO","aircraft":"B-24 Liberator","takeoff_base":"ST JEAN","target_location":"TOBRUK","target_country":"LIBYA","total_tons":12.0}},{"type":"Feature","geometry":{"type":"LineString","coordinates":[[35.1833,32.6666],[27.2,31.33]]},"properties":{"mission_id":126520,"date":"1942-08-02","theater":"MTO","aircraft":"B-24 Liberator","takeoff_base":"RAMAT DAVID","target_location":"MERSA MATRUH","target_country":"EGYPT","total_tons":15.0}},{"type":"Feature","geometry":{"type":"LineString","coordinates":[[35.1833,32.6666],[23.95,32.04]]},"properties":{"mission_id":126521,"date":"1942-08-02","theater":"MTO","aircraft":"B-24 Liberator","takeoff_base":"RAMAT DAVID","target_location":"TOBRUK","target_country":"LIBYA","total_tons":12.5}},{"type":"Feature","geometry":{"type":"LineString","coordinates":[[108.1722,22.6081],[110.5844,19.2721]]},"properties":{"mission_id":126522,"date":"1942-07-19","theater":"CBI","aircraft":"Curtiss P-40 Warhawk","takeoff_base":"NANNING","target_location":"LINGHNAN","target_country":"CHINA","total_tons":1.09}},{"type":"Feature","geometry":{"type":"LineString","coordinates":[[35.1833,32.6666],[24.07,35.49]]},"properties":{"mission_id":126549,"date":"1942-08-04","theater":"MTO","aircraft":"B-24 Liberator","takeoff_base":"RAMAT DAVID","target_location":"CRETE","target_country":"CRETE","total_tons":15.0}},{"type":"Feature","geometry":{"type":"LineString","coordinates":[[112.6278,26.9053],[113.3167,23.1333]]},"properties":{"mission_id":126569,"date":"1942-07-04","theater":"CBI","aircraft":"B-25 Mitchell","takeoff_base":"HANGYANG","target_location":"CANTON","target_country":"CHINA","total_tons":2.64}},{"type":"Feature","geometry":{"type":"LineString","coordinates":[[112.6278,26.9053],[113.3167,23.1333]]},"properties":{"mission_id":126572,"date":"1942-08-06","theater":"CBI","aircraft":"B-25 Mitchell","takeoff_base":"HANGYANG","target_location":"CANTON","target_country":"CHINA","total_tons":0.66}},{"type":"Feature","geometry":{"type":"LineString","coordinates":[[95.2694,27.5378],[96.7167,25.1333]]},"properties":{"mission_id":126916,"date":"1942-08-08","theater":"CBI","aircraft":"B-25 Mitchell","takeoff_base":"DINJAN","target_location":"PINBAW & TANNGNI","target_country":"BURMA","total_tons":0.0}},{"type":"Feature","geometry":{"type":"LineString","coordinates":[[112.6278,26.9053],[113.3167,23.1333]]},"properties":{"mission_id":126919,"date":"1942-08-06","theater":"CBI","aircraft":"B-25 Mitchell","takeoff_base":"HANGYANG","target_location":"CANTON","target_country":"CHINA","total_tons":1.64}},{"type":"Feature","geometry":{"type":"LineString","coordinates":[[108.1722,22.6081],[106.6572,20.8667]]},"properties":{"mission_id":126925,"date":"1942-07-01","theater":"CBI","aircraft":"B-25 Mitchell","takeoff_base":"NANNING","target_location":"HAIPHONG","target_country":"FRENCH INDO CHINA","total_tons":4.77}},{"type":"Feature","geometry":{"type":"LineString","coordinates":[[35.1833,32.6666],[20.05,32.11]]},"properties":{"mission_id":126959,"date":"1942-08-09","theater":"MTO","aircraft":"B-24 Liberator","takeoff_base":"RAMAT DAVID","target_location":"BENGHAZI","target_country":"LIBYA","total_tons":25.0}},{"type":"Feature","geometry":{"type":"LineString","coordinates":[[88.4467,22.6547],[93.0832,13.2834]]},"properties":{"mission_id":126964,"date":"1942-08-10","theater":"CBI","aircraft":"B-17 Flying Fortress","takeoff_base":"DUM DUM/CALCUTTA","target_location":"PORT CORNWALLIS","target_country":"ANDAMAN ISLANDS","total_tons":0.0}},{"type":"Feature","geometry":{"type":"LineString","coordinates":[[112.6278,26.9053],[113.05,29.45]]},"properties":{"mission_id":126972,"date":"1942-10-10","theater":"CBI","aircraft":"Curtiss P-40 Warhawk","takeoff_base":"HANGYANG","target_location":"YOYANG (YOCHOW)","target_country":"CHINA","total_tons":1.9}},{"type":"Feature","geometry":{"type":"LineString","coordinates":[[35.1833,32.6666],[27.2,31.33]]},"properties":{"mission_id":126998,"date":"1942-08-11","theater":"MTO","aircraft":"B-24 Liberator","takeoff_base":"RAMAT DAVID","target_location":"MERSA MATRUH","target_country":"EGYPT","total_tons":20.0}},{"type":"Feature","geometry":{"type":"LineString","coordinates":[[35.1833,32.6666],[21.68,36.9]]},"properties":{"mission_id":126999,"date":"1942-08-11","theater":"MTO","aircraft":"B-24 Liberator","takeoff_base":"RAMAT DAVID","target_location":"NAVARINO BAY","target_country":"GREECE","total_tons":17.5}},{"type":"Feature","geometry":{"type":"LineString","coordinates":[[-177.3286,28.2111],[173.4136,27.1719]]},"properties":{"mission_id":121774,"date":"1942-06-03","theater":"PTO","aircraft":"B-17 Flying Fortress","takeoff_base":"MIDWAY","target_location":"NAVY","target_country":"JAPAN","total_tons":3.6}},{"type":"Feature","geometry":{"type":"LineString","coordinates":[[-177.3286,28.2111],[173.4136,27.1719]]},"properties":{"mission_id":121775,"date":"1942-06-03","theater":"PTO","aircraft":"B-17 Flying Fortress","takeoff_base":"MIDWAY","target_location":"NAVY","target_country":"JAPAN","total_tons":3.6}},{"type":"Feature","geometry":{"type":"LineString","coordinates":[[-177.3286,28.2111],[173.4136,27.1719]]},"properties":{"mission_id":121777,"date":"1942-06-03","theater":"PTO","aircraft":"B-17 Flying Fortress","takeoff_base":"MIDWAY","target_location":"NAVY","target_country":"JAPAN","total_tons":1.2}},{"type":"Feature","geometry":{"type":"LineString","coordinates":[[-177.3286,28.2111],[173.4136,27.1719]]},"properties":{"mission_id":121779,"date":"1942-06-03","theater":"PTO","aircraft":"B-17 Flying Fortress","takeoff_base":"MIDWAY","target_location":"NAVY","target_country":"JAPAN","total_tons":1.25}},{"type":"Feature","geometry":{"type":"LineString","coordinates":[[35.1833,32.6666],[23.95,32.04]]},"properties":{"mission_id":127329,"date":"1942-08-14","theater":"MTO","aircraft":"B-24 Liberator","takeoff_base":"RAMAT DAVID","target_location":"TOBRUK","target_country":"LIBYA","total_tons":15.0}},{"type":"Feature","geometry":{"type":"LineString","coordinates":[[34.8167,31.8333],[22.5,34.87]]},"properties":{"mission_id":127330,"date":"1942-08-15","theater":"EAST AFRICA","aircraft":"B-24 Liberator","takeoff_base":"AQIR","target_location":"SHIP  AT SEA","target_country":null,"total_tons":3.0}},{"type":"Feature","geometry":{"type":"LineString","coordinates":[[35.1833,32.6666],[19.5,35.0]]},"properties":{"mission_id":127350,"date":"1942-08-15","theater":"MTO","aircraft":"B-24 Liberator","takeoff_base":"RAMAT DAVID","target_location":"CONVOY - STRIKES","target_country":"ITALY","total_tons":16.5}},{"type":"Feature","geometry":{"type":"LineString","coordinates":[[-177.3286,28.2111],[-178.714,29.9275]]},"properties":{"mission_id":122111,"date":"1942-06-04","theater":"PTO","aircraft":"B-17 Flying Fortress","takeoff_base":"MIDWAY","target_location":"NAVY","target_country":"JAPAN","total_tons":4.8}},{"type":"Feature","geometry":{"type":"LineString","coordinates":[[-157.9483,21.3339],[-178.6529,30.3437]]},"properties":{"mission_id":122113,"date":"1942-06-04","theater":"PTO","aircraft":"B-17 Flying Fortress","takeoff_base":"OAHU","target_location":"NAVY","target_country":"JAPAN","total_tons":1.25}},{"type":"Feature","geometry":{"type":"LineString","coordinates":[[-177.3286,28.2111],[-178.6265,30.5998]]},"properties":{"mission_id":122117,"date":"1942-06-04","theater":"PTO","aircraft":"B-17 Flying Fortress","takeoff_base":"MIDWAY","target_location":"NAVY","target_country":"JAPAN","total_tons":4.0}},{"type":"Feature","geometry":{"type":"LineString","coordinates":[[-177.3286,28.2111],[177.9976,32.8197]]},"properties":{"mission_id":122137,"date":"1942-06-05","theater":"PTO","aircraft":"B-17 Flying Fortress","takeoff_base":"MIDWAY","target_location":"NAVY","target_country":"JAPAN","total_tons":4.5}},{"type":"Feature","geometry":{"type":"LineString","coordinates":[[-177.3286,28.2111],[177.9976,32.8197]]},"properties":{"mission_id":122138,"date":"1942-06-05","theater":"PTO","aircraft":"B-17 Flying Fortress","takeoff_base":"MIDWAY","target_location":"NAVY","target_country":"JAPAN","total_tons":1.2}},{"type":"Feature","geometry":{"type":"LineString","coordinates":[[35.1833,32.6666],[22.5,34.0]]},"properties":{"mission_id":127727,"date":"1942-08-21","theater":"MTO","aircraft":"B-24 Liberator","takeoff_base":"RAMAT DAVID","target_location":"CONVOY - STRIKES","target_country":"ITALY","total_tons":25.0}},{"type":"Feature","geometry":{"type":"LineString","coordinates":[[35.1833,32.6666],[23.95,32.04]]},"properties":{"mission_id":127739,"date":"1942-08-23","theater":"MTO","aircraft":"B-24 Liberator","takeoff_base":"RAMAT DAVID","target_location":"TOBRUK","target_country":"LIBYA","total_tons":17.5}},{"type":"Feature","geometry":{"type":"LineString","coordinates":[[35.1833,32.6666],[22.96,37.95]]},"properties":{"mission_id":127770,"date":"1942-08-25","theater":"MTO","aircraft":"B-24 Liberator","takeoff_base":"RAMAT DAVID","target_location":"CORINTH CANAL","target_country":"GREECE","total_tons":7.5}},{"type":"Feature","geometry":{"type":"LineString","coordinates":[[95.2694,27.5378],[97.3517,25.3836]]},"properties":{"mission_id":127771,"date":"1942-08-25","theater":"CBI","aircraft":"B-25 Mitchell","takeoff_base":"DINJAN","target_location":"MYITKYINA","target_country":"BURMA","total_tons":0.0}},{"type":"Feature","geometry":{"type":"LineString","coordinates":[[102.7433,24.9922],[95.6789,22.9016]]},"properties":{"mission_id":127775,"date":"1942-12-27","theater":"CBI","aircraft":"B-25 Mitchell","takeoff_base":"KUNMING","target_location":"LASHIO","target_country":"BURMA","total_tons":2.06}},{"type":"Feature","geometry":{"type":"LineString","coordinates":[[102.7433,24.9922],[95.6789,22.9016]]},"properties":{"mission_id":127778,"date":"1942-08-26","theater":"CBI","aircraft":"B-25 Mitchell","takeoff_base":"KUNMING","target_location":"LASHIO","target_country":"BURMA","total_tons":0.85}},{"type":"Feature","geometry":{"type":"LineString","coordinates":[[14.1763,41.1155],[12.05,42.53]]},"properties":{"mission_id":127869,"date":"1944-06-07","theater":"MTO","aircraft":"North American A-36 Apache (Invader)","takeoff_base":"MARCIANISE AIRFIELD","target_location":"MONTE FIASCONE","target_country":"ITALY","total_tons":10.5}},{"type":"Feature","geometry":{"type":"LineString","coordinates":[[14.1763,41.1155],[10.33,46.0]]},"properties":{"mission_id":127882,"date":"1944-06-07","theater":"MTO","aircraft":"North American A-36 Apache (Invader)","takeoff_base":"MARCIANISE AIRFIELD","target_location":"46 00 N 010 20 E","target_country":"ITALY","total_tons":2.0}},{"type":"Feature","geometry":{"type":"LineString","coordinates":[[102.7433,24.9922],[104.6667,22.75]]},"properties":{"mission_id":128127,"date":"1942-08-09","theater":"CBI","aircraft":"B-25 Mitchell","takeoff_base":"KUNMING","target_location":"HOANG SU PHI","target_country":"FRENCH INDO CHINA","total_tons":4.27}},{"type":"Feature","geometry":{"type":"LineString","coordinates":[[102.7433,24.9922],[105.8454,21.1951]]},"properties":{"mission_id":128128,"date":"1942-07-03","theater":"CBI","aircraft":"B-25 Mitchell","takeoff_base":"KUNMING","target_location":"\"PHU LO DISTRICT, HANOI\"","target_country":"FRENCH INDO CHINA","total_tons":4.27}},{"type":"Feature","geometry":{"type":"LineString","coordinates":[[35.1833,32.6666],[23.95,32.04]]},"properties":{"mission_id":128165,"date":"1942-08-28","theater":"MTO","aircraft":"B-24 Liberator","takeoff_base":"RAMAT DAVID","target_location":"TOBRUK","target_country":"LIBYA","total_tons":25.0}},{"type":"Feature","geometry":{"type":"LineString","coordinates":[[102.7433,24.9922],[95.6789,22.9016]]},"properties":{"mission_id":128168,"date":"1942-08-29","theater":"CBI","aircraft":"B-25 Mitchell","takeoff_base":"KUNMING","target_location":"LASHIO","target_country":"BURMA","total_tons":6.33}},{"type":"Feature","geometry":{"type":"LineString","coordinates":[[35.1833,32.6666],[23.95,32.04]]},"properties":{"mission_id":128177,"date":"1942-08-29","theater":"MTO","aircraft":"B-24 Liberator","takeoff_base":"RAMAT DAVID","target_location":"TOBRUK","target_country":"LIBYA","total_tons":0.0}},{"type":"Feature","geometry":{"type":"LineString","coordinates":[[102.7433,24.9922],[97.3517,25.3836]]},"properties":{"mission_id":128182,"date":"1942-08-31","theater":"CBI","aircraft":"B-25 Mitchell","takeoff_base":"KUNMING","target_location":"MYITKYINA","target_country":"BURMA","total_tons":7.47}},{"type":"Feature","geometry":{"type":"LineString","coordinates":[[95.2694,27.5378],[97.3517,25.3836]]},"properties":{"mission_id":128187,"date":"1943-01-16","theater":"CBI","aircraft":"B-25 Mitchell","takeoff_base":"DINJAN","target_location":"MYITKYINA","target_country":"BURMA","total_tons":7.0}},{"type":"Feature","geometry":{"type":"LineString","coordinates":[[35.1833,32.6666],[23.95,32.04]]},"properties":{"mission_id":128198,"date":"1942-08-31","theater":"MTO","aircraft":"B-24 Liberator","takeoff_base":"RAMAT DAVID","target_location":"TOBRUK","target_country":"LIBYA","total_tons":10.5}},{"type":"Feature","geometry":{"type":"LineString","coordinates":[[35.1833,32.6666],[23.95,32.04]]},"properties":{"mission_id":128437,"date":"1942-09-01","theater":"MTO","aircraft":"B-24 Liberator","takeoff_base":"RAMAT DAVID","target_location":"TOBRUK","target_country":"LIBYA","total_tons":5.0}},{"type":"Feature","geometry":{"type":"LineString","coordinates":[[95.2694,27.5378],[97.2333,24.25]]},"properties":{"mission_id":128472,"date":"1942-09-03","theater":"CBI","aircraft":"B-25 Mitchell","takeoff_base":"DINJAN","target_location":"BHAMO","target_country":"BURMA","total_tons":0.6}},{"type":"Feature","geometry":{"type":"LineString","coordinates":[[95.2694,27.5378],[96.35,24.1833]]},"properties":{"mission_id":128473,"date":"1942-09-03","theater":"CBI","aircraft":"B-25 Mitchell","takeoff_base":"DINJAN","target_location":"KATHA","target_country":"BURMA","total_tons":0.6}},{"type":"Feature","geometry":{"type":"LineString","coordinates":[[102.7433,24.9922],[105.886,21.041]]},"properties":{"mission_id":128475,"date":"1942-11-22","theater":"CBI","aircraft":"B-25 Mitchell","takeoff_base":"KUNMING","target_location":"HANOI","target_country":"FRENCH INDO CHINA","total_tons":0.52}},{"type":"Feature","geometry":{"type":"LineString","coordinates":[[35.1833,32.6666],[25.72,35.19]]},"properties":{"mission_id":128818,"date":"1942-09-05","theater":"MTO","aircraft":"B-24 Liberator","takeoff_base":"RAMAT DAVID","target_location":"CANDIA BAY","target_country":"CRETE","total_tons":22.5}},{"type":"Feature","geometry":{"type":"LineString","coordinates":[[95.2694,27.5378],[96.9407,25.3085]]},"properties":{"mission_id":128867,"date":"1942-09-07","theater":"CBI","aircraft":"B-25 Mitchell","takeoff_base":"DINJAN","target_location":"MOGAUNG","target_country":"BURMA","total_tons":3.0}},{"type":"Feature","geometry":{"type":"LineString","coordinates":[[35.1833,32.6666],[23.95,32.04]]},"properties":{"mission_id":128881,"date":"1942-09-07","theater":"MTO","aircraft":"B-24 Liberator","takeoff_base":"RAMAT DAVID","target_location":"TOBRUK","target_country":"LIBYA","total_tons":20.0}},{"type":"Feature","geometry":{"type":"LineString","coordinates":[[34.8828,32.0094],[23.95,32.04]]},"properties":{"mission_id":124545,"date":"1942-07-15","theater":"MTO","aircraft":"B-17 Flying Fortress","takeoff_base":"LYDDA","target_location":"TOBRUK","target_country":"LIBYA","total_tons":8.0}},{"type":"Feature","geometry":{"type":"LineString","coordinates":[[34.8828,32.0094],[20.05,32.11]]},"properties":{"mission_id":124546,"date":"1942-07-15","theater":"MTO","aircraft":"B-24 Liberator","takeoff_base":"LYDDA","target_location":"BENGHAZI","target_country":"LIBYA","total_tons":13.5}},{"type":"Feature","geometry":{"type":"LineString","coordinates":[[34.8828,32.0094],[25.09,31.75]]},"properties":{"mission_id":124564,"date":"1942-07-17","theater":"MTO","aircraft":"B-17 Flying Fortress","takeoff_base":"LYDDA","target_location":"BARDIA DOCKS","target_country":"LIBYA","total_tons":6.0}},{"type":"Feature","geometry":{"type":"LineString","coordinates":[[34.8828,32.0094],[23.07,32.27]]},"properties":{"mission_id":124565,"date":"1942-07-17","theater":"MTO","aircraft":"B-24 Liberator","takeoff_base":"LYDDA","target_location":"BOMBA DOCKS/AIRFIELD","target_country":"LIBYA","total_tons":9.0}},{"type":"Feature","geometry":{"type":"LineString","coordinates":[[34.8828,32.0094],[23.95,32.04]]},"properties":{"mission_id":124580,"date":"1942-07-19","theater":"MTO","aircraft":"B-24 Liberator","takeoff_base":"LYDDA","target_location":"TOBRUK","target_country":"LIBYA","total_tons":14.0}},{"type":"Feature","geometry":{"type":"LineString","coordinates":[[95.2694,27.5378],[96.9407,25.3085]]},"properties":{"mission_id":129225,"date":"1942-09-10","theater":"CBI","aircraft":"B-25 Mitchell","takeoff_base":"DINJAN","target_location":"MOGAUNG","target_country":"BURMA","total_tons":1.0}},{"type":"Feature","geometry":{"type":"LineString","coordinates":[[35.1833,32.6666],[24.07,35.49]]},"properties":{"mission_id":129248,"date":"1942-09-10","theater":"MTO","aircraft":"B-24 Liberator","takeoff_base":"RAMAT DAVID","target_location":"SUDA BAY","target_country":"CRETE","total_tons":10.0}},{"type":"Feature","geometry":{"type":"LineString","coordinates":[[95.2694,27.5378],[96.35,24.311]]},"properties":{"mission_id":129252,"date":"1942-09-11","theater":"CBI","aircraft":"B-25 Mitchell","takeoff_base":"DINJAN","target_location":"10 MI N OF KATHA","target_country":"BURMA","total_tons":1.0}},{"type":"Feature","geometry":{"type":"LineString","coordinates":[[95.2694,27.5378],[97.3517,25.3836]]},"properties":{"mission_id":129258,"date":"1942-09-12","theater":"CBI","aircraft":"B-25 Mitchell","takeoff_base":"DINJAN","target_location":"MYITKYINA","target_country":"BURMA","total_tons":1.1}},{"type":"Feature","geometry":{"type":"LineString","coordinates":[[35.1833,32.6666],[23.95,32.04]]},"properties":{"mission_id":129287,"date":"1942-09-13","theater":"MTO","aircraft":"B-24 Liberator","takeoff_base":"RAMAT DAVID","target_location":"TOBRUK","target_country":"LIBYA","total_tons":17.5}},{"type":"Feature","geometry":{"type":"LineString","coordinates":[[34.8828,32.0094],[23.95,32.04]]},"properties":{"mission_id":124902,"date":"1942-07-20","theater":"MTO","aircraft":"B-17 Flying Fortress","takeoff_base":"LYDDA","target_location":"TOBRUK","target_country":"LIBYA","total_tons":6.0}},{"type":"Feature","geometry":{"type":"LineString","coordinates":[[34.8828,32.0094],[24.07,35.49]]},"properties":{"mission_id":124912,"date":"1942-07-21","theater":"MTO","aircraft":"B-24 Liberator","takeoff_base":"LYDDA","target_location":"SUDA BAY","target_country":"CRETE","total_tons":20.25}},{"type":"Feature","geometry":{"type":"LineString","coordinates":[[34.8828,32.0094],[23.95,32.04]]},"properties":{"mission_id":124961,"date":"1942-07-22","theater":"MTO","aircraft":"B-17 Flying Fortress","takeoff_base":"LYDDA","target_location":"TOBRUK","target_country":"LIBYA","total_tons":6.0}},{"type":"Feature","geometry":{"type":"LineString","coordinates":[[34.8828,32.0094],[23.95,32.04]]},"properties":{"mission_id":124973,"date":"1942-07-23","theater":"MTO","aircraft":"B-17 Flying Fortress","takeoff_base":"LYDDA","target_location":"TOBRUK","target_country":"LIBYA","total_tons":6.0}},{"type":"Feature","geometry":{"type":"LineString","coordinates":[[34.8828,32.0094],[20.05,32.11]]},"properties":{"mission_id":124977,"date":"1942-07-23","theater":"MTO","aircraft":"B-24 Liberator","takeoff_base":"LYDDA","target_location":"BENGHAZI","target_country":"LIBYA","total_tons":18.0}},{"type":"Feature","geometry":{"type":"LineString","coordinates":[[14.1763,41.1155],[11.82,42.57]]},"properties":{"mission_id":129403,"date":"1944-06-08","theater":"MTO","aircraft":"North American A-36 Apache (Invader)","takeoff_base":"MARCIANISE AIRFIELD","target_location":"VALENTANO","target_country":"ITALY","total_tons":8.75}},{"type":"Feature","geometry":{"type":"LineString","coordinates":[[14.1763,41.1155],[11.67,42.63]]},"properties":{"mission_id":129412,"date":"1944-06-08","theater":"MTO","aircraft":"North American A-36 Apache (Invader)","takeoff_base":"MARCIANISE AIRFIELD","target_location":"PITIGLIANO","target_country":"ITALY","total_tons":3.5}},{"type":"Feature","geometry":{"type":"LineString","coordinates":[[14.5058,41.2532],[10.33,46.33]]},"properties":{"mission_id":129424,"date":"1944-06-08","theater":"MTO","aircraft":"North American A-36 Apache (Invader)","takeoff_base":"LA BANCA AIRFIELD","target_location":"46 20 N 010 20 E","target_country":"ITALY","total_tons":1.0}},{"type":"Feature","geometry":{"type":"LineString","coordinates":[[14.1763,41.1155],[11.23,44.38]]},"properties":{"mission_id":129425,"date":"1944-06-08","theater":"MTO","aircraft":"North American A-36 Apache (Invader)","takeoff_base":"MARCIANISE AIRFIELD","target_location":"S LORENZO","target_country":"ITALY","total_tons":1.0}},{"type":"Feature","geometry":{"type":"LineString","coordinates":[[35.1833,32.6666],[24.07,35.49]]},"properties":{"mission_id":129507,"date":"1942-09-14","theater":"MTO","aircraft":"B-24 Liberator","takeoff_base":"RAMAT DAVID","target_location":"SUDA BAY","target_country":"CRETE","total_tons":9.25}},{"type":"Feature","geometry":{"type":"LineString","coordinates":[[95.2694,27.5378],[94.3,23.2]]},"properties":{"mission_id":129516,"date":"1942-09-16","theater":"CBI","aircraft":"B-25 Mitchell","takeoff_base":"DINJAN","target_location":"KALEWA/ CHINDWIN VALLEY","target_country":"BURMA","total_tons":0.5}},{"type":"Feature","geometry":{"type":"LineString","coordinates":[[95.2694,27.5378],[96.9407,25.3085]]},"properties":{"mission_id":129519,"date":"1942-09-16","theater":"CBI","aircraft":"B-25 Mitchell","takeoff_base":"DINJAN","target_location":"MOGAUNG","target_country":"BURMA","total_tons":1.1}},{"type":"Feature","geometry":{"type":"LineString","coordinates":[[34.8167,31.8333],[27.2,31.33]]},"properties":{"mission_id":129521,"date":"1942-09-16","theater":"MTO","aircraft":"B-24 Liberator","takeoff_base":"AQIR","target_location":"MERSA MATRUH","target_country":"EGYPT","total_tons":3.0}},{"type":"Feature","geometry":{"type":"LineString","coordinates":[[35.1833,32.6666],[20.05,32.11]]},"properties":{"mission_id":129554,"date":"1942-09-16","theater":"MTO","aircraft":"B-24 Liberator","takeoff_base":"RAMAT DAVID","target_location":"BENGHAZI","target_country":"LIBYA","total_tons":9.0}},{"type":"Feature","geometry":{"type":"LineString","coordinates":[[34.8828,32.0094],[20.05,32.11]]},"properties":{"mission_id":129555,"date":"1942-09-16","theater":"MTO","aircraft":"B-24 Liberator","takeoff_base":"LYDDA","target_location":"BENGHAZI","target_country":"LIBYA","total_tons":0.0}},{"type":"Feature","geometry":{"type":"LineString","coordinates":[[95.2694,27.5378],[96.347,24.1713]]},"properties":{"mission_id":129560,"date":"1942-09-17","theater":"CBI","aircraft":"B-25 Mitchell","takeoff_base":"DINJAN","target_location":"N KATHA","target_country":"BURMA","total_tons":0.2}},{"type":"Feature","geometry":{"type":"LineString","coordinates":[[95.2694,27.5378],[97.2333,24.25]]},"properties":{"mission_id":129561,"date":"1942-09-17","theater":"CBI","aircraft":"B-25 Mitchell","takeoff_base":"DINJAN","target_location":"SW BHAMO","target_country":"BURMA","total_tons":1.0}},{"type":"Feature","geometry":{"type":"LineString","coordinates":[[95.2694,27.5378],[96.347,24.1833]]},"properties":{"mission_id":129562,"date":"1942-09-17","theater":"CBI","aircraft":"B-25 Mitchell","takeoff_base":"DINJAN","target_location":"KATHA","target_country":"BURMA","total_tons":0.1}},{"type":"Feature","geometry":{"type":"LineString","coordinates":[[95.2694,27.5378],[96.347,24.1713]]},"properties":{"mission_id":129563,"date":"1942-09-17","theater":"CBI","aircraft":"B-25 Mitchell","takeoff_base":"DINJAN","target_location":"NAMKHAN/KATHA","target_country":"BURMA","total_tons":200.0}},{"type":"Feature","geometry":{"type":"LineString","coordinates":[[95.2694,27.5378],[97.3517,25.3836]]},"properties":{"mission_id":129567,"date":"1942-09-19","theater":"CBI","aircraft":"B-25 Mitchell","takeoff_base":"DINJAN","target_location":"MYITKYINA","target_country":"BURMA","total_tons":0.7}},{"type":"Feature","geometry":{"type":"LineString","coordinates":[[95.2694,27.5378],[97.3517,25.3836]]},"properties":{"mission_id":129570,"date":"1942-09-19","theater":"CBI","aircraft":"B-25 Mitchell","takeoff_base":"DINJAN","target_location":"MYITKYINA","target_country":"BURMA","total_tons":1.0}},{"type":"Feature","geometry":{"type":"LineString","coordinates":[[35.1833,32.6666],[21.68,36.9]]},"properties":{"mission_id":129591,"date":"1942-09-19","theater":"MTO","aircraft":"B-24 Liberator","takeoff_base":"RAMAT DAVID","target_location":"NAVARINO BAY","target_country":"GREECE","total_tons":35.0}},{"type":"Feature","geometry":{"type":"LineString","coordinates":[[102.7433,24.9922],[98.6833,24.5833]]},"properties":{"mission_id":129592,"date":"1942-10-19","theater":"CBI","aircraft":"B-25 Mitchell","takeoff_base":"KUNMING","target_location":"LUNGLING","target_country":"CHINA","total_tons":0.0}},{"type":"Feature","geometry":{"type":"LineString","coordinates":[[34.8828,32.0094],[23.95,32.04]]},"properties":{"mission_id":125325,"date":"1942-07-25","theater":"MTO","aircraft":"B-24 Liberator","takeoff_base":"LYDDA","target_location":"TOBRUK","target_country":"LIBYA","total_tons":13.5}},{"type":"Feature","geometry":{"type":"LineString","coordinates":[[34.8828,32.0094],[23.95,32.04]]},"properties":{"mission_id":125327,"date":"1942-07-25","theater":"MTO","aircraft":"B-17 Flying Fortress","takeoff_base":"LYDDA","target_location":"TOBRUK","target_country":"LIBYA","total_tons":6.0}},{"type":"Feature","geometry":{"type":"LineString","coordinates":[[35.1833,32.6666],[20.05,32.11]]},"properties":{"mission_id":129915,"date":"1942-09-22","theater":"MTO","aircraft":"B-24 Liberator","takeoff_base":"RAMAT DAVID","target_location":"BENGHAZI","target_country":"LIBYA","total_tons":22.5}},{"type":"Feature","geometry":{"type":"LineString","coordinates":[[102.7433,24.9922],[105.886,21.041]]},"properties":{"mission_id":129947,"date":"1942-09-03","theater":"CBI","aircraft":"B-25 Mitchell","takeoff_base":"KUNMING","target_location":"HANOI","target_country":"FRENCH INDO CHINA","total_tons":4.27}},{"type":"Feature","geometry":{"type":"LineString","coordinates":[[35.1833,32.6666],[23.95,32.04]]},"properties":{"mission_id":129953,"date":"1942-09-25","theater":"MTO","aircraft":"B-24 Liberator","takeoff_base":"RAMAT DAVID","target_location":"TOBRUK","target_country":"LIBYA","total_tons":0.0}},{"type":"Feature","geometry":{"type":"LineString","coordinates":[[102.7433,24.9922],[101.5,24.5]]},"properties":{"mission_id":129955,"date":"1942-07-08","theater":"CBI","aircraft":"B-25 Mitchell","takeoff_base":"KUNMING","target_location":"TENGCHUNG (YUNNAN)","target_country":"CHINA","total_tons":4.27}},{"type":"Feature","geometry":{"type":"LineString","coordinates":[[102.7433,24.9922],[98.5886,24.4337]]},"properties":{"mission_id":129964,"date":"1942-12-17","theater":"CBI","aircraft":"B-25 Mitchell","takeoff_base":"KUNMING","target_location":"MANGSHIH","target_country":"CHINA","total_tons":4.27}},{"type":"Feature","geometry":{"type":"LineString","coordinates":[[95.2694,27.5378],[97.3517,25.3836]]},"properties":{"mission_id":129966,"date":"1942-09-27","theater":"CBI","aircraft":"B-25 Mitchell","takeoff_base":"DINJAN","target_location":"MYITKYINA","target_country":"BURMA","total_tons":0.6}},{"type":"Feature","geometry":{"type":"LineString","coordinates":[[100.7347,25.4456],[101.5,24.5]]},"properties":{"mission_id":129968,"date":"1942-09-28","theater":"CBI","aircraft":"B-25 Mitchell","takeoff_base":"YUNNANYI","target_location":"TENGCHUNG (YUNNAN)","target_country":"CHINA","total_tons":1.07}},{"type":"Feature","geometry":{"type":"LineString","coordinates":[[95.2694,27.5378],[96.347,24.1833]]},"properties":{"mission_id":129969,"date":"1942-09-27","theater":"CBI","aircraft":"B-25 Mitchell","takeoff_base":"DINJAN","target_location":"KATHA","target_country":"BURMA","total_tons":0.4}},{"type":"Feature","geometry":{"type":"LineString","coordinates":[[34.8828,32.0094],[20.05,32.11]]},"properties":{"mission_id":129973,"date":"1942-09-27","theater":"MTO","aircraft":"B-24 Liberator","takeoff_base":"LYDDA","target_location":"BENGHAZI","target_country":"LIBYA","total_tons":0.0}},{"type":"Feature","geometry":{"type":"LineString","coordinates":[[112.6278,26.9053],[121.3667,28.3667]]},"properties":{"mission_id":129975,"date":"1942-12-23","theater":"CBI","aircraft":"B-25 Mitchell","takeoff_base":"HENYANG","target_location":"WANLING","target_country":"CHINA","total_tons":3.2}},{"type":"Feature","geometry":{"type":"LineString","coordinates":[[102.7433,24.9922],[101.5,24.5]]},"properties":{"mission_id":129976,"date":"1942-09-26","theater":"CBI","aircraft":"B-25 Mitchell","takeoff_base":"KUNMING","target_location":"TENGCHUNG (YUNNAN)","target_country":"CHINA","total_tons":3.2}},{"type":"Feature","geometry":{"type":"LineString","coordinates":[[95.2694,27.5378],[97.3517,25.3836]]},"properties":{"mission_id":129977,"date":"1942-09-28","theater":"CBI","aircraft":"B-25 Mitchell","takeoff_base":"DINJAN","target_location":"MYITKYINA","target_country":"BURMA","total_tons":0.4}},{"type":"Feature","geometry":{"type":"LineString","coordinates":[[95.2694,27.5378],[97.3517,25.3836]]},"properties":{"mission_id":129979,"date":"1942-09-28","theater":"CBI","aircraft":"B-25 Mitchell","takeoff_base":"DINJAN","target_location":"MYITKYINA","target_country":"BURMA","total_tons":0.5}},{"type":"Feature","geometry":{"type":"LineString","coordinates":[[35.1833,32.6666],[25.72,35.19]]},"properties":{"mission_id":129989,"date":"1942-09-29","theater":"MTO","aircraft":"B-24 Liberator","takeoff_base":"RAMAT DAVID","target_location":"CRETE","target_country":"CRETE","total_tons":20.0}},{"type":"Feature","geometry":{"type":"LineString","coordinates":[[112.6278,26.9053],[121.3667,28.3667]]},"properties":{"mission_id":129998,"date":"1942-10-03","theater":"CBI","aircraft":"B-25 Mitchell","takeoff_base":"HENYANG","target_location":"WANLING (WANTLING?)","target_country":"CHINA","total_tons":2.64}},{"type":"Feature","geometry":{"type":"LineString","coordinates":[[95.2694,27.5378],[96.347,24.1833]]},"properties":{"mission_id":129999,"date":"1942-10-01","theater":"CBI","aircraft":"B-25 Mitchell","takeoff_base":"DINJAN","target_location":"KATHA","target_country":"BURMA","total_tons":0.5}},{"type":"Feature","geometry":{"type":"LineString","coordinates":[[34.8828,32.0094],[24.07,35.49]]},"properties":{"mission_id":125750,"date":"1942-07-28","theater":"MTO","aircraft":"B-24 Liberator","takeoff_base":"LYDDA","target_location":"CONVOY/SUDA BAY","target_country":"CRETE","total_tons":27.0}},{"type":"Feature","geometry":{"type":"LineString","coordinates":[[95.2694,27.5378],[95.6666,23.75]]},"properties":{"mission_id":125794,"date":"1942-07-29","theater":"CBI","aircraft":"B-25 Mitchell","takeoff_base":"DINJAN","target_location":null,"target_country":"BURMA","total_tons":1.5}},{"type":"Feature","geometry":{"type":"LineString","coordinates":[[95.2694,27.5378],[95.8333,24.0]]},"properties":{"mission_id":125796,"date":"1942-07-29","theater":"CBI","aircraft":"B-25 Mitchell","takeoff_base":"DINJAN","target_location":null,"target_country":"BURMA","total_tons":1.0}},{"type":"Feature","geometry":{"type":"LineString","coordinates":[[14.1763,41.1155],[11.23,44.38]]},"properties":{"mission_id":130284,"date":"1944-06-09","theater":"MTO","aircraft":"North American A-36 Apache (Invader)","takeoff_base":"MARCIANISE AIRFIELD","target_location":"S LORENZO","target_country":"ITALY","total_tons":7.75}},{"type":"Feature","geometry":{"type":"LineString","coordinates":[[14.5058,41.2532],[16.25,39.27]]},"properties":{"mission_id":130294,"date":"1944-06-09","theater":"MTO","aircraft":"North American A-36 Apache (Invader)","takeoff_base":"LA BANCA AIRFIELD","target_location":"COSENZA","target_country":"ITALY","total_tons":3.75}},{"type":"Feature","geometry":{"type":"LineString","coordinates":[[35.1833,32.6666],[21.68,36.9]]},"properties":{"mission_id":130317,"date":"1942-10-01","theater":"MTO","aircraft":"B-24 Liberator","takeoff_base":"RAMAT DAVID","target_location":"NAVARINO BAY","target_country":"GREECE","total_tons":20.0}},{"type":"Feature","geometry":{"type":"LineString","coordinates":[[112.6278,26.9053],[121.3667,28.3667]]},"properties":{"mission_id":130319,"date":"1942-09-28","theater":"CBI","aircraft":"B-25 Mitchell","takeoff_base":"HENYANG","target_location":"WANLING (WANTLING?)","target_country":"CHINA","total_tons":1.54}},{"type":"Feature","geometry":{"type":"LineString","coordinates":[[95.2694,27.5378],[96.9407,25.3085]]},"properties":{"mission_id":130321,"date":"1942-10-02","theater":"CBI","aircraft":"B-25 Mitchell","takeoff_base":"DINJAN","target_location":"MOGAUNG","target_country":"BURMA","total_tons":0.5}},{"type":"Feature","geometry":{"type":"LineString","coordinates":[[34.8828,32.0094],[22.5,34.0]]},"properties":{"mission_id":130343,"date":"1942-10-02","theater":"MTO","aircraft":"B-24 Liberator","takeoff_base":"LYDDA","target_location":"CONVOY - SCRUBBED FOR WEATHER","target_country":"ITALY","total_tons":0.0}},{"type":"Feature","geometry":{"type":"LineString","coordinates":[[112.6278,26.9053],[121.3667,28.3667]]},"properties":{"mission_id":130350,"date":"1942-10-02","theater":"CBI","aircraft":"B-25 Mitchell","takeoff_base":"HENYANG","target_location":"WANLING (WANTLING?)","target_country":"CHINA","total_tons":1.5}},{"type":"Feature","geometry":{"type":"LineString","coordinates":[[95.2694,27.5378],[97.2333,24.5833]]},"properties":{"mission_id":130351,"date":"1942-10-03","theater":"CBI","aircraft":"B-25 Mitchell","takeoff_base":"DINJAN","target_location":"TINGKA (TINGKAW)","target_country":"BURMA","total_tons":0.5}},{"type":"Feature","geometry":{"type":"LineString","coordinates":[[35.1833,32.6666],[21.68,36.9]]},"properties":{"mission_id":130352,"date":"1942-10-03","theater":"MTO","aircraft":"B-24 Liberator","takeoff_base":"RAMAT DAVID","target_location":"NAVARINO BAY","target_country":"GREECE","total_tons":40.0}},{"type":"Feature","geometry":{"type":"LineString","coordinates":[[34.8828,32.0094],[23.95,32.04]]},"properties":{"mission_id":126133,"date":"1942-07-30","theater":"MTO","aircraft":"B-17 Flying Fortress","takeoff_base":"LYDDA","target_location":"TOBRUK","target_country":"LIBYA","total_tons":8.0}},{"type":"Feature","geometry":{"type":"LineString","coordinates":[[34.8828,32.0094],[21.68,36.9]]},"properties":{"mission_id":126148,"date":"1942-07-31","theater":"MTO","aircraft":"B-24 Liberator","takeoff_base":"LYDDA","target_location":"NAVARINO BAY","target_country":"GREECE","total_tons":17.5}},{"type":"Feature","geometry":{"type":"LineString","coordinates":[[14.4792,35.8596],[21.68,36.9]]},"properties":{"mission_id":126194,"date":"1942-08-01","theater":"MTO","aircraft":"B-24 Liberator","takeoff_base":"MALTA","target_location":"NAVARINO BAY","target_country":"GREECE","total_tons":2.0}},{"type":"Feature","geometry":{"type":"LineString","coordinates":[[95.2694,27.5378],[95.6789,23.9016]]},"properties":{"mission_id":126504,"date":"1942-08-02","theater":"CBI","aircraft":"B-25 Mitchell","takeoff_base":"DINJAN","target_location":"SOUTH OF WUNTHO","target_country":"BURMA","total_tons":500.0}},{"type":"Feature","geometry":{"type":"LineString","coordinates":[[34.8828,32.0094],[22.5,33.83]]},"properties":{"mission_id":126505,"date":"1942-08-02","theater":"MTO","aircraft":"B-24 Liberator","takeoff_base":"LYDDA","target_location":"CONVOY (BETWEEN GREECE AND BENGHAZI)","target_country":"GREECE","total_tons":22.5}},{"type":"Feature","geometry":{"type":"LineString","coordinates":[[34.8828,32.0094],[22.5,33.83]]},"properties":{"mission_id":126506,"date":"1942-08-02","theater":"MTO","aircraft":"B-24 Liberator","takeoff_base":"LYDDA","target_location":"CONVOY (BETWEEN GREECE AND BENGHAZI)","target_country":"GREECE","total_tons":4.0}},{"type":"Feature","geometry":{"type":"LineString","coordinates":[[32.3,30.3167],[23.95,32.04]]},"properties":{"mission_id":126523,"date":"1942-08-04","theater":"MTO","aircraft":"B-24 Liberator","takeoff_base":"FAYID","target_location":"TOBRUK","target_country":"LIBYA","total_tons":1.5}},{"type":"Feature","geometry":{"type":"LineString","coordinates":[[32.3,30.3167],[23.95,32.04]]},"properties":{"mission_id":126524,"date":"1942-08-04","theater":"MTO","aircraft":"B-24 Liberator","takeoff_base":"FAYID","target_location":"TOBRUK","target_country":"LIBYA","total_tons":2.0}},{"type":"Feature","geometry":{"type":"LineString","coordinates":[[34.8828,32.0094],[0.03,34.0]]},"properties":{"mission_id":126550,"date":"1942-08-05","theater":"MTO","aircraft":"B-24 Liberator","takeoff_base":"LYDDA","target_location":"CONVOY (BETWEEN GREECE AND BENGHAZI)","target_country":"GREECE","total_tons":24.0}},{"type":"Feature","geometry":{"type":"LineString","coordinates":[[95.2694,27.5378],[96.9407,25.3085]]},"properties":{"mission_id":126567,"date":"1942-08-06","theater":"CBI","aircraft":"B-25 Mitchell","takeoff_base":"DINJAN","target_location":"MAGUANG","target_country":"BURMA","total_tons":3.0}},{"type":"Feature","geometry":{"type":"LineString","coordinates":[[34.8828,32.0094],[23.95,32.04]]},"properties":{"mission_id":126568,"date":"1942-08-06","theater":"MTO","aircraft":"B-24 Liberator","takeoff_base":"LYDDA","target_location":"TOBRUK","target_country":"LIBYA","total_tons":17.5}},{"type":"Feature","geometry":{"type":"LineString","coordinates":[[35.1,32.95],[23.95,32.04]]},"properties":{"mission_id":126577,"date":"1942-08-06","theater":"MTO","aircraft":"B-24 Liberator","takeoff_base":"ST JEAN","target_location":"TOBRUK","target_country":"LIBYA","total_tons":18.0}},{"type":"Feature","geometry":{"type":"LineString","coordinates":[[95.2694,27.5378],[96.3667,24.7833]]},"properties":{"mission_id":130702,"date":"1942-10-07","theater":"CBI","aircraft":"B-25 Mitchell","takeoff_base":"DINJAN","target_location":"MOHNYIN","target_country":"BURMA","total_tons":0.6}},{"type":"Feature","geometry":{"type":"LineString","coordinates":[[95.2694,27.5378],[96.45,24.8667]]},"properties":{"mission_id":130703,"date":"1942-10-07","theater":"CBI","aircraft":"B-25 Mitchell","takeoff_base":"DINJAN","target_location":"NAMMA","target_country":"BURMA","total_tons":0.15}},{"type":"Feature","geometry":{"type":"LineString","coordinates":[[95.2694,27.5378],[96.9407,25.3085]]},"properties":{"mission_id":130704,"date":"1942-10-07","theater":"CBI","aircraft":"B-25 Mitchell","takeoff_base":"DINJAN","target_location":"MOGAUNG","target_country":"BURMA","total_tons":0.15}},{"type":"Feature","geometry":{"type":"LineString","coordinates":[[35.1833,32.6666],[20.05,32.11]]},"properties":{"mission_id":130705,"date":"1942-10-07","theater":"MTO","aircraft":"B-24 Liberator","takeoff_base":"RAMAT DAVID","target_location":"BENGHAZI","target_country":"LIBYA","total_tons":0.0}},{"type":"Feature","geometry":{"type":"LineString","coordinates":[[35.1833,32.6666],[24.07,35.49]]},"properties":{"mission_id":130706,"date":"1942-10-07","theater":"MTO","aircraft":"B-24 Liberator","takeoff_base":"RAMAT DAVID","target_location":"SUDA BAY","target_country":"CRETE","total_tons":17.5}},{"type":"Feature","geometry":{"type":"LineString","coordinates":[[35.1833,32.6666],[20.05,32.11]]},"properties":{"mission_id":130739,"date":"1942-10-09","theater":"MTO","aircraft":"B-24 Liberator","takeoff_base":"RAMAT DAVID","target_location":"BENGHAZI","target_country":"LIBYA","total_tons":20.0}},{"type":"Feature","geometry":{"type":"LineString","coordinates":[[112.6278,26.9053],[121.3667,28.3667]]},"properties":{"mission_id":130747,"date":"1942-10-01","theater":"CBI","aircraft":"B-25 Mitchell","takeoff_base":"HENYANG","target_location":"WANLING (WANTLING?)","target_country":"CHINA","total_tons":0.88}},{"type":"Feature","geometry":{"type":"LineString","coordinates":[[35.1833,32.6666],[20.05,32.11]]},"properties":{"mission_id":130749,"date":"1942-10-10","theater":"MTO","aircraft":"B-24 Liberator","takeoff_base":"RAMAT DAVID","target_location":"BENGHAZI","target_country":"LIBYA","total_tons":18.0}},{"type":"Feature","geometry":{"type":"LineString","coordinates":[[35.1833,32.6666],[20.05,32.11]]},"properties":{"mission_id":130762,"date":"1942-10-11","theater":"MTO","aircraft":"B-24 Liberator","takeoff_base":"RAMAT DAVID","target_location":"BENGHAZI","target_country":"LIBYA","total_tons":17.5}},{"type":"Feature","geometry":{"type":"LineString","coordinates":[[35.1,32.95],[23.95,32.04]]},"properties":{"mission_id":126926,"date":"1942-08-09","theater":"MTO","aircraft":"B-24 Liberator","takeoff_base":"ST JEAN","target_location":"TOBRUK","target_country":"LIBYA","total_tons":12.0}},{"type":"Feature","geometry":{"type":"LineString","coordinates":[[14.4792,35.8596],[21.68,36.9]]},"properties":{"mission_id":126974,"date":"1942-08-11","theater":"MTO","aircraft":"B-24 Liberator","takeoff_base":"MALTA","target_location":"NAVARINO BAY","target_country":"GREECE","total_tons":6.0}},{"type":"Feature","geometry":{"type":"LineString","coordinates":[[14.5058,41.2532],[16.25,39.27]]},"properties":{"mission_id":131048,"date":"1944-06-10","theater":"MTO","aircraft":"North American A-36 Apache (Invader)","takeoff_base":"LA BANCA AIRFIELD","target_location":"COSENZA","target_country":"ITALY","total_tons":8.5}},{"type":"Feature","geometry":{"type":"LineString","coordinates":[[14.1763,41.1155],[11.87,42.73]]},"properties":{"mission_id":131067,"date":"1944-06-10","theater":"MTO","aircraft":"North American A-36 Apache (Invader)","takeoff_base":"MARCIANISE AIRFIELD","target_location":"AQUAPENDENTE","target_country":"ITALY","total_tons":2.0}},{"type":"Feature","geometry":{"type":"LineString","coordinates":[[14.1763,41.1155],[11.53,42.87]]},"properties":{"mission_id":131068,"date":"1944-06-10","theater":"MTO","aircraft":"North American A-36 Apache (Invader)","takeoff_base":"MARCIANISE AIRFIELD","target_location":"ARCIDOSSO","target_country":"ITALY","total_tons":2.0}},{"type":"Feature","geometry":{"type":"LineString","coordinates":[[102.7433,24.9922],[95.6789,22.9016]]},"properties":{"mission_id":131104,"date":"1942-08-29","theater":"CBI","aircraft":"B-25 Mitchell","takeoff_base":"KUNMING","target_location":"LASHIO","target_country":"BURMA","total_tons":8.58}},{"type":"Feature","geometry":{"type":"LineString","coordinates":[[102.7433,24.9922],[95.6789,22.9016]]},"properties":{"mission_id":131105,"date":"1942-10-15","theater":"CBI","aircraft":"B-25 Mitchell","takeoff_base":"KUNMING","target_location":"LASHIO","target_country":"BURMA","total_tons":2.64}},{"type":"Feature","geometry":{"type":"LineString","coordinates":[[95.2694,27.5378],[95.6789,22.9016]]},"properties":{"mission_id":131127,"date":"1942-10-15","theater":"CBI","aircraft":"B-25 Mitchell","takeoff_base":"DINJAN","target_location":"LASHIO","target_country":"BURMA","total_tons":0.0}},{"type":"Feature","geometry":{"type":"LineString","coordinates":[[35.1833,32.6666],[20.05,32.11]]},"properties":{"mission_id":131135,"date":"1942-10-16","theater":"MTO","aircraft":"B-24 Liberator","takeoff_base":"RAMAT DAVID","target_location":"BENGHAZI","target_country":"LIBYA","total_tons":0.0}},{"type":"Feature","geometry":{"type":"LineString","coordinates":[[34.8828,32.0094],[23.95,32.04]]},"properties":{"mission_id":131136,"date":"1942-10-16","theater":"MTO","aircraft":"B-17 Flying Fortress","takeoff_base":"LYDDA","target_location":"TOBRUK","target_country":"LIBYA","total_tons":0.0}},{"type":"Feature","geometry":{"type":"LineString","coordinates":[[35.1833,32.6666],[20.05,32.11]]},"properties":{"mission_id":131161,"date":"1942-10-19","theater":"MTO","aircraft":"B-24 Liberator","takeoff_base":"RAMAT DAVID","target_location":"BENGHAZI","target_country":"LIBYA","total_tons":15.0}},{"type":"Feature","geometry":{"type":"LineString","coordinates":[[35.1833,32.6666],[23.95,32.04]]},"properties":{"mission_id":131162,"date":"1942-10-19","theater":"MTO","aircraft":"B-24 Liberator","takeoff_base":"RAMAT DAVID","target_location":"TOBRUK","target_country":"LIBYA","total_tons":0.0}},{"type":"Feature","geometry":{"type":"LineString","coordinates":[[102.7433,24.9922],[101.5,24.5]]},"properties":{"mission_id":131163,"date":"1942-09-27","theater":"CBI","aircraft":"B-25 Mitchell","takeoff_base":"KUNMING","target_location":"TENGCHUNG (YUNNAN)/TANGSHAN","target_country":"CHINA","total_tons":5.08}},{"type":"Feature","geometry":{"type":"LineString","coordinates":[[34.8828,32.0094],[23.95,32.04]]},"properties":{"mission_id":131166,"date":"1942-10-20","theater":"MTO","aircraft":"B-17 Flying Fortress","takeoff_base":"LYDDA","target_location":"TOBRUK","target_country":"LIBYA","total_tons":9.0}},{"type":"Feature","geometry":{"type":"LineString","coordinates":[[34.8828,32.0094],[23.95,32.04]]},"properties":{"mission_id":131167,"date":"1942-10-20","theater":"MTO","aircraft":"B-24 Liberator","takeoff_base":"LYDDA","target_location":"BARDIA DOCKS","target_country":"LIBYA","total_tons":5.0}},{"type":"Feature","geometry":{"type":"LineString","coordinates":[[35.1833,32.6666],[20.05,32.11]]},"properties":{"mission_id":131189,"date":"1942-10-21","theater":"MTO","aircraft":"B-24 Liberator","takeoff_base":"RAMAT DAVID","target_location":"BENGHAZI","target_country":"LIBYA","total_tons":0.0}},{"type":"Feature","geometry":{"type":"LineString","coordinates":[[104.0647,30.5292],[118.4333,39.7]]},"properties":{"mission_id":131190,"date":"1942-10-21","theater":"CBI","aircraft":"B-24 Liberator","takeoff_base":"FUNGWANSHAN (CHENGTU)","target_location":"LINSI MINE INSTALLATION","target_country":"CHINA","total_tons":0.0}},{"type":"Feature","geometry":{"type":"LineString","coordinates":[[32.3333,30.4167],[27.2,31.33]]},"properties":{"mission_id":127352,"date":"1942-08-16","theater":"MTO","aircraft":"B-25 Mitchell","takeoff_base":"DEVERSOIR AIRFIELD","target_location":"MERSA MATRUH","target_country":"EGYPT","total_tons":10.0}},{"type":"Feature","geometry":{"type":"LineString","coordinates":[[14.4792,35.8596],[15.06,37.47]]},"properties":{"mission_id":127356,"date":"1942-08-16","theater":"MTO","aircraft":"B-24 Liberator","takeoff_base":"MALTA","target_location":"CATANIA","target_country":"SICILY","total_tons":1.0}},{"type":"Feature","geometry":{"type":"LineString","coordinates":[[34.8167,31.8333],[24.04,32.17]]},"properties":{"mission_id":127709,"date":"1942-08-19","theater":"MTO","aircraft":"B-24 Liberator","takeoff_base":"AQIR","target_location":"10K TON SHIP 7 MI NE OF TOBRUK HARBOR ENTRANCE","target_country":"LIBYA","total_tons":6.0}},{"type":"Feature","geometry":{"type":"LineString","coordinates":[[34.8167,31.8333],[23.95,32.04]]},"properties":{"mission_id":127710,"date":"1942-08-19","theater":"MTO","aircraft":"B-24 Liberator","takeoff_base":"AQIR","target_location":"TOBRUK","target_country":"LIBYA","total_tons":18.0}},{"type":"Feature","geometry":{"type":"LineString","coordinates":[[34.8167,31.8333],[24.62,33.87]]},"properties":{"mission_id":127725,"date":"1942-08-21","theater":"EAST AFRICA","aircraft":"B-24 Liberator","takeoff_base":"AQIR","target_location":"SHIP CONVOY AT SEA","target_country":null,"total_tons":26.5}},{"type":"Feature","geometry":{"type":"LineString","coordinates":[[34.8167,31.8333],[24.62,33.87]]},"properties":{"mission_id":127726,"date":"1942-08-21","theater":"EAST AFRICA","aircraft":"B-24 Liberator","takeoff_base":"AQIR","target_location":"SHIP CONVOY AT SEA","target_country":null,"total_tons":6.0}},{"type":"Feature","geometry":{"type":"LineString","coordinates":[[32.3333,30.4167],[23.95,32.04]]},"properties":{"mission_id":127728,"date":"1942-08-22","theater":"MTO","aircraft":"B-25 Mitchell","takeoff_base":"DEVERSOIR AIRFIELD","target_location":"TOBRUK","target_country":"LIBYA","total_tons":13.5}},{"type":"Feature","geometry":{"type":"LineString","coordinates":[[95.2694,27.5378],[97.3517,25.3836]]},"properties":{"mission_id":127730,"date":"1942-08-22","theater":"CBI","aircraft":"B-25 Mitchell","takeoff_base":"DINJAN","target_location":"MYITKYINA","target_country":"BURMA","total_tons":3.0}},{"type":"Feature","geometry":{"type":"LineString","coordinates":[[34.8167,31.8333],[23.95,32.04]]},"properties":{"mission_id":127736,"date":"1942-08-23","theater":"MTO","aircraft":"B-24 Liberator","takeoff_base":"AQIR","target_location":"TOBRUK","target_country":"LIBYA","total_tons":4.0}},{"type":"Feature","geometry":{"type":"LineString","coordinates":[[34.8167,31.8333],[23.95,32.04]]},"properties":{"mission_id":127737,"date":"1942-08-23","theater":"MTO","aircraft":"B-24 Liberator","takeoff_base":"AQIR","target_location":"TOBRUK","target_country":"LIBYA","total_tons":13.0}},{"type":"Feature","geometry":{"type":"LineString","coordinates":[[34.8828,32.0094],[23.95,32.04]]},"properties":{"mission_id":127741,"date":"1942-08-24","theater":"MTO","aircraft":"B-24 Liberator","takeoff_base":"LYDDA","target_location":"TOBRUK","target_country":"LIBYA","total_tons":27.5}},{"type":"Feature","geometry":{"type":"LineString","coordinates":[[34.8167,31.8333],[23.95,32.04]]},"properties":{"mission_id":127742,"date":"1942-08-24","theater":"MTO","aircraft":"B-24 Liberator","takeoff_base":"AQIR","target_location":"TOBRUK","target_country":"LIBYA","total_tons":6.0}},{"type":"Feature","geometry":{"type":"LineString","coordinates":[[34.8167,31.8333],[22.96,37.95]]},"properties":{"mission_id":127767,"date":"1942-08-25","theater":"MTO","aircraft":"B-24 Liberator","takeoff_base":"AQIR","target_location":"CORINTH CANAL","target_country":"GREECE","total_tons":12.0}},{"type":"Feature","geometry":{"type":"LineString","coordinates":[[35.1833,32.6666],[20.05,32.11]]},"properties":{"mission_id":131541,"date":"1942-10-23","theater":"MTO","aircraft":"B-24 Liberator","takeoff_base":"RAMAT DAVID","target_location":"BENGHAZI","target_country":"LIBYA","total_tons":0.0}},{"type":"Feature","geometry":{"type":"LineString","coordinates":[[35.1833,32.6666],[23.95,32.04]]},"properties":{"mission_id":131575,"date":"1942-10-25","theater":"MTO","aircraft":"B-24 Liberator","takeoff_base":"RAMAT DAVID","target_location":"TOBRUK","target_country":"LIBYA","total_tons":41.0}},{"type":"Feature","geometry":{"type":"LineString","coordinates":[[35.1833,32.6666],[23.95,32.04]]},"properties":{"mission_id":131587,"date":"1942-10-25","theater":"MTO","aircraft":"B-24 Liberator","takeoff_base":"RAMAT DAVID","target_location":"TOBRUK","target_country":"LIBYA","total_tons":0.0}},{"type":"Feature","geometry":{"type":"LineString","coordinates":[[34.8828,32.0094],[22.5,34.0]]},"properties":{"mission_id":131589,"date":"1942-10-26","theater":"MTO","aircraft":"B-17 Flying Fortress","takeoff_base":"LYDDA","target_location":"CONVOY","target_country":"LIBYA","total_tons":6.0}},{"type":"Feature","geometry":{"type":"LineString","coordinates":[[34.8828,32.0094],[22.5,34.0]]},"properties":{"mission_id":131591,"date":"1942-10-26","theater":"MTO","aircraft":"B-17 Flying Fortress","takeoff_base":"LYDDA","target_location":"CONVOY","target_country":"LIBYA","total_tons":4.0}},{"type":"Feature","geometry":{"type":"LineString","coordinates":[[29.8514,30.9847],[28.72,30.86]]},"properties":{"mission_id":131599,"date":"1942-10-26","theater":"MTO","aircraft":"B-25 Mitchell","takeoff_base":"LG 88","target_location":"\"W OF KIDNEY RIDGE, EL ALAMEIN 865-297\"","target_country":"EGYPT","total_tons":5.0}},{"type":"Feature","geometry":{"type":"LineString","coordinates":[[110.0392,25.2181],[113.3167,23.1333]]},"properties":{"mission_id":131600,"date":"1942-07-18","theater":"CBI","aircraft":"B-25 Mitchell","takeoff_base":"KWEILIN","target_location":"CANTON","target_country":"CHINA","total_tons":2.54}},{"type":"Feature","geometry":{"type":"LineString","coordinates":[[95.2694,27.5378],[96.9407,25.3085]]},"properties":{"mission_id":128125,"date":"1942-08-28","theater":"CBI","aircraft":"Curtiss P-40 Warhawk","takeoff_base":"DINJAN","target_location":"MOGAUNG","target_country":"BURMA","total_tons":0.5}},{"type":"Feature","geometry":{"type":"LineString","coordinates":[[32.3333,30.4167],[28.47,31.03]]},"properties":{"mission_id":128126,"date":"1942-08-28","theater":"MTO","aircraft":"B-25 Mitchell","takeoff_base":"DEVERSOIR AIRFIELD","target_location":"EL DABA AIRDROME","target_country":"EGYPT","total_tons":13.0}},{"type":"Feature","geometry":{"type":"LineString","coordinates":[[34.8828,32.0094],[22.5,34.0]]},"properties":{"mission_id":128130,"date":"1942-08-28","theater":"MTO","aircraft":"B-24 Liberator","takeoff_base":"LYDDA","target_location":"CONVOY","target_country":"ITALY","total_tons":5.0}},{"type":"Feature","geometry":{"type":"LineString","coordinates":[[34.8167,31.8333],[23.95,32.04]]},"properties":{"mission_id":128132,"date":"1942-08-28","theater":"MTO","aircraft":"B-24 Liberator","takeoff_base":"AQIR","target_location":"TOBRUK","target_country":"LIBYA","total_tons":18.0}},{"type":"Feature","geometry":{"type":"LineString","coordinates":[[34.8828,32.0094],[23.95,32.04]]},"properties":{"mission_id":128183,"date":"1942-08-30","theater":"MTO","aircraft":"B-24 Liberator","takeoff_base":"LYDDA","target_location":"TOBRUK","target_country":"LIBYA","total_tons":27.5}},{"type":"Feature","geometry":{"type":"LineString","coordinates":[[34.8167,31.8333],[23.95,32.04]]},"properties":{"mission_id":128185,"date":"1942-08-30","theater":"MTO","aircraft":"B-24 Liberator","takeoff_base":"AQIR","target_location":"TOBRUK","target_country":"LIBYA","total_tons":18.0}},{"type":"Feature","geometry":{"type":"LineString","coordinates":[[32.3333,30.4167],[28.3,31.07]]},"properties":{"mission_id":128186,"date":"1942-08-31","theater":"MTO","aircraft":"B-25 Mitchell","takeoff_base":"DEVERSOIR AIRFIELD","target_location":"LG 20 / LG 104","target_country":"EGYPT","total_tons":14.0}},{"type":"Feature","geometry":{"type":"LineString","coordinates":[[95.2694,27.5378],[97.3517,25.3836]]},"properties":{"mission_id":128188,"date":"1942-08-31","theater":"CBI","aircraft":"B-25 Mitchell","takeoff_base":"DINJAN","target_location":"MYITKYINA","target_country":"BURMA","total_tons":7.0}},{"type":"Feature","geometry":{"type":"LineString","coordinates":[[102.7433,24.9922],[95.6789,22.9016]]},"properties":{"mission_id":131902,"date":"1942-08-26","theater":"CBI","aircraft":"B-25 Mitchell","takeoff_base":"KUNMING","target_location":"LASHIO","target_country":"BURMA","total_tons":1.76}},{"type":"Feature","geometry":{"type":"LineString","coordinates":[[102.7433,24.9922],[97.3517,25.3836]]},"properties":{"mission_id":131903,"date":"1942-10-27","theater":"CBI","aircraft":"B-24 Liberator","takeoff_base":"KUNMING","target_location":"MYITKYINA","target_country":"BURMA","total_tons":4.0}},{"type":"Feature","geometry":{"type":"LineString","coordinates":[[34.8828,32.0094],[25.72,35.19]]},"properties":{"mission_id":128401,"date":"1942-09-01","theater":"MTO","aircraft":"B-24 Liberator","takeoff_base":"LYDDA","target_location":"CONVOY/CANDIA HARBOR","target_country":"CRETE","total_tons":22.5}},{"type":"Feature","geometry":{"type":"LineString","coordinates":[[29.9014,30.8014],[28.99,30.57]]},"properties":{"mission_id":128402,"date":"1942-09-01","theater":"MTO","aircraft":"B-25 Mitchell","takeoff_base":"LG 99","target_location":"ALAM-EL HAIFA RIDGE","target_country":"EGYPT","total_tons":3.0}},{"type":"Feature","geometry":{"type":"LineString","coordinates":[[29.9014,30.8014],[29.09,30.51]]},"properties":{"mission_id":128403,"date":"1942-09-01","theater":"MTO","aircraft":"B-25 Mitchell","takeoff_base":"LG 99","target_location":"ALAM-EL HAIFA RIDGE","target_country":"EGYPT","total_tons":3.0}},{"type":"Feature","geometry":{"type":"LineString","coordinates":[[29.9014,30.8014],[28.88,30.52]]},"properties":{"mission_id":128404,"date":"1942-09-01","theater":"MTO","aircraft":"B-25 Mitchell","takeoff_base":"LG 99","target_location":"ALAM-EL HAIFA RIDGE","target_country":"EGYPT","total_tons":2.25}},{"type":"Feature","geometry":{"type":"LineString","coordinates":[[102.7433,24.9922],[95.6789,22.9016]]},"properties":{"mission_id":131931,"date":"1942-10-27","theater":"CBI","aircraft":"B-25 Mitchell","takeoff_base":"KUNMING","target_location":"LASHIO","target_country":"BURMA","total_tons":2.54}},{"type":"Feature","geometry":{"type":"LineString","coordinates":[[29.9014,30.8014],[28.88,30.49]]},"properties":{"mission_id":128405,"date":"1942-09-01","theater":"MTO","aircraft":"B-25 Mitchell","takeoff_base":"LG 99","target_location":"ALAM-EL HAIFA RIDGE","target_country":"EGYPT","total_tons":2.25}},{"type":"Feature","geometry":{"type":"LineString","coordinates":[[88.4467,22.6547],[92.9,20.15]]},"properties":{"mission_id":131933,"date":"1942-10-29","theater":"CBI","aircraft":"B-24 Liberator","takeoff_base":"DUM DUM/CALCUTTA","target_location":"AKYAB","target_country":"BURMA","total_tons":4.39}},{"type":"Feature","geometry":{"type":"LineString","coordinates":[[102.7433,24.9922],[95.6789,22.9016]]},"properties":{"mission_id":131934,"date":"1942-10-29","theater":"CBI","aircraft":"B-25 Mitchell","takeoff_base":"KUNMING","target_location":"LASHIO","target_country":"BURMA","total_tons":4.31}},{"type":"Feature","geometry":{"type":"LineString","coordinates":[[29.9014,30.8014],[29.0,30.48]]},"properties":{"mission_id":128406,"date":"1942-09-01","theater":"MTO","aircraft":"B-25 Mitchell","takeoff_base":"LG 99","target_location":"ALAM-EL HAIFA RIDGE","target_country":"EGYPT","total_tons":3.0}},{"type":"Feature","geometry":{"type":"LineString","coordinates":[[29.9014,30.8014],[29.02,30.45]]},"properties":{"mission_id":128407,"date":"1942-09-01","theater":"MTO","aircraft":"B-25 Mitchell","takeoff_base":"LG 99","target_location":"ALAM-EL HAIFA RIDGE","target_country":"EGYPT","total_tons":3.0}},{"type":"Feature","geometry":{"type":"LineString","coordinates":[[29.9014,30.8014],[28.97,30.45]]},"properties":{"mission_id":128408,"date":"1942-09-01","theater":"MTO","aircraft":"B-25 Mitchell","takeoff_base":"LG 99","target_location":"ALAM-EL HAIFA RIDGE","target_country":"EGYPT","total_tons":1.5}},{"type":"Feature","geometry":{"type":"LineString","coordinates":[[29.9014,30.8014],[29.04,30.47]]},"properties":{"mission_id":128409,"date":"1942-09-01","theater":"MTO","aircraft":"B-25 Mitchell","takeoff_base":"LG 99","target_location":"ALAM-EL HAIFA RIDGE","target_country":"EGYPT","total_tons":1.5}},{"type":"Feature","geometry":{"type":"LineString","coordinates":[[29.9014,30.8014],[28.88,30.52]]},"properties":{"mission_id":128412,"date":"1942-09-01","theater":"MTO","aircraft":"B-25 Mitchell","takeoff_base":"LG 99","target_location":"ALAM-EL HAIFA RIDGE","target_country":"EGYPT","total_tons":1.5}},{"type":"Feature","geometry":{"type":"LineString","coordinates":[[29.9014,30.8014],[28.93,30.56]]},"properties":{"mission_id":128413,"date":"1942-09-01","theater":"MTO","aircraft":"B-25 Mitchell","takeoff_base":"LG 99","target_location":"ALAM-EL HAIFA RIDGE","target_country":"EGYPT","total_tons":1.5}},{"type":"Feature","geometry":{"type":"LineString","coordinates":[[29.9014,30.8014],[28.94,30.49]]},"properties":{"mission_id":128414,"date":"1942-09-01","theater":"MTO","aircraft":"B-25 Mitchell","takeoff_base":"LG 99","target_location":"ALAM-EL HAIFA RIDGE","target_country":"EGYPT","total_tons":0.75}},{"type":"Feature","geometry":{"type":"LineString","coordinates":[[29.9014,30.8014],[29.0,30.43]]},"properties":{"mission_id":128415,"date":"1942-09-01","theater":"MTO","aircraft":"B-25 Mitchell","takeoff_base":"LG 99","target_location":"ALAM-EL HAIFA RIDGE","target_country":"EGYPT","total_tons":0.75}},{"type":"Feature","geometry":{"type":"LineString","coordinates":[[29.9014,30.8014],[29.07,30.56]]},"properties":{"mission_id":128416,"date":"1942-09-01","theater":"MTO","aircraft":"B-25 Mitchell","takeoff_base":"LG 99","target_location":"ALAM-EL HAIFA RIDGE","target_country":"EGYPT","total_tons":0.75}},{"type":"Feature","geometry":{"type":"LineString","coordinates":[[35.1833,32.6666],[23.83,35.53]]},"properties":{"mission_id":131953,"date":"1942-10-30","theater":"MTO","aircraft":"B-24 Liberator","takeoff_base":"RAMAT DAVID","target_location":"MALEME AERODROME","target_country":"CRETE","total_tons":32.5}},{"type":"Feature","geometry":{"type":"LineString","coordinates":[[29.9014,30.8014],[29.09,30.49]]},"properties":{"mission_id":128417,"date":"1942-09-01","theater":"MTO","aircraft":"B-25 Mitchell","takeoff_base":"LG 99","target_location":"ALAM-EL HAIFA RIDGE","target_country":"EGYPT","total_tons":0.75}},{"type":"Feature","geometry":{"type":"LineString","coordinates":[[34.8167,31.8333],[23.95,32.04]]},"properties":{"mission_id":128420,"date":"1942-09-01","theater":"MTO","aircraft":"B-24 Liberator","takeoff_base":"AQIR","target_location":"TOBRUK","target_country":"LIBYA","total_tons":24.5}},{"type":"Feature","geometry":{"type":"LineString","coordinates":[[35.1833,32.6666],[23.95,32.04]]},"properties":{"mission_id":128438,"date":"1942-09-02","theater":"MTO","aircraft":"B-24 Liberator","takeoff_base":"RAMAT DAVID","target_location":"TOBRUK HARBOR/CONVOY/DOCKS","target_country":"LIBYA","total_tons":35.0}},{"type":"Feature","geometry":{"type":"LineString","coordinates":[[34.8828,32.0094],[22.5,34.0]]},"properties":{"mission_id":128471,"date":"1942-09-03","theater":"MTO","aircraft":"B-24 Liberator","takeoff_base":"LYDDA","target_location":"CONVOY 3 MERCHANT V/4 DESTROYERS","target_country":"ITALY","total_tons":22.5}},{"type":"Feature","geometry":{"type":"LineString","coordinates":[[34.8167,31.8333],[23.95,32.04]]},"properties":{"mission_id":128476,"date":"1942-09-03","theater":"MTO","aircraft":"B-24 Liberator","takeoff_base":"AQIR","target_location":"TOBRUK","target_country":"LIBYA","total_tons":28.0}},{"type":"Feature","geometry":{"type":"LineString","coordinates":[[34.8828,32.0094],[23.83,35.53]]},"properties":{"mission_id":131974,"date":"1942-11-01","theater":"MTO","aircraft":"B-24 Liberator","takeoff_base":"LYDDA","target_location":"MALEME AERODROME","target_country":"CRETE","total_tons":0.0}},{"type":"Feature","geometry":{"type":"LineString","coordinates":[[35.1833,32.6666],[23.95,32.04]]},"properties":{"mission_id":131977,"date":"1942-11-02","theater":"MTO","aircraft":"B-24 Liberator","takeoff_base":"RAMAT DAVID","target_location":"TOBRUK","target_country":"LIBYA","total_tons":50.0}},{"type":"Feature","geometry":{"type":"LineString","coordinates":[[32.3333,30.4167],[28.92,30.56]]},"properties":{"mission_id":128483,"date":"1942-09-04","theater":"MTO","aircraft":"B-25 Mitchell","takeoff_base":"LG 99","target_location":"ALAM-EL HAIFA RIDGE","target_country":"EGYPT","total_tons":2.25}},{"type":"Feature","geometry":{"type":"LineString","coordinates":[[29.9014,30.8014],[28.84,30.51]]},"properties":{"mission_id":128484,"date":"1942-09-04","theater":"MTO","aircraft":"B-25 Mitchell","takeoff_base":"LG 99","target_location":"ALAM-EL HAIFA RIDGE","target_country":"EGYPT","total_tons":2.25}},{"type":"Feature","geometry":{"type":"LineString","coordinates":[[29.9014,30.8014],[28.91,30.55]]},"properties":{"mission_id":128485,"date":"1942-09-04","theater":"MTO","aircraft":"B-25 Mitchell","takeoff_base":"LG 99","target_location":"ALAM-EL HAIFA RIDGE","target_country":"EGYPT","total_tons":3.0}},{"type":"Feature","geometry":{"type":"LineString","coordinates":[[32.3333,30.4167],[28.92,30.56]]},"properties":{"mission_id":128486,"date":"1942-09-04","theater":"MTO","aircraft":"B-25 Mitchell","takeoff_base":"LG 99","target_location":"ALAM-EL HAIFA RIDGE","target_country":"EGYPT","total_tons":1.5}},{"type":"Feature","geometry":{"type":"LineString","coordinates":[[29.9014,30.8014],[28.84,30.51]]},"properties":{"mission_id":128487,"date":"1942-09-04","theater":"MTO","aircraft":"B-25 Mitchell","takeoff_base":"LG 99","target_location":"ALAM-EL HAIFA RIDGE","target_country":"EGYPT","total_tons":1.5}},{"type":"Feature","geometry":{"type":"LineString","coordinates":[[34.8167,31.8333],[23.95,32.04]]},"properties":{"mission_id":128814,"date":"1942-09-05","theater":"MTO","aircraft":"B-24 Liberator","takeoff_base":"AQIR","target_location":"TOBRUK","target_country":"LIBYA","total_tons":36.0}},{"type":"Feature","geometry":{"type":"LineString","coordinates":[[34.8828,32.0094],[22.5,34.0]]},"properties":{"mission_id":128865,"date":"1942-09-07","theater":"MTO","aircraft":"B-24 Liberator","takeoff_base":"LYDDA","target_location":"CONVOY","target_country":"ITALY","total_tons":30.0}},{"type":"Feature","geometry":{"type":"LineString","coordinates":[[34.8167,31.8333],[22.63,34.7]]},"properties":{"mission_id":128870,"date":"1942-09-07","theater":"MTO","aircraft":"B-24 Liberator","takeoff_base":"AQIR","target_location":"CONVOY SW OF CRETE","target_country":"CRETE","total_tons":15.0}},{"type":"Feature","geometry":{"type":"LineString","coordinates":[[35.1833,32.6666],[20.05,32.11]]},"properties":{"mission_id":132312,"date":"1942-11-04","theater":"MTO","aircraft":"B-24 Liberator","takeoff_base":"RAMAT DAVID","target_location":"BENGHAZI","target_country":"LIBYA","total_tons":35.0}},{"type":"Feature","geometry":{"type":"LineString","coordinates":[[35.1833,32.6666],[20.05,32.11]]},"properties":{"mission_id":132336,"date":"1942-11-06","theater":"MTO","aircraft":"B-24 Liberator","takeoff_base":"RAMAT DAVID","target_location":"BENGHAZI","target_country":"LIBYA","total_tons":24.5}},{"type":"Feature","geometry":{"type":"LineString","coordinates":[[35.1833,32.6666],[20.05,32.11]]},"properties":{"mission_id":132337,"date":"1942-11-06","theater":"MTO","aircraft":"B-24 Liberator","takeoff_base":"RAMAT DAVID","target_location":"BENGHAZI","target_country":"LIBYA","total_tons":10.0}},{"type":"Feature","geometry":{"type":"LineString","coordinates":[[84.9511,24.7444],[96.1587,16.7692]]},"properties":{"mission_id":132338,"date":"1942-11-06","theater":"CBI","aircraft":"B-24 Liberator","takeoff_base":"GAYA","target_location":"RANGOON","target_country":"BURMA","total_tons":15.0}},{"type":"Feature","geometry":{"type":"LineString","coordinates":[[102.7433,24.9922],[98.6833,24.5833]]},"properties":{"mission_id":132366,"date":"1942-11-20","theater":"CBI","aircraft":"B-25 Mitchell","takeoff_base":"KUNMING","target_location":"LUNGLING","target_country":"CHINA","total_tons":4.24}},{"type":"Feature","geometry":{"type":"LineString","coordinates":[[35.1833,32.6666],[20.05,32.11]]},"properties":{"mission_id":132376,"date":"1942-11-08","theater":"MTO","aircraft":"B-24 Liberator","takeoff_base":"RAMAT DAVID","target_location":"BENGHAZI","target_country":"LIBYA","total_tons":0.0}},{"type":"Feature","geometry":{"type":"LineString","coordinates":[[102.7433,24.9922],[98.6833,24.5833]]},"properties":{"mission_id":132377,"date":"1942-11-08","theater":"CBI","aircraft":"Curtiss P-40 Warhawk","takeoff_base":"KUNMING","target_location":"LUNGLING","target_country":"CHINA","total_tons":490.0}},{"type":"Feature","geometry":{"type":"LineString","coordinates":[[34.8828,32.0094],[23.95,32.04]]},"properties":{"mission_id":129217,"date":"1942-09-09","theater":"MTO","aircraft":"B-24 Liberator","takeoff_base":"LYDDA","target_location":"TOBRUK","target_country":"LIBYA","total_tons":22.5}},{"type":"Feature","geometry":{"type":"LineString","coordinates":[[34.8167,31.8333],[23.95,32.04]]},"properties":{"mission_id":129219,"date":"1942-09-09","theater":"MTO","aircraft":"B-24 Liberator","takeoff_base":"AQIR","target_location":"TOBRUK","target_country":"LIBYA","total_tons":20.0}},{"type":"Feature","geometry":{"type":"LineString","coordinates":[[34.8828,32.0094],[20.05,32.11]]},"properties":{"mission_id":129261,"date":"1942-09-13","theater":"MTO","aircraft":"B-24 Liberator","takeoff_base":"LYDDA","target_location":"BENGHAZI","target_country":"LIBYA","total_tons":18.0}},{"type":"Feature","geometry":{"type":"LineString","coordinates":[[34.8167,31.8333],[20.05,32.11]]},"properties":{"mission_id":129264,"date":"1942-09-13","theater":"MTO","aircraft":"B-24 Liberator","takeoff_base":"AQIR","target_location":"BENGHAZI","target_country":"LIBYA","total_tons":33.0}},{"type":"Feature","geometry":{"type":"LineString","coordinates":[[34.8828,32.0094],[23.95,32.04]]},"properties":{"mission_id":129265,"date":"1942-09-13","theater":"MTO","aircraft":"B-17 Flying Fortress","takeoff_base":"LYDDA","target_location":"TOBRUK","target_country":"LIBYA","total_tons":10.0}},{"type":"Feature","geometry":{"type":"LineString","coordinates":[[32.3333,30.4167],[27.52,31.1]]},"properties":{"mission_id":129289,"date":"1942-09-14","theater":"MTO","aircraft":"B-25 Mitchell","takeoff_base":"DEVERSOIR AIRFIELD","target_location":"LG 101","target_country":"EGYPT","total_tons":7.5}},{"type":"Feature","geometry":{"type":"LineString","coordinates":[[14.1763,41.1155],[9.33,44.0]]},"properties":{"mission_id":132685,"date":"1944-06-11","theater":"MTO","aircraft":"North American A-36 Apache (Invader)","takeoff_base":"MARCIANISE AIRFIELD","target_location":"44 00 N 009 20 E","target_country":"ITALY","total_tons":0.0}},{"type":"Feature","geometry":{"type":"LineString","coordinates":[[84.9511,24.7444],[96.1587,16.7692]]},"properties":{"mission_id":132715,"date":"1942-11-09","theater":"CBI","aircraft":"B-24 Liberator","takeoff_base":"GAYA","target_location":"RANGOON /SYRIAM","target_country":"BURMA","total_tons":15.0}},{"type":"Feature","geometry":{"type":"LineString","coordinates":[[32.0953,30.5727],[20.05,32.11]]},"properties":{"mission_id":132720,"date":"1942-11-10","theater":"MTO","aircraft":"B-17 Flying Fortress","takeoff_base":"ABU SUEIR","target_location":"BENGHAZI","target_country":"LIBYA","total_tons":2.0}},{"type":"Feature","geometry":{"type":"LineString","coordinates":[[35.1833,32.6666],[20.05,32.11]]},"properties":{"mission_id":132723,"date":"1942-11-10","theater":"MTO","aircraft":"B-24 Liberator","takeoff_base":"RAMAT DAVID","target_location":"BENGHAZI","target_country":"LIBYA","total_tons":10.0}},{"type":"Feature","geometry":{"type":"LineString","coordinates":[[34.8167,31.8333],[20.05,32.11]]},"properties":{"mission_id":129520,"date":"1942-09-16","theater":"MTO","aircraft":"B-24 Liberator","takeoff_base":"AQIR","target_location":"BENGHAZI","target_country":"LIBYA","total_tons":10.5}},{"type":"Feature","geometry":{"type":"LineString","coordinates":[[32.3,30.3167],[13.08,32.92]]},"properties":{"mission_id":132776,"date":"1942-11-15","theater":"MTO","aircraft":"B-24 Liberator","takeoff_base":"FAYID (LG-211)","target_location":"TRIPOLI","target_country":"LIBYA","total_tons":30.5}},{"type":"Feature","geometry":{"type":"LineString","coordinates":[[32.0953,30.5727],[13.08,32.92]]},"properties":{"mission_id":132777,"date":"1942-11-15","theater":"MTO","aircraft":"B-24 Liberator","takeoff_base":"ABU SUEIR","target_location":"TRIPOLI","target_country":"LIBYA","total_tons":0.0}},{"type":"Feature","geometry":{"type":"LineString","coordinates":[[34.8828,32.0094],[20.05,32.11]]},"properties":{"mission_id":129903,"date":"1942-09-22","theater":"MTO","aircraft":"B-24 Liberator","takeoff_base":"LYDDA","target_location":"BENGHAZI","target_country":"LIBYA","total_tons":20.0}},{"type":"Feature","geometry":{"type":"LineString","coordinates":[[34.8167,31.8333],[20.07,32.15]]},"properties":{"mission_id":129907,"date":"1942-09-22","theater":"MTO","aircraft":"B-24 Liberator","takeoff_base":"AQIR","target_location":"BENGHAZI SHIPPING","target_country":"LIBYA","total_tons":31.5}},{"type":"Feature","geometry":{"type":"LineString","coordinates":[[34.8828,32.0094],[20.05,32.11]]},"properties":{"mission_id":129917,"date":"1942-09-23","theater":"MTO","aircraft":"B-24 Liberator","takeoff_base":"LYDDA","target_location":"BENGHAZI","target_country":"LIBYA","total_tons":12.5}},{"type":"Feature","geometry":{"type":"LineString","coordinates":[[34.8167,31.8333],[23.98,32.08]]},"properties":{"mission_id":129951,"date":"1942-09-25","theater":"MTO","aircraft":"B-24 Liberator","takeoff_base":"AQIR","target_location":"TOBRUK","target_country":"LIBYA","total_tons":23.0}},{"type":"Feature","geometry":{"type":"LineString","coordinates":[[34.8167,31.8333],[25.1,32.3]]},"properties":{"mission_id":129972,"date":"1942-09-27","theater":"MTO","aircraft":"B-24 Liberator","takeoff_base":"AQIR","target_location":"BENGHAZI SHIPPING","target_country":"LIBYA","total_tons":21.0}},{"type":"Feature","geometry":{"type":"LineString","coordinates":[[34.8167,31.8333],[23.95,32.04]]},"properties":{"mission_id":129986,"date":"1942-09-29","theater":"MTO","aircraft":"B-24 Liberator","takeoff_base":"AQIR","target_location":"TOBRUK SHIPPING","target_country":"LIBYA","total_tons":29.5}},{"type":"Feature","geometry":{"type":"LineString","coordinates":[[102.7433,24.9922],[98.6833,24.5833]]},"properties":{"mission_id":133070,"date":"1942-09-19","theater":"CBI","aircraft":"B-25 Mitchell","takeoff_base":"KUNMING","target_location":"LUNGLING","target_country":"CHINA","total_tons":3.0}},{"type":"Feature","geometry":{"type":"LineString","coordinates":[[86.7107,22.4668],[96.0858,21.9772]]},"properties":{"mission_id":133076,"date":"1942-11-20","theater":"CBI","aircraft":"B-24 Liberator","takeoff_base":"CHAKULIA","target_location":"MANDALAY","target_country":"BURMA","total_tons":20.0}},{"type":"Feature","geometry":{"type":"LineString","coordinates":[[86.7107,22.4668],[96.0858,21.9772]]},"properties":{"mission_id":133077,"date":"1942-11-20","theater":"CBI","aircraft":"B-24 Liberator","takeoff_base":"CHAKULIA","target_location":"MANDALAY","target_country":"BURMA","total_tons":0.0}},{"type":"Feature","geometry":{"type":"LineString","coordinates":[[32.3,30.3167],[13.08,32.92]]},"properties":{"mission_id":133087,"date":"1942-11-21","theater":"MTO","aircraft":"B-24 Liberator","takeoff_base":"FAYID (LG-211)","target_location":"TRIPOLI","target_country":"LIBYA","total_tons":11.0}},{"type":"Feature","geometry":{"type":"LineString","coordinates":[[32.0953,30.5727],[13.08,32.92]]},"properties":{"mission_id":133088,"date":"1942-11-21","theater":"MTO","aircraft":"B-24 Liberator","takeoff_base":"ABU SUEIR","target_location":"TRIPOLI","target_country":"LIBYA","total_tons":0.0}},{"type":"Feature","geometry":{"type":"LineString","coordinates":[[102.7433,24.9922],[107.0833,20.9333]]},"properties":{"mission_id":133099,"date":"1942-11-28","theater":"CBI","aircraft":"B-25 Mitchell","takeoff_base":"KUNMING","target_location":"HONGAY","target_country":"FRENCH INDO CHINA","total_tons":12.93}},{"type":"Feature","geometry":{"type":"LineString","coordinates":[[34.8167,31.8333],[23.6,33.82]]},"properties":{"mission_id":130302,"date":"1942-10-01","theater":"MTO","aircraft":"B-24 Liberator","takeoff_base":"AQIR","target_location":"CONVOY N OF DERNA","target_country":"LIBYA","total_tons":16.5}},{"type":"Feature","geometry":{"type":"LineString","coordinates":[[34.8828,32.0094],[20.05,32.11]]},"properties":{"mission_id":130377,"date":"1942-10-06","theater":"MTO","aircraft":"B-24 Liberator","takeoff_base":"LYDDA","target_location":"BENGHAZI","target_country":"LIBYA","total_tons":17.5}},{"type":"Feature","geometry":{"type":"LineString","coordinates":[[34.8828,32.0094],[25.09,31.75]]},"properties":{"mission_id":130381,"date":"1942-10-06","theater":"MTO","aircraft":"B-24 Liberator","takeoff_base":"LYDDA","target_location":"BARDIA DOCKS","target_country":"LIBYA","total_tons":2.5}},{"type":"Feature","geometry":{"type":"LineString","coordinates":[[34.8167,31.8333],[22.67,34.67]]},"properties":{"mission_id":130382,"date":"1942-10-06","theater":"MTO","aircraft":"B-24 Liberator","takeoff_base":"AQIR","target_location":"CONVOY SW OF CRETE","target_country":"CRETE","total_tons":12.0}},{"type":"Feature","geometry":{"type":"LineString","coordinates":[[110.0392,25.2181],[107.0833,20.9333]]},"properties":{"mission_id":133405,"date":"1942-11-22","theater":"CBI","aircraft":"Curtiss P-40 Warhawk","takeoff_base":"KWEILIN","target_location":"HONGAY","target_country":"FRENCH INDO CHINA","total_tons":1.98}},{"type":"Feature","geometry":{"type":"LineString","coordinates":[[86.7107,22.4668],[96.0858,21.9772]]},"properties":{"mission_id":133426,"date":"1942-11-22","theater":"CBI","aircraft":"B-24 Liberator","takeoff_base":"CHAKULIA","target_location":"MANDALAY","target_country":"BURMA","total_tons":15.0}},{"type":"Feature","geometry":{"type":"LineString","coordinates":[[110.0392,25.2181],[113.3167,23.1333]]},"properties":{"mission_id":133448,"date":"1942-10-26","theater":"CBI","aircraft":"B-25 Mitchell","takeoff_base":"KWEILIN","target_location":"CANTON","target_country":"CHINA","total_tons":5.08}},{"type":"Feature","geometry":{"type":"LineString","coordinates":[[110.0392,25.2181],[113.3445,22.0342]]},"properties":{"mission_id":133450,"date":"1942-12-01","theater":"CBI","aircraft":"B-25 Mitchell","takeoff_base":"KWEILIN","target_location":"SANCHAU ISLAND","target_country":"CHINA","total_tons":2.02}},{"type":"Feature","geometry":{"type":"LineString","coordinates":[[110.0392,25.2181],[113.3167,23.1333]]},"properties":{"mission_id":133465,"date":"1942-11-23","theater":"CBI","aircraft":"B-25 Mitchell","takeoff_base":"KWEILIN","target_location":"CANTON - HONG KONG","target_country":"CHINA","total_tons":12.58}},{"type":"Feature","geometry":{"type":"LineString","coordinates":[[102.7433,24.9922],[98.6833,24.5833]]},"properties":{"mission_id":133482,"date":"1942-11-08","theater":"CBI","aircraft":"B-25 Mitchell","takeoff_base":"KUNMING","target_location":"LUNGLING","target_country":"CHINA","total_tons":0.66}},{"type":"Feature","geometry":{"type":"LineString","coordinates":[[110.0392,25.2181],[113.3167,23.1333]]},"properties":{"mission_id":133483,"date":"1942-11-24","theater":"CBI","aircraft":"Curtiss P-40 Warhawk","takeoff_base":"KWEILIN","target_location":"CANTON - HONG KONG","target_country":"CHINA","total_tons":840.0}},{"type":"Feature","geometry":{"type":"LineString","coordinates":[[112.6278,26.9053],[114.3225,29.8414]]},"properties":{"mission_id":133499,"date":"1942-11-25","theater":"CBI","aircraft":"B-25 Mitchell","takeoff_base":"HENYANG","target_location":"SIENNING","target_country":"CHINA","total_tons":1.8}},{"type":"Feature","geometry":{"type":"LineString","coordinates":[[112.6278,26.9053],[112.3551,28.3539]]},"properties":{"mission_id":133500,"date":"1942-11-25","theater":"CBI","aircraft":"B-25 Mitchell","takeoff_base":"HENYANG","target_location":"YOYANG","target_country":"CHINA","total_tons":1.8}},{"type":"Feature","geometry":{"type":"LineString","coordinates":[[32.3333,30.4167],[28.28,30.98]]},"properties":{"mission_id":130717,"date":"1942-10-09","theater":"MTO","aircraft":"B-25 Mitchell","takeoff_base":"LG 99","target_location":"LG 21 / LG 104","target_country":"EGYPT","total_tons":15.5}},{"type":"Feature","geometry":{"type":"LineString","coordinates":[[34.8828,32.0094],[20.05,32.11]]},"properties":{"mission_id":130720,"date":"1942-10-09","theater":"MTO","aircraft":"B-24 Liberator","takeoff_base":"LYDDA","target_location":"BENGHAZI","target_country":"LIBYA","total_tons":15.0}},{"type":"Feature","geometry":{"type":"LineString","coordinates":[[34.8828,32.0094],[22.5,34.0]]},"properties":{"mission_id":130753,"date":"1942-10-11","theater":"MTO","aircraft":"B-24 Liberator","takeoff_base":"LYDDA","target_location":"CONVOY","target_country":"LIBYA","total_tons":22.5}},{"type":"Feature","geometry":{"type":"LineString","coordinates":[[34.8828,32.0094],[23.95,32.04]]},"properties":{"mission_id":130754,"date":"1942-10-11","theater":"MTO","aircraft":"B-17 Flying Fortress","takeoff_base":"LYDDA","target_location":"TOBRUK","target_country":"LIBYA","total_tons":12.0}},{"type":"Feature","geometry":{"type":"LineString","coordinates":[[34.8167,31.8333],[24.04,35.29]]},"properties":{"mission_id":130755,"date":"1942-10-11","theater":"MTO","aircraft":"B-24 Liberator","takeoff_base":"AQIR","target_location":"SUDA BAY FUEL INSTALLATION","target_country":"CRETE","total_tons":3.0}},{"type":"Feature","geometry":{"type":"LineString","coordinates":[[34.8167,31.8333],[29.15,35.48]]},"properties":{"mission_id":130756,"date":"1942-10-11","theater":"MTO","aircraft":"B-24 Liberator","takeoff_base":"AQIR","target_location":"LIT RUNWAY HERAKLION","target_country":"CRETE","total_tons":3.0}},{"type":"Feature","geometry":{"type":"LineString","coordinates":[[112.6278,26.9053],[112.3551,28.3539]]},"properties":{"mission_id":133802,"date":"1942-11-27","theater":"CBI","aircraft":"B-25 Mitchell","takeoff_base":"HENYANG","target_location":"YOYANG","target_country":"CHINA","total_tons":4.85}},{"type":"Feature","geometry":{"type":"LineString","coordinates":[[112.6278,26.9053],[114.3225,29.8414]]},"properties":{"mission_id":133803,"date":"1943-02-28","theater":"CBI","aircraft":"B-25 Mitchell","takeoff_base":"HENYANG","target_location":"SIENNING","target_country":"CHINA","total_tons":5.13}},{"type":"Feature","geometry":{"type":"LineString","coordinates":[[112.6278,26.9053],[114.2726,30.5812]]},"properties":{"mission_id":133806,"date":"1942-07-16","theater":"CBI","aircraft":"Curtiss P-40 Warhawk","takeoff_base":"HENYANG","target_location":"HANKOW","target_country":"CHINA","total_tons":0.35}},{"type":"Feature","geometry":{"type":"LineString","coordinates":[[84.9511,24.7444],[100.5955,13.6868]]},"properties":{"mission_id":133812,"date":"1942-11-25","theater":"CBI","aircraft":"B-24 Liberator","takeoff_base":"GAYA","target_location":"BANKOK","target_country":"THAILAND OR SIAM","total_tons":22.5}},{"type":"Feature","geometry":{"type":"LineString","coordinates":[[32.3,30.3167],[13.08,32.92]]},"properties":{"mission_id":133828,"date":"1942-11-26","theater":"MTO","aircraft":"B-24 Liberator","takeoff_base":"FAYID (LG-211)","target_location":"TRIPOLI","target_country":"LIBYA","total_tons":2.5}},{"type":"Feature","geometry":{"type":"LineString","coordinates":[[32.3,30.3167],[13.08,32.92]]},"properties":{"mission_id":133829,"date":"1942-11-26","theater":"MTO","aircraft":"B-24 Liberator","takeoff_base":"FAYID (LG-211)","target_location":"TRIPOLI","target_country":"LIBYA","total_tons":2.5}},{"type":"Feature","geometry":{"type":"LineString","coordinates":[[110.0392,25.2181],[114.1842,22.3051]]},"properties":{"mission_id":133838,"date":"1943-02-10","theater":"CBI","aircraft":"B-25 Mitchell","takeoff_base":"KWEILIN","target_location":"\"WHAMPOA GARDEN, HONG KONG\"","target_country":"CHINA","total_tons":14.37}},{"type":"Feature","geometry":{"type":"LineString","coordinates":[[110.0392,25.2181],[107.0833,20.9333]]},"properties":{"mission_id":133861,"date":"1943-02-10","theater":"CBI","aircraft":"B-25 Mitchell","takeoff_base":"KWEILIN","target_location":"HONGAY & CAMPHO","target_country":"FRENCH INDO CHINA","total_tons":5.19}},{"type":"Feature","geometry":{"type":"LineString","coordinates":[[12.5972,41.7994],[11.53,42.87]]},"properties":{"mission_id":133987,"date":"1944-06-12","theater":"MTO","aircraft":"North American A-36 Apache (Invader)","takeoff_base":"ROME CIAMPINO AIRFIELD","target_location":"ARCIDOSSO","target_country":"ITALY","total_tons":13.0}},{"type":"Feature","geometry":{"type":"LineString","coordinates":[[34.8828,32.0094],[23.95,32.04]]},"properties":{"mission_id":131102,"date":"1942-10-14","theater":"MTO","aircraft":"B-17 Flying Fortress","takeoff_base":"LYDDA","target_location":"TOBRUK","target_country":"LIBYA","total_tons":6.0}},{"type":"Feature","geometry":{"type":"LineString","coordinates":[[34.8828,32.0094],[20.05,32.11]]},"properties":{"mission_id":131129,"date":"1942-10-16","theater":"MTO","aircraft":"B-24 Liberator","takeoff_base":"LYDDA","target_location":"BENGHAZI","target_country":"LIBYA","total_tons":17.5}},{"type":"Feature","geometry":{"type":"LineString","coordinates":[[34.8167,31.8333],[27.2,31.33]]},"properties":{"mission_id":131133,"date":"1942-10-16","theater":"MTO","aircraft":"B-24 Liberator","takeoff_base":"AQIR","target_location":"MERSA MATRUH","target_country":"EGYPT","total_tons":10.0}},{"type":"Feature","geometry":{"type":"LineString","coordinates":[[29.8514,30.9847],[27.95,31.07]]},"properties":{"mission_id":131164,"date":"1942-10-20","theater":"MTO","aircraft":"B-25 Mitchell","takeoff_base":"LG 88","target_location":"LG 17 / LG 18","target_country":"EGYPT","total_tons":24.0}},{"type":"Feature","geometry":{"type":"LineString","coordinates":[[29.8514,30.9847],[28.27,31.03]]},"properties":{"mission_id":131176,"date":"1942-10-21","theater":"MTO","aircraft":"B-25 Mitchell","takeoff_base":"LG 88","target_location":"LG 21 / LG 104","target_country":"EGYPT","total_tons":18.0}},{"type":"Feature","geometry":{"type":"LineString","coordinates":[[34.8167,31.8333],[23.83,35.53]]},"properties":{"mission_id":131179,"date":"1942-10-21","theater":"MTO","aircraft":"B-24 Liberator","takeoff_base":"AQIR","target_location":"MALEME AERODROME","target_country":"CRETE","total_tons":23.5}},{"type":"Feature","geometry":{"type":"LineString","coordinates":[[29.8514,30.9847],[28.65,31.0]]},"properties":{"mission_id":131194,"date":"1942-10-22","theater":"MTO","aircraft":"B-25 Mitchell","takeoff_base":"LG 88","target_location":"EL DABA FRONT LINES","target_country":"EGYPT","total_tons":1.0}},{"type":"Feature","geometry":{"type":"LineString","coordinates":[[32.3,30.3167],[13.08,32.92]]},"properties":{"mission_id":134202,"date":"1942-11-29","theater":"MTO","aircraft":"B-24 Liberator","takeoff_base":"FAYID (LG-211)","target_location":"TRIPOLI","target_country":"LIBYA","total_tons":39.0}},{"type":"Feature","geometry":{"type":"LineString","coordinates":[[86.7107,22.4668],[96.1587,16.7692]]},"properties":{"mission_id":134208,"date":"1942-11-29","theater":"CBI","aircraft":"B-24 Liberator","takeoff_base":"CHAKULIA","target_location":"RANGOON","target_country":"BURMA","total_tons":15.0}},{"type":"Feature","geometry":{"type":"LineString","coordinates":[[86.7107,22.4668],[92.7353,11.684]]},"properties":{"mission_id":134225,"date":"1942-11-30","theater":"CBI","aircraft":"B-24 Liberator","takeoff_base":"CHAKULIA","target_location":"PORT BLAIR","target_country":"ANDAMAN ISLANDS","total_tons":15.0}},{"type":"Feature","geometry":{"type":"LineString","coordinates":[[108.1722,22.6081],[104.6,21.95]]},"properties":{"mission_id":134251,"date":"1942-12-14","theater":"CBI","aircraft":"Curtiss P-40 Warhawk","takeoff_base":"NANNING","target_location":"DONG CUONG AIRDROME","target_country":"THAILAND OR SIAM","total_tons":840.0}},{"type":"Feature","geometry":{"type":"LineString","coordinates":[[12.5972,41.7994],[10.55,42.95]]},"properties":{"mission_id":134309,"date":"1944-06-12","theater":"MTO","aircraft":"North American A-36 Apache (Invader)","takeoff_base":"ROME CIAMPINO AIRFIELD","target_location":"PIOMBINO","target_country":"ITALY","total_tons":3.0}},{"type":"Feature","geometry":{"type":"LineString","coordinates":[[29.8514,30.9847],[28.73,30.75]]},"properties":{"mission_id":131574,"date":"1942-10-25","theater":"MTO","aircraft":"B-25 Mitchell","takeoff_base":"LG 88","target_location":"EL DABA FRONT LINES 866-285","target_country":"EGYPT","total_tons":30.0}},{"type":"Feature","geometry":{"type":"LineString","coordinates":[[110.0392,25.2181],[114.1833,22.3167]]},"properties":{"mission_id":131580,"date":"1942-11-23","theater":"CBI","aircraft":"B-25 Mitchell","takeoff_base":"KWEILIN","target_location":"HONG KONG","target_country":"CHINA","total_tons":17.24}},{"type":"Feature","geometry":{"type":"LineString","coordinates":[[110.0392,25.2181],[114.1833,22.3167]]},"properties":{"mission_id":131581,"date":"1942-10-25","theater":"CBI","aircraft":"B-25 Mitchell","takeoff_base":"KWEILIN","target_location":"HONG KONG","target_country":"CHINA","total_tons":10.12}},{"type":"Feature","geometry":{"type":"LineString","coordinates":[[34.8828,32.0094],[23.95,32.25]]},"properties":{"mission_id":131588,"date":"1942-10-26","theater":"MTO","aircraft":"B-24 Liberator","takeoff_base":"LYDDA","target_location":"CONVOY OR TOBRUK","target_country":"LIBYA","total_tons":17.5}},{"type":"Feature","geometry":{"type":"LineString","coordinates":[[34.8828,32.0094],[23.95,32.25]]},"properties":{"mission_id":131590,"date":"1942-10-26","theater":"MTO","aircraft":"B-24 Liberator","takeoff_base":"LYDDA","target_location":"CONVOY OR TOBRUK","target_country":"LIBYA","total_tons":2.25}},{"type":"Feature","geometry":{"type":"LineString","coordinates":[[86.7107,22.4668],[96.0667,20.5833]]},"properties":{"mission_id":134610,"date":"1942-12-04","theater":"CBI","aircraft":"B-24 Liberator","takeoff_base":"CHAKULIA","target_location":"PYAWBWE","target_country":"BURMA","total_tons":4.5}},{"type":"Feature","geometry":{"type":"LineString","coordinates":[[32.3,30.3167],[14.28,40.84]]},"properties":{"mission_id":134619,"date":"1942-12-04","theater":"MTO","aircraft":"B-24 Liberator","takeoff_base":"FAYID (LG-211)","target_location":"NAPLES","target_country":"ITALY","total_tons":28.0}},{"type":"Feature","geometry":{"type":"LineString","coordinates":[[32.3,30.3167],[14.28,40.84]]},"properties":{"mission_id":134952,"date":"1942-12-11","theater":"MTO","aircraft":"B-24 Liberator","takeoff_base":"FAYID (LG-211)","target_location":"NAPLES","target_country":"ITALY","total_tons":22.5}},{"type":"Feature","geometry":{"type":"LineString","coordinates":[[86.7107,22.4668],[96.1587,16.7692]]},"properties":{"mission_id":134957,"date":"1942-12-11","theater":"CBI","aircraft":"B-24 Liberator","takeoff_base":"CHAKULIA","target_location":"RANGOON","target_country":"BURMA","total_tons":14.5}},{"type":"Feature","geometry":{"type":"LineString","coordinates":[[86.7107,22.4668],[92.7353,11.684]]},"properties":{"mission_id":134958,"date":"1942-12-11","theater":"CBI","aircraft":"B-24 Liberator","takeoff_base":"CHAKULIA","target_location":"PORT BLAIR","target_country":"ANDAMAN ISLANDS","total_tons":7.0}},{"type":"Feature","geometry":{"type":"LineString","coordinates":[[102.7433,24.9922],[101.5,24.5]]},"properties":{"mission_id":134963,"date":"1942-12-24","theater":"CBI","aircraft":"B-25 Mitchell","takeoff_base":"KUNMING","target_location":"TENGCHUNG","target_country":"CHINA","total_tons":3.22}},{"type":"Feature","geometry":{"type":"LineString","coordinates":[[34.8167,31.8333],[23.83,35.53]]},"properties":{"mission_id":131906,"date":"1942-10-27","theater":"MTO","aircraft":"B-24 Liberator","takeoff_base":"AQIR","target_location":"MALEME AERODROME","target_country":"CRETE","total_tons":21.0}},{"type":"Feature","geometry":{"type":"LineString","coordinates":[[29.8514,30.9847],[28.72,30.83]]},"properties":{"mission_id":131920,"date":"1942-10-28","theater":"MTO","aircraft":"B-25 Mitchell","takeoff_base":"LG 88","target_location":"LG 20 / FRONT LINES 864-294","target_country":"EGYPT","total_tons":32.5}},{"type":"Feature","geometry":{"type":"LineString","coordinates":[[34.8167,31.8333],[23.83,35.53]]},"properties":{"mission_id":131935,"date":"1942-10-29","theater":"MTO","aircraft":"B-24 Liberator","takeoff_base":"AQIR","target_location":"MALEME AERODROME","target_country":"CRETE","total_tons":19.25}},{"type":"Feature","geometry":{"type":"LineString","coordinates":[[34.8828,32.0094],[23.83,35.53]]},"properties":{"mission_id":131943,"date":"1942-10-30","theater":"MTO","aircraft":"B-17 Flying Fortress","takeoff_base":"LYDDA","target_location":"MALEME AERODROME","target_country":"CRETE","total_tons":12.0}},{"type":"Feature","geometry":{"type":"LineString","coordinates":[[102.7433,24.9922],[105.886,21.041]]},"properties":{"mission_id":134999,"date":"1942-09-25","theater":"CBI","aircraft":"B-25 Mitchell","takeoff_base":"KUNMING","target_location":"HANOI","target_country":"FRENCH INDO CHINA","total_tons":4.52}},{"type":"Feature","geometry":{"type":"LineString","coordinates":[[34.8828,32.0094],[23.83,35.53]]},"properties":{"mission_id":131944,"date":"1942-10-30","theater":"MTO","aircraft":"B-24 Liberator","takeoff_base":"LYDDA","target_location":"MALEME AERODROME","target_country":"CRETE","total_tons":11.25}},{"type":"Feature","geometry":{"type":"LineString","coordinates":[[29.8514,30.9847],[27.95,31.07]]},"properties":{"mission_id":131955,"date":"1942-10-31","theater":"MTO","aircraft":"B-25 Mitchell","takeoff_base":"LG 88","target_location":"LG 17","target_country":"EGYPT","total_tons":18.0}},{"type":"Feature","geometry":{"type":"LineString","coordinates":[[34.8167,31.8333],[23.83,35.53]]},"properties":{"mission_id":131960,"date":"1942-10-31","theater":"MTO","aircraft":"B-24 Liberator","takeoff_base":"AQIR","target_location":"MALEME AERODROME","target_country":"CRETE","total_tons":19.25}},{"type":"Feature","geometry":{"type":"LineString","coordinates":[[29.8514,30.9847],[28.68,30.89]]},"properties":{"mission_id":131976,"date":"1942-11-02","theater":"MTO","aircraft":"B-25 Mitchell","takeoff_base":"LG 88","target_location":"RAHMAN TRACK 295-300","target_country":"EGYPT","total_tons":24.0}},{"type":"Feature","geometry":{"type":"LineString","coordinates":[[34.8828,32.0094],[23.95,32.04]]},"properties":{"mission_id":131981,"date":"1942-11-02","theater":"MTO","aircraft":"B-17 Flying Fortress","takeoff_base":"LYDDA","target_location":"TOBRUK","target_country":"LIBYA","total_tons":10.0}},{"type":"Feature","geometry":{"type":"LineString","coordinates":[[34.8167,31.8333],[23.83,35.53]]},"properties":{"mission_id":131984,"date":"1942-11-02","theater":"MTO","aircraft":"B-24 Liberator","takeoff_base":"AQIR","target_location":"MALEME AERODROME","target_country":"CRETE","total_tons":20.75}},{"type":"Feature","geometry":{"type":"LineString","coordinates":[[29.8514,30.9847],[28.67,30.89]]},"properties":{"mission_id":131994,"date":"1942-11-03","theater":"MTO","aircraft":"B-25 Mitchell","takeoff_base":"LG 88","target_location":"MT ON RAHMAN TRACK GRID 861297","target_country":"EGYPT","total_tons":22.0}},{"type":"Feature","geometry":{"type":"LineString","coordinates":[[86.7107,22.4668],[96.0833,21.9333]]},"properties":{"mission_id":135327,"date":"1942-12-14","theater":"CBI","aircraft":"B-25 Mitchell","takeoff_base":"CHAKULIA","target_location":"MYOHAUNG JUNCTION","target_country":"BURMA","total_tons":9.0}},{"type":"Feature","geometry":{"type":"LineString","coordinates":[[102.7433,24.9922],[105.886,21.041]]},"properties":{"mission_id":135328,"date":"1942-12-14","theater":"CBI","aircraft":"B-25 Mitchell","takeoff_base":"KUNMING","target_location":"HANOI","target_country":"FRENCH INDO CHINA","total_tons":900.0}},{"type":"Feature","geometry":{"type":"LineString","coordinates":[[112.6278,26.9053],[111.631,26.2219]]},"properties":{"mission_id":135390,"date":"1942-08-03","theater":"CBI","aircraft":"B-25 Mitchell","takeoff_base":"HENYANG","target_location":"LINGLING","target_country":"CHINA","total_tons":6.19}},{"type":"Feature","geometry":{"type":"LineString","coordinates":[[29.8514,30.9847],[28.06,31.05]]},"properties":{"mission_id":132302,"date":"1942-11-04","theater":"MTO","aircraft":"B-25 Mitchell","takeoff_base":"LG 88","target_location":"FLEETING TGT - 80.2 31.7 MT CONCENTRATION","target_country":"EGYPT","total_tons":36.0}},{"type":"Feature","geometry":{"type":"LineString","coordinates":[[34.8828,32.0094],[20.05,32.11]]},"properties":{"mission_id":132304,"date":"1942-11-04","theater":"MTO","aircraft":"B-24 Liberator","takeoff_base":"LYDDA","target_location":"BENGHAZI","target_country":"LIBYA","total_tons":22.5}},{"type":"Feature","geometry":{"type":"LineString","coordinates":[[34.8167,31.8333],[23.83,35.53]]},"properties":{"mission_id":132309,"date":"1942-11-04","theater":"MTO","aircraft":"B-24 Liberator","takeoff_base":"AQIR","target_location":"MALEME AERODROME","target_country":"CRETE","total_tons":21.0}},{"type":"Feature","geometry":{"type":"LineString","coordinates":[[29.8514,30.9847],[27.52,31.16]]},"properties":{"mission_id":132315,"date":"1942-11-05","theater":"MTO","aircraft":"B-25 Mitchell","takeoff_base":"LG 88","target_location":"GERMAN FORCES RETREATING FROM EL ALAMEIN GRID 75.0 32.9","target_country":"EGYPT","total_tons":18.0}},{"type":"Feature","geometry":{"type":"LineString","coordinates":[[34.8828,32.0094],[20.05,32.11]]},"properties":{"mission_id":132322,"date":"1942-11-06","theater":"MTO","aircraft":"B-17 Flying Fortress","takeoff_base":"LYDDA","target_location":"BENGHAZI","target_country":"LIBYA","total_tons":15.0}},{"type":"Feature","geometry":{"type":"LineString","coordinates":[[34.8828,32.0094],[23.95,32.04]]},"properties":{"mission_id":132324,"date":"1942-11-06","theater":"MTO","aircraft":"B-24 Liberator","takeoff_base":"LYDDA","target_location":"TOBRUK","target_country":"LIBYA","total_tons":10.0}},{"type":"Feature","geometry":{"type":"LineString","coordinates":[[34.8167,31.8333],[23.83,35.53]]},"properties":{"mission_id":132339,"date":"1942-11-07","theater":"MTO","aircraft":"B-24 Liberator","takeoff_base":"AQIR","target_location":"MALEME AERODROME","target_country":"CRETE","total_tons":15.0}},{"type":"Feature","geometry":{"type":"LineString","coordinates":[[112.6278,26.9053],[111.631,26.2219]]},"properties":{"mission_id":135725,"date":"1942-12-17","theater":"CBI","aircraft":"B-25 Mitchell","takeoff_base":"HENYANG","target_location":"LINGLING","target_country":"CHINA","total_tons":900.0}},{"type":"Feature","geometry":{"type":"LineString","coordinates":[[32.3,30.3167],[10.6,35.83]]},"properties":{"mission_id":135736,"date":"1942-12-18","theater":"MTO","aircraft":"B-24 Liberator","takeoff_base":"FAYID (LG-211)","target_location":"SOUSSE","target_country":"TUNISIA","total_tons":35.0}},{"type":"Feature","geometry":{"type":"LineString","coordinates":[[32.0953,30.5727],[10.6,35.83]]},"properties":{"mission_id":135782,"date":"1942-12-20","theater":"MTO","aircraft":"B-24 Liberator","takeoff_base":"ABU SUEIR","target_location":"SOUSSE","target_country":"TUNISIA","total_tons":6.75}},{"type":"Feature","geometry":{"type":"LineString","coordinates":[[86.7107,22.4668],[96.1332,16.9073]]},"properties":{"mission_id":135783,"date":"1942-12-20","theater":"CBI","aircraft":"B-24 Liberator","takeoff_base":"CHAKULIA","target_location":"MINGALADON","target_country":"BURMA","total_tons":4.05}},{"type":"Feature","geometry":{"type":"LineString","coordinates":[[102.7433,24.9922],[95.6789,22.9016]]},"properties":{"mission_id":135786,"date":"1942-12-20","theater":"CBI","aircraft":"B-25 Mitchell","takeoff_base":"KUNMING","target_location":"LASHIO","target_country":"BURMA","total_tons":1.65}},{"type":"Feature","geometry":{"type":"LineString","coordinates":[[102.7433,24.9922],[95.6789,22.9016]]},"properties":{"mission_id":135787,"date":"1942-10-15","theater":"CBI","aircraft":"B-25 Mitchell","takeoff_base":"KUNMING","target_location":"LASHIO","target_country":"BURMA","total_tons":5.53}},{"type":"Feature","geometry":{"type":"LineString","coordinates":[[32.0953,30.5727],[20.05,32.11]]},"properties":{"mission_id":132719,"date":"1942-11-10","theater":"MTO","aircraft":"B-24 Liberator","takeoff_base":"ABU SUEIR","target_location":"BENGHAZI","target_country":"LIBYA","total_tons":10.0}},{"type":"Feature","geometry":{"type":"LineString","coordinates":[[32.0953,30.5727],[20.05,32.11]]},"properties":{"mission_id":132727,"date":"1942-11-11","theater":"MTO","aircraft":"B-24 Liberator","takeoff_base":"ABU SUEIR","target_location":"BENGHAZI","target_country":"LIBYA","total_tons":27.0}},{"type":"Feature","geometry":{"type":"LineString","coordinates":[[32.0953,30.5727],[20.05,32.11]]},"properties":{"mission_id":132734,"date":"1942-11-12","theater":"MTO","aircraft":"B-24 Liberator","takeoff_base":"ABU SUEIR","target_location":"BENGHAZI","target_country":"LIBYA","total_tons":18.0}},{"type":"Feature","geometry":{"type":"LineString","coordinates":[[24.4181,31.8667],[20.05,32.11]]},"properties":{"mission_id":132743,"date":"1942-11-13","theater":"MTO","aircraft":"B-24 Liberator","takeoff_base":"SHANDUR/LG 159","target_location":"BENGHAZI","target_country":"LIBYA","total_tons":15.0}},{"type":"Feature","geometry":{"type":"LineString","coordinates":[[24.4181,31.8667],[20.05,32.11]]},"properties":{"mission_id":132752,"date":"1942-11-14","theater":"MTO","aircraft":"B-24 Liberator","takeoff_base":"SHANDUR/LG 159","target_location":"BENGHAZI","target_country":"LIBYA","total_tons":24.0}},{"type":"Feature","geometry":{"type":"LineString","coordinates":[[32.0953,30.5727],[25.72,35.19]]},"properties":{"mission_id":132753,"date":"1942-11-14","theater":"MTO","aircraft":"B-17 Flying Fortress","takeoff_base":"ABU SUEIR","target_location":"CANDIA BAY","target_country":"CRETE","total_tons":10.0}},{"type":"Feature","geometry":{"type":"LineString","coordinates":[[12.5972,41.7994],[9.67,46.33]]},"properties":{"mission_id":135909,"date":"1944-06-13","theater":"MTO","aircraft":"North American A-36 Apache (Invader)","takeoff_base":"ROME CIAMPINO AIRFIELD","target_location":"46 20 N 009 40 E","target_country":"ITALY","total_tons":8.75}},{"type":"Feature","geometry":{"type":"LineString","coordinates":[[155.3839,-6.2444],[152.4,-4.4]]},"properties":{"mission_id":135915,"date":"1944-06-13","theater":"PTO","aircraft":"PV-1 Lockeed Ventura","takeoff_base":"BOUGAINVILLE ISLAND","target_location":"KABANGA BAY - CAPE GAZELLE AREA","target_country":null,"total_tons":7.5}},{"type":"Feature","geometry":{"type":"LineString","coordinates":[[12.5972,41.7994],[11.53,42.87]]},"properties":{"mission_id":135917,"date":"1944-06-13","theater":"MTO","aircraft":"North American A-36 Apache (Invader)","takeoff_base":"ROME CIAMPINO AIRFIELD","target_location":"ARCIDOSSO","target_country":"ITALY","total_tons":4.0}},{"type":"Feature","geometry":{"type":"LineString","coordinates":[[12.5972,41.7994],[9.33,44.0]]},"properties":{"mission_id":135918,"date":"1944-06-13","theater":"MTO","aircraft":"North American A-36 Apache (Invader)","takeoff_base":"ROME CIAMPINO AIRFIELD","target_location":"44 00 N 009 20 E","target_country":"ITALY","total_tons":4.0}},{"type":"Feature","geometry":{"type":"LineString","coordinates":[[86.7107,22.4668],[96.1587,16.7692]]},"properties":{"mission_id":136128,"date":"1942-12-20","theater":"CBI","aircraft":"B-24 Liberator","takeoff_base":"CHAKULIA","target_location":"RANGOON","target_country":"BURMA","total_tons":13.5}},{"type":"Feature","geometry":{"type":"LineString","coordinates":[[86.7107,22.4668],[96.1332,16.9073]]},"properties":{"mission_id":136129,"date":"1942-12-20","theater":"CBI","aircraft":"B-24 Liberator","takeoff_base":"CHAKULIA","target_location":"MINGALADON","target_country":"BURMA","total_tons":4.05}},{"type":"Feature","geometry":{"type":"LineString","coordinates":[[86.7107,22.4668],[96.0833,21.9333]]},"properties":{"mission_id":136152,"date":"1942-12-21","theater":"CBI","aircraft":"B-25 Mitchell","takeoff_base":"CHAKULIA","target_location":"MYOHAUNG JUNCTION","target_country":"BURMA","total_tons":9.0}},{"type":"Feature","geometry":{"type":"LineString","coordinates":[[32.3,30.3167],[10.6,35.83]]},"properties":{"mission_id":136177,"date":"1942-12-22","theater":"MTO","aircraft":"B-24 Liberator","takeoff_base":"FAYID (LG-211)","target_location":"SOUSSE","target_country":"TUNISIA","total_tons":0.0}},{"type":"Feature","geometry":{"type":"LineString","coordinates":[[84.9511,24.7444],[96.1587,16.7692]]},"properties":{"mission_id":136178,"date":"1942-12-22","theater":"CBI","aircraft":"B-24 Liberator","takeoff_base":"GAYA","target_location":"RANGOON","target_country":"BURMA","total_tons":11.25}},{"type":"Feature","geometry":{"type":"LineString","coordinates":[[86.7107,22.4668],[96.0858,21.9772]]},"properties":{"mission_id":136179,"date":"1942-12-22","theater":"CBI","aircraft":"B-25 Mitchell","takeoff_base":"CHAKULIA","target_location":"MANDALAY","target_country":"BURMA","total_tons":7.5}},{"type":"Feature","geometry":{"type":"LineString","coordinates":[[102.7433,24.9922],[95.6789,22.9016]]},"properties":{"mission_id":136180,"date":"1942-12-20","theater":"CBI","aircraft":"B-25 Mitchell","takeoff_base":"KUNMING","target_location":"LASHIO","target_country":"BURMA","total_tons":2.43}},{"type":"Feature","geometry":{"type":"LineString","coordinates":[[32.0953,30.5727],[14.28,40.84]]},"properties":{"mission_id":136184,"date":"1942-12-23","theater":"MTO","aircraft":"B-24 Liberator","takeoff_base":"ABU SUEIR","target_location":"NAPLES","target_country":"ITALY","total_tons":4.5}},{"type":"Feature","geometry":{"type":"LineString","coordinates":[[32.0953,30.5727],[17.23,40.47]]},"properties":{"mission_id":136187,"date":"1942-12-23","theater":"MTO","aircraft":"B-24 Liberator","takeoff_base":"ABU SUEIR","target_location":"TARANTO","target_country":"ITALY","total_tons":2.5}},{"type":"Feature","geometry":{"type":"LineString","coordinates":[[32.0953,30.5727],[20.05,32.11]]},"properties":{"mission_id":133039,"date":"1942-11-18","theater":"MTO","aircraft":"B-17 Flying Fortress","takeoff_base":"ABU SUEIR","target_location":"BENGHAZI","target_country":"LIBYA","total_tons":24.0}},{"type":"Feature","geometry":{"type":"LineString","coordinates":[[102.7433,24.9922],[101.5,24.5]]},"properties":{"mission_id":136529,"date":"1942-11-24","theater":"CBI","aircraft":"B-25 Mitchell","takeoff_base":"KUNMING","target_location":"TENGCHUNG","target_country":"CHINA","total_tons":2.8}},{"type":"Feature","geometry":{"type":"LineString","coordinates":[[32.3,30.3167],[10.6,35.83]]},"properties":{"mission_id":136548,"date":"1942-12-26","theater":"MTO","aircraft":"B-24 Liberator","takeoff_base":"FAYID (LG-211)","target_location":"SOUSSE","target_country":"TUNISIA","total_tons":0.0}},{"type":"Feature","geometry":{"type":"LineString","coordinates":[[102.7433,24.9922],[97.9428,24.0135]]},"properties":{"mission_id":136579,"date":"1943-02-08","theater":"CBI","aircraft":"B-25 Mitchell","takeoff_base":"KUNMING","target_location":"MENGMAO","target_country":"FORMOSA AND RYUKYU ISLANDS","total_tons":0.81}},{"type":"Feature","geometry":{"type":"LineString","coordinates":[[32.3,30.3167],[10.6,35.83]]},"properties":{"mission_id":136597,"date":"1942-12-28","theater":"MTO","aircraft":"B-24 Liberator","takeoff_base":"FAYID (LG-211)","target_location":"SOUSSE","target_country":"TUNISIA","total_tons":20.0}},{"type":"Feature","geometry":{"type":"LineString","coordinates":[[84.9511,24.7444],[100.552,13.7088]]},"properties":{"mission_id":136598,"date":"1942-12-28","theater":"CBI","aircraft":"B-24 Liberator","takeoff_base":"GAYA","target_location":"BANKOK","target_country":"THAILAND OR SIAM","total_tons":9.0}},{"type":"Feature","geometry":{"type":"LineString","coordinates":[[84.9511,24.7444],[100.565,14.355]]},"properties":{"mission_id":136599,"date":"1942-12-28","theater":"CBI","aircraft":"B-24 Liberator","takeoff_base":"GAYA","target_location":"AYUTHIA","target_country":"BURMA","total_tons":7.5}},{"type":"Feature","geometry":{"type":"LineString","coordinates":[[84.9511,24.7444],[100.5962,13.9074]]},"properties":{"mission_id":136600,"date":"1942-12-28","theater":"CBI","aircraft":"B-24 Liberator","takeoff_base":"GAYA","target_location":"DON MUANG","target_country":"THAILAND OR SIAM","total_tons":1.5}},{"type":"Feature","geometry":{"type":"LineString","coordinates":[[32.0953,30.5727],[13.08,32.92]]},"properties":{"mission_id":133818,"date":"1942-11-26","theater":"MTO","aircraft":"B-24 Liberator","takeoff_base":"ABU SUEIR","target_location":"TRIPOLI","target_country":"LIBYA","total_tons":20.0}},{"type":"Feature","geometry":{"type":"LineString","coordinates":[[32.0953,30.5727],[26.85,37.16]]},"properties":{"mission_id":133843,"date":"1942-11-27","theater":"MTO","aircraft":"B-17 Flying Fortress","takeoff_base":"ABU SUEIR","target_location":"LEROS ISLAND","target_country":"GREECE","total_tons":7.5}},{"type":"Feature","geometry":{"type":"LineString","coordinates":[[84.9511,24.7444],[96.1587,16.7692]]},"properties":{"mission_id":136920,"date":"1942-12-29","theater":"CBI","aircraft":"B-24 Liberator","takeoff_base":"GAYA","target_location":"RANGOON","target_country":"BURMA","total_tons":12.75}},{"type":"Feature","geometry":{"type":"LineString","coordinates":[[84.9511,24.7444],[96.1587,16.7692]]},"properties":{"mission_id":136921,"date":"1942-12-29","theater":"CBI","aircraft":"B-24 Liberator","takeoff_base":"GAYA","target_location":"RANGOON","target_country":"BURMA","total_tons":9.0}},{"type":"Feature","geometry":{"type":"LineString","coordinates":[[32.0953,30.5727],[13.08,32.92]]},"properties":{"mission_id":133858,"date":"1942-11-28","theater":"MTO","aircraft":"B-24 Liberator","takeoff_base":"ABU SUEIR","target_location":"TRIPOLI","target_country":"LIBYA","total_tons":20.0}},{"type":"Feature","geometry":{"type":"LineString","coordinates":[[86.7107,22.4668],[95.6667,22.5833]]},"properties":{"mission_id":136954,"date":"1942-12-30","theater":"CBI","aircraft":"B-25 Mitchell","takeoff_base":"CHAKULIA","target_location":"SHWEBO","target_country":"BURMA","total_tons":4.5}},{"type":"Feature","geometry":{"type":"LineString","coordinates":[[24.4181,31.8667],[13.08,32.92]]},"properties":{"mission_id":133866,"date":"1942-11-28","theater":"MTO","aircraft":"B-24 Liberator","takeoff_base":"SHANDUR/LG 159","target_location":"TRIPOLI","target_country":"LIBYA","total_tons":21.0}},{"type":"Feature","geometry":{"type":"LineString","coordinates":[[12.5972,41.7994],[9.33,44.0]]},"properties":{"mission_id":137015,"date":"1944-06-14","theater":"MTO","aircraft":"North American A-36 Apache (Invader)","takeoff_base":"ROME CIAMPINO AIRFIELD","target_location":"44 00 N 009 20 E","target_country":"ITALY","total_tons":5.5}},{"type":"Feature","geometry":{"type":"LineString","coordinates":[[12.5972,41.7994],[11.62,43.05]]},"properties":{"mission_id":137021,"date":"1944-06-14","theater":"MTO","aircraft":"North American A-36 Apache (Invader)","takeoff_base":"ROME CIAMPINO AIRFIELD","target_location":"SAN QUIRICO","target_country":"ITALY","total_tons":2.0}},{"type":"Feature","geometry":{"type":"LineString","coordinates":[[24.4181,31.8667],[13.08,32.92]]},"properties":{"mission_id":134250,"date":"1942-12-01","theater":"MTO","aircraft":"B-24 Liberator","takeoff_base":"SHANDUR/LG 159","target_location":"TRIPOLI","target_country":"LIBYA","total_tons":21.0}},{"type":"Feature","geometry":{"type":"LineString","coordinates":[[32.3,30.3167],[8.95,37.0]]},"properties":{"mission_id":137327,"date":"1943-01-01","theater":"MTO","aircraft":"B-24 Liberator","takeoff_base":"FAYID (LG-211)","target_location":"TUNIS","target_country":"TUNISIA","total_tons":32.0}},{"type":"Feature","geometry":{"type":"LineString","coordinates":[[86.7107,22.4668],[95.9961,21.8767]]},"properties":{"mission_id":137330,"date":"1943-01-01","theater":"CBI","aircraft":"B-25 Mitchell","takeoff_base":"CHAKULIA","target_location":"MYITNGE BRIDGE","target_country":"BURMA","total_tons":9.0}},{"type":"Feature","geometry":{"type":"LineString","coordinates":[[86.7107,22.4668],[95.1333,22.1167]]},"properties":{"mission_id":137378,"date":"1943-01-02","theater":"CBI","aircraft":"B-25 Mitchell","takeoff_base":"CHAKULIA","target_location":"MONYWA","target_country":"BURMA","total_tons":9.0}},{"type":"Feature","geometry":{"type":"LineString","coordinates":[[32.0953,30.5727],[14.28,40.84]]},"properties":{"mission_id":134611,"date":"1942-12-04","theater":"MTO","aircraft":"B-24 Liberator","takeoff_base":"ABU SUEIR","target_location":"NAPLES","target_country":"ITALY","total_tons":17.5}},{"type":"Feature","geometry":{"type":"LineString","coordinates":[[24.4181,31.8667],[13.08,32.92]]},"properties":{"mission_id":134614,"date":"1942-12-04","theater":"MTO","aircraft":"B-24 Liberator","takeoff_base":"SHANDUR/LG 159","target_location":"TRIPOLI","target_country":"LIBYA","total_tons":14.0}},{"type":"Feature","geometry":{"type":"LineString","coordinates":[[24.4181,31.8667],[14.29,32.64]]},"properties":{"mission_id":134678,"date":"1942-12-07","theater":"MTO","aircraft":"B-24 Liberator","takeoff_base":"SHANDUR/LG 159","target_location":"LEPTIS MAGNA AIRFIELD (HOMS)","target_country":"LIBYA","total_tons":3.0}},{"type":"Feature","geometry":{"type":"LineString","coordinates":[[24.4181,31.8667],[14.57,32.47]]},"properties":{"mission_id":134679,"date":"1942-12-07","theater":"MTO","aircraft":"B-24 Liberator","takeoff_base":"SHANDUR/LG 159","target_location":"ZLEITEN","target_country":"LIBYA","total_tons":3.0}},{"type":"Feature","geometry":{"type":"LineString","coordinates":[[24.4181,31.8667],[13.08,32.92]]},"properties":{"mission_id":134680,"date":"1942-12-07","theater":"MTO","aircraft":"B-24 Liberator","takeoff_base":"SHANDUR/LG 159","target_location":"TRIPOLI TOWN","target_country":"LIBYA","total_tons":6.0}},{"type":"Feature","geometry":{"type":"LineString","coordinates":[[24.4181,31.8667],[15.1,32.37]]},"properties":{"mission_id":134681,"date":"1942-12-07","theater":"MTO","aircraft":"B-24 Liberator","takeoff_base":"SHANDUR/LG 159","target_location":"MISURATA TOWN","target_country":"LIBYA","total_tons":3.0}},{"type":"Feature","geometry":{"type":"LineString","coordinates":[[32.0953,30.5727],[15.1,32.37]]},"properties":{"mission_id":134682,"date":"1942-12-07","theater":"MTO","aircraft":"B-24 Liberator","takeoff_base":"ABU SUEIR","target_location":"MISRATA","target_country":"LIBYA","total_tons":11.25}},{"type":"Feature","geometry":{"type":"LineString","coordinates":[[84.9511,24.7444],[96.0858,21.9772]]},"properties":{"mission_id":137732,"date":"1943-01-04","theater":"CBI","aircraft":"B-24 Liberator","takeoff_base":"GAYA","target_location":"MANDALAY","target_country":"BURMA","total_tons":13.5}},{"type":"Feature","geometry":{"type":"LineString","coordinates":[[84.9511,24.7444],[96.1587,16.7692]]},"properties":{"mission_id":137734,"date":"1943-01-04","theater":"CBI","aircraft":"B-24 Liberator","takeoff_base":"GAYA","target_location":"RANGOON","target_country":"BURMA","total_tons":4.5}},{"type":"Feature","geometry":{"type":"LineString","coordinates":[[32.0953,30.5727],[14.28,40.84]]},"properties":{"mission_id":134947,"date":"1942-12-11","theater":"MTO","aircraft":"B-24 Liberator","takeoff_base":"ABU SUEIR","target_location":"NAPLES","target_country":"ITALY","total_tons":17.5}},{"type":"Feature","geometry":{"type":"LineString","coordinates":[[24.4181,31.8667],[14.28,40.84]]},"properties":{"mission_id":134951,"date":"1942-12-11","theater":"MTO","aircraft":"B-24 Liberator","takeoff_base":"SHANDUR/LG 159","target_location":"NAPLES","target_country":"GREECE","total_tons":17.0}},{"type":"Feature","geometry":{"type":"LineString","coordinates":[[24.4181,31.8667],[14.28,40.84]]},"properties":{"mission_id":135321,"date":"1942-12-14","theater":"MTO","aircraft":"B-24 Liberator","takeoff_base":"SHANDUR/LG 159","target_location":"NAPLES","target_country":"GREECE","total_tons":17.5}},{"type":"Feature","geometry":{"type":"LineString","coordinates":[[32.15,20.1333],[18.58,30.48]]},"properties":{"mission_id":135345,"date":"1942-12-15","theater":"MTO","aircraft":"B-25 Mitchell","takeoff_base":"MAGRUN LG","target_location":"BETWEEN EL AGHEILA AND MERDUMA","target_country":"LIBYA","total_tons":18.0}},{"type":"Feature","geometry":{"type":"LineString","coordinates":[[32.0953,30.5727],[10.69,34.72]]},"properties":{"mission_id":135346,"date":"1942-12-15","theater":"MTO","aircraft":"B-24 Liberator","takeoff_base":"ABU SUEIR","target_location":"SFAX ROUNDHOUSE/ M/Y","target_country":"TUNISIA","total_tons":18.0}},{"type":"Feature","geometry":{"type":"LineString","coordinates":[[32.0953,30.5727],[13.36,38.13]]},"properties":{"mission_id":138152,"date":"1943-01-07","theater":"MTO","aircraft":"B-24 Liberator","takeoff_base":"ABU SUEIR","target_location":"PALERMO","target_country":"ITALY","total_tons":0.0}},{"type":"Feature","geometry":{"type":"LineString","coordinates":[[84.9511,24.7444],[95.9961,21.8767]]},"properties":{"mission_id":138154,"date":"1943-01-07","theater":"CBI","aircraft":"B-24 Liberator","takeoff_base":"GAYA","target_location":"MYITNGE BRIDGE","target_country":"BURMA","total_tons":14.25}},{"type":"Feature","geometry":{"type":"LineString","coordinates":[[84.9511,24.7444],[97.6256,16.4914]]},"properties":{"mission_id":138155,"date":"1943-01-07","theater":"CBI","aircraft":"B-24 Liberator","takeoff_base":"GAYA","target_location":"MOULMEIN","target_country":"BURMA","total_tons":6.0}},{"type":"Feature","geometry":{"type":"LineString","coordinates":[[32.0953,30.5727],[9.85,37.3]]},"properties":{"mission_id":138163,"date":"1943-01-08","theater":"MTO","aircraft":"B-24 Liberator","takeoff_base":"ABU SUEIR","target_location":"BIZERTE","target_country":"TUNISIA","total_tons":7.5}},{"type":"Feature","geometry":{"type":"LineString","coordinates":[[32.15,20.1333],[18.58,30.48]]},"properties":{"mission_id":135375,"date":"1942-12-16","theater":"MTO","aircraft":"B-25 Mitchell","takeoff_base":"MAGRUN LG","target_location":"BETWEEN EL AGHEILA AND MERDUMA","target_country":"LIBYA","total_tons":23.0}},{"type":"Feature","geometry":{"type":"LineString","coordinates":[[102.7433,24.9922],[97.2333,24.25]]},"properties":{"mission_id":138181,"date":"1942-08-30","theater":"CBI","aircraft":"B-25 Mitchell","takeoff_base":"KUNMING","target_location":"BHAMO","target_country":"BURMA","total_tons":4.86}},{"type":"Feature","geometry":{"type":"LineString","coordinates":[[32.3,30.3167],[9.85,37.3]]},"properties":{"mission_id":138508,"date":"1943-01-08","theater":"MTO","aircraft":"B-24 Liberator","takeoff_base":"FAYID (LG-211)","target_location":"BIZERTE","target_country":"TUNISIA","total_tons":17.5}},{"type":"Feature","geometry":{"type":"LineString","coordinates":[[102.7433,24.9922],[97.2333,24.25]]},"properties":{"mission_id":138544,"date":"1943-01-08","theater":"CBI","aircraft":"B-25 Mitchell","takeoff_base":"KUNMING","target_location":"BHAMO","target_country":"BURMA","total_tons":4.05}},{"type":"Feature","geometry":{"type":"LineString","coordinates":[[24.4181,31.8667],[10.6,35.83]]},"properties":{"mission_id":135734,"date":"1942-12-18","theater":"MTO","aircraft":"B-24 Liberator","takeoff_base":"SHANDUR/LG 159","target_location":"SOUSSE","target_country":"TUNISIA","total_tons":17.5}},{"type":"Feature","geometry":{"type":"LineString","coordinates":[[86.7107,22.4668],[95.9961,21.8767]]},"properties":{"mission_id":138568,"date":"1943-01-10","theater":"CBI","aircraft":"B-25 Mitchell","takeoff_base":"CHAKULIA","target_location":"MYITNGE BRIDGE","target_country":"BURMA","total_tons":12.0}},{"type":"Feature","geometry":{"type":"LineString","coordinates":[[86.7107,22.4668],[96.4667,22.0333]]},"properties":{"mission_id":138569,"date":"1943-01-10","theater":"CBI","aircraft":"B-25 Mitchell","takeoff_base":"CHAKULIA","target_location":"MAYMYO","target_country":"BURMA","total_tons":11.0}},{"type":"Feature","geometry":{"type":"LineString","coordinates":[[24.4181,31.8667],[14.27,35.65]]},"properties":{"mission_id":138576,"date":"1943-01-11","theater":"MTO","aircraft":"B-24 Liberator","takeoff_base":"SHANDUR/LG 159","target_location":"MISRATE AREA","target_country":"LIBYA","total_tons":2.0}},{"type":"Feature","geometry":{"type":"LineString","coordinates":[[24.4181,31.8667],[15.13,32.37]]},"properties":{"mission_id":138577,"date":"1943-01-11","theater":"MTO","aircraft":"B-24 Liberator","takeoff_base":"SHANDUR/LG 159","target_location":"TRIPOLI RD JNCTN Q35/36","target_country":"LIBYA","total_tons":8.0}},{"type":"Feature","geometry":{"type":"LineString","coordinates":[[32.3,30.3167],[24.07,35.49]]},"properties":{"mission_id":138591,"date":"1943-01-12","theater":"MTO","aircraft":"B-24 Liberator","takeoff_base":"FAYID (LG-211)","target_location":"SUDA BAY","target_country":"CRETE","total_tons":0.0}},{"type":"Feature","geometry":{"type":"LineString","coordinates":[[12.5972,41.7994],[10.33,43.33]]},"properties":{"mission_id":138650,"date":"1944-06-15","theater":"MTO","aircraft":"North American A-36 Apache (Invader)","takeoff_base":"ROME CIAMPINO AIRFIELD","target_location":"43 20 N 010 20 E","target_country":"ITALY","total_tons":5.25}},{"type":"Feature","geometry":{"type":"LineString","coordinates":[[12.5972,41.7994],[9.33,44.0]]},"properties":{"mission_id":138656,"date":"1944-06-15","theater":"MTO","aircraft":"North American A-36 Apache (Invader)","takeoff_base":"ROME CIAMPINO AIRFIELD","target_location":"44 00 N 009 20 E","target_country":"ITALY","total_tons":3.25}},{"type":"Feature","geometry":{"type":"LineString","coordinates":[[24.4181,31.8667],[11.07,35.5]]},"properties":{"mission_id":136163,"date":"1942-12-22","theater":"MTO","aircraft":"B-24 Liberator","takeoff_base":"SHANDUR/LG 159","target_location":"MAHDIA MY 30 MI SOUTH OF SOUSSE","target_country":"TUNISIA","total_tons":3.0}},{"type":"Feature","geometry":{"type":"LineString","coordinates":[[24.4181,31.8667],[10.6,35.83]]},"properties":{"mission_id":136164,"date":"1942-12-22","theater":"MTO","aircraft":"B-24 Liberator","takeoff_base":"SHANDUR/LG 159","target_location":"SOUSSE","target_country":"TUNISIA","total_tons":3.0}},{"type":"Feature","geometry":{"type":"LineString","coordinates":[[32.0953,30.5727],[14.28,40.84]]},"properties":{"mission_id":136182,"date":"1942-12-23","theater":"MTO","aircraft":"B-24 Liberator","takeoff_base":"ABU SUEIR","target_location":"NAPLES","target_country":"ITALY","total_tons":11.25}},{"type":"Feature","geometry":{"type":"LineString","coordinates":[[102.7433,24.9922],[98.6833,24.5833]]},"properties":{"mission_id":136191,"date":"1942-11-24","theater":"CBI","aircraft":"Curtiss P-40 Warhawk","takeoff_base":"KUNMING","target_location":"LUNGLING","target_country":"CHINA","total_tons":0.55}},{"type":"Feature","geometry":{"type":"LineString","coordinates":[[32.3,30.3167],[13.08,32.92]]},"properties":{"mission_id":138945,"date":"1943-01-13","theater":"MTO","aircraft":"B-24 Liberator","takeoff_base":"FAYID (LG-211)","target_location":"TRIPOLI","target_country":"LIBYA","total_tons":0.0}},{"type":"Feature","geometry":{"type":"LineString","coordinates":[[102.7433,24.9922],[97.2333,24.25]]},"properties":{"mission_id":138992,"date":"1943-01-09","theater":"CBI","aircraft":"Curtiss P-40 Warhawk","takeoff_base":"KUNMING","target_location":"BHAMO","target_country":"BURMA","total_tons":1.1}},{"type":"Feature","geometry":{"type":"LineString","coordinates":[[102.7433,24.9922],[95.6789,22.9016]]},"properties":{"mission_id":136561,"date":"1942-12-26","theater":"CBI","aircraft":"B-25 Mitchell","takeoff_base":"KUNMING","target_location":"LASHIO","target_country":"BURMA","total_tons":10.65}},{"type":"Feature","geometry":{"type":"LineString","coordinates":[[24.4181,31.8667],[10.6,35.83]]},"properties":{"mission_id":136563,"date":"1942-12-27","theater":"MTO","aircraft":"B-24 Liberator","takeoff_base":"SHANDUR/LG 159","target_location":"SOUSSE","target_country":"TUNISIA","total_tons":18.0}},{"type":"Feature","geometry":{"type":"LineString","coordinates":[[32.0953,30.5727],[10.6,35.83]]},"properties":{"mission_id":136583,"date":"1942-12-28","theater":"MTO","aircraft":"B-24 Liberator","takeoff_base":"ABU SUEIR","target_location":"SOUSSE","target_country":"TUNISIA","total_tons":18.0}},{"type":"Feature","geometry":{"type":"LineString","coordinates":[[32.3,30.3167],[13.08,32.92]]},"properties":{"mission_id":139317,"date":"1943-01-15","theater":"MTO","aircraft":"B-24 Liberator","takeoff_base":"FAYID (LG-211)","target_location":"TRIPOLI","target_country":"LIBYA","total_tons":17.5}},{"type":"Feature","geometry":{"type":"LineString","coordinates":[[84.9511,24.7444],[96.8667,16.6333]]},"properties":{"mission_id":139318,"date":"1943-01-15","theater":"CBI","aircraft":"B-24 Liberator","takeoff_base":"GAYA","target_location":"GULF OF MARTABAN","target_country":"BURMA","total_tons":13.5}},{"type":"Feature","geometry":{"type":"LineString","coordinates":[[32.0953,30.5727],[13.08,32.92]]},"properties":{"mission_id":139321,"date":"1943-01-16","theater":"MTO","aircraft":"B-24 Liberator","takeoff_base":"ABU SUEIR","target_location":"TRIPOLI","target_country":"LIBYA","total_tons":10.0}},{"type":"Feature","geometry":{"type":"LineString","coordinates":[[102.7433,24.9922],[95.6789,22.9016]]},"properties":{"mission_id":139331,"date":"1942-10-29","theater":"CBI","aircraft":"B-25 Mitchell","takeoff_base":"KUNMING","target_location":"LASHIO","target_country":"BURMA","total_tons":4.86}},{"type":"Feature","geometry":{"type":"LineString","coordinates":[[84.9511,24.7444],[96.8667,16.6333]]},"properties":{"mission_id":139349,"date":"1943-01-16","theater":"CBI","aircraft":"B-24 Liberator","takeoff_base":"GAYA","target_location":"GULF OF MARTABAN","target_country":"BURMA","total_tons":5.75}},{"type":"Feature","geometry":{"type":"LineString","coordinates":[[86.7107,22.4668],[96.4667,22.0333]]},"properties":{"mission_id":139380,"date":"1943-01-17","theater":"CBI","aircraft":"B-25 Mitchell","takeoff_base":"CHAKULIA","target_location":"MAYMYO","target_country":"BURMA","total_tons":7.25}},{"type":"Feature","geometry":{"type":"LineString","coordinates":[[86.7107,22.4668],[96.4667,22.0333]]},"properties":{"mission_id":139381,"date":"1943-01-17","theater":"CBI","aircraft":"B-25 Mitchell","takeoff_base":"CHAKULIA","target_location":"MAYMYO","target_country":"BURMA","total_tons":5.75}},{"type":"Feature","geometry":{"type":"LineString","coordinates":[[32.3,30.3167],[13.08,32.92]]},"properties":{"mission_id":139393,"date":"1943-01-18","theater":"MTO","aircraft":"B-24 Liberator","takeoff_base":"FAYID (LG-211)","target_location":"TRIPOLI","target_country":"LIBYA","total_tons":5.0}},{"type":"Feature","geometry":{"type":"LineString","coordinates":[[32.3,30.3167],[13.08,32.92]]},"properties":{"mission_id":139394,"date":"1943-01-18","theater":"MTO","aircraft":"B-24 Liberator","takeoff_base":"FAYID (LG-211)","target_location":"TRIPOLI","target_country":"LIBYA","total_tons":17.5}},{"type":"Feature","geometry":{"type":"LineString","coordinates":[[24.4181,31.8667],[10.69,34.72]]},"properties":{"mission_id":136928,"date":"1942-12-30","theater":"MTO","aircraft":"B-24 Liberator","takeoff_base":"SHANDUR/LG 159","target_location":"SFAX","target_country":"TUNISIA","total_tons":18.0}},{"type":"Feature","geometry":{"type":"LineString","coordinates":[[84.9511,24.7444],[96.05,20.85]]},"properties":{"mission_id":139715,"date":"1943-01-19","theater":"CBI","aircraft":"B-24 Liberator","takeoff_base":"GAYA","target_location":"THAZI","target_country":"BURMA","total_tons":9.0}},{"type":"Feature","geometry":{"type":"LineString","coordinates":[[87.3477,23.6461],[94.7167,16.7667]]},"properties":{"mission_id":139716,"date":"1943-01-19","theater":"CBI","aircraft":"B-24 Liberator","takeoff_base":"PANDAVESWAR","target_location":"BASSEIN","target_country":"BURMA","total_tons":4.5}},{"type":"Feature","geometry":{"type":"LineString","coordinates":[[32.3,30.3167],[13.08,32.92]]},"properties":{"mission_id":139740,"date":"1943-01-20","theater":"MTO","aircraft":"B-24 Liberator","takeoff_base":"FAYID (LG-211)","target_location":"TRIPOLI","target_country":"LIBYA","total_tons":16.0}},{"type":"Feature","geometry":{"type":"LineString","coordinates":[[12.5972,41.7994],[10.67,43.0]]},"properties":{"mission_id":139847,"date":"1944-06-16","theater":"MTO","aircraft":"North American A-36 Apache (Invader)","takeoff_base":"ROME CIAMPINO AIRFIELD","target_location":"43 00 N 010 40 E","target_country":"ITALY","total_tons":11.5}},{"type":"Feature","geometry":{"type":"LineString","coordinates":[[12.5972,41.7994],[10.75,43.33]]},"properties":{"mission_id":139869,"date":"1944-06-16","theater":"MTO","aircraft":"North American A-36 Apache (Invader)","takeoff_base":"ROME CIAMPINO AIRFIELD","target_location":"PONTEGINORI","target_country":"ITALY","total_tons":2.0}},{"type":"Feature","geometry":{"type":"LineString","coordinates":[[32.0953,30.5727],[25.33,35.2]]},"properties":{"mission_id":137335,"date":"1943-01-02","theater":"MTO","aircraft":"B-24 Liberator","takeoff_base":"ABU SUEIR","target_location":"KASTELLI","target_country":"CRETE","total_tons":36.0}},{"type":"Feature","geometry":{"type":"LineString","coordinates":[[32.3,30.3167],[13.36,38.13]]},"properties":{"mission_id":140097,"date":"1943-01-23","theater":"MTO","aircraft":"B-24 Liberator","takeoff_base":"FAYID (LG-211)","target_location":"PALERMO","target_country":"ITALY","total_tons":12.5}},{"type":"Feature","geometry":{"type":"LineString","coordinates":[[32.0953,30.5727],[14.28,40.84]]},"properties":{"mission_id":140098,"date":"1943-01-23","theater":"MTO","aircraft":"B-24 Liberator","takeoff_base":"ABU SUEIR","target_location":"NAPLES","target_country":"ITALY","total_tons":0.0}},{"type":"Feature","geometry":{"type":"LineString","coordinates":[[24.4181,31.8667],[10.6,35.83]]},"properties":{"mission_id":137757,"date":"1943-01-05","theater":"MTO","aircraft":"B-24 Liberator","takeoff_base":"SHANDUR/LG 159","target_location":"SFAX","target_country":"TUNISIA","total_tons":12.0}},{"type":"Feature","geometry":{"type":"LineString","coordinates":[[24.4181,31.8667],[10.18,36.8]]},"properties":{"mission_id":137758,"date":"1943-01-05","theater":"MTO","aircraft":"B-24 Liberator","takeoff_base":"SHANDUR/LG 159","target_location":"TUNIS","target_country":"TUNISIA","total_tons":6.0}},{"type":"Feature","geometry":{"type":"LineString","coordinates":[[84.9511,24.7444],[96.1587,16.7692]]},"properties":{"mission_id":140424,"date":"1943-01-24","theater":"CBI","aircraft":"B-24 Liberator","takeoff_base":"GAYA","target_location":"RANGOON","target_country":"BURMA","total_tons":20.25}},{"type":"Feature","geometry":{"type":"LineString","coordinates":[[86.7107,22.4668],[95.9961,21.8767]]},"properties":{"mission_id":140436,"date":"1943-01-25","theater":"CBI","aircraft":"B-25 Mitchell","takeoff_base":"CHAKULIA","target_location":"MYITNGE BRIDGE","target_country":"BURMA","total_tons":7.5}},{"type":"Feature","geometry":{"type":"LineString","coordinates":[[32.3,30.3167],[14.28,40.84]]},"properties":{"mission_id":140459,"date":"1943-01-26","theater":"MTO","aircraft":"B-24 Liberator","takeoff_base":"FAYID (LG-211)","target_location":"NAPLES","target_country":"ITALY","total_tons":13.5}},{"type":"Feature","geometry":{"type":"LineString","coordinates":[[86.7107,22.4668],[96.0858,21.9772]]},"properties":{"mission_id":140463,"date":"1943-01-26","theater":"CBI","aircraft":"B-25 Mitchell","takeoff_base":"CHAKULIA","target_location":"MANDALAY","target_country":"BURMA","total_tons":9.0}},{"type":"Feature","geometry":{"type":"LineString","coordinates":[[24.4181,31.8667],[132.07,32.9]]},"properties":{"mission_id":138179,"date":"1943-01-08","theater":"MTO","aircraft":"B-24 Liberator","takeoff_base":"SHANDUR/LG 159","target_location":"MELLAMA AERODROME","target_country":"LIBYA","total_tons":2.0}},{"type":"Feature","geometry":{"type":"LineString","coordinates":[[24.4181,31.8667],[13.23,32.88]]},"properties":{"mission_id":138180,"date":"1943-01-08","theater":"MTO","aircraft":"B-24 Liberator","takeoff_base":"SHANDUR/LG 159","target_location":"TRIPOLI RD JNCTN","target_country":"LIBYA","total_tons":15.0}},{"type":"Feature","geometry":{"type":"LineString","coordinates":[[84.9511,24.7444],[96.1587,16.7692]]},"properties":{"mission_id":140835,"date":"1943-01-28","theater":"CBI","aircraft":"B-24 Liberator","takeoff_base":"GAYA","target_location":"RANGOON","target_country":"BURMA","total_tons":15.25}},{"type":"Feature","geometry":{"type":"LineString","coordinates":[[32.3,30.3167],[15.57,38.19]]},"properties":{"mission_id":140897,"date":"1943-01-30","theater":"MTO","aircraft":"B-24 Liberator","takeoff_base":"FAYID (LG-211)","target_location":"MESSINA","target_country":"ITALY","total_tons":1.5}},{"type":"Feature","geometry":{"type":"LineString","coordinates":[[32.3,30.3167],[15.57,38.19]]},"properties":{"mission_id":140898,"date":"1943-01-30","theater":"MTO","aircraft":"B-24 Liberator","takeoff_base":"FAYID (LG-211)","target_location":"MESSINA","target_country":"ITALY","total_tons":9.0}},{"type":"Feature","geometry":{"type":"LineString","coordinates":[[32.5333,30.1833],[13.18,32.88]]},"properties":{"mission_id":138554,"date":"1943-01-10","theater":"MTO","aircraft":"B-24 Liberator","takeoff_base":"SHANDUR/LG 159","target_location":"MISRATE AREA","target_country":"LIBYA","total_tons":3.0}},{"type":"Feature","geometry":{"type":"LineString","coordinates":[[32.5333,30.1833],[15.13,32.37]]},"properties":{"mission_id":138555,"date":"1943-01-10","theater":"MTO","aircraft":"B-24 Liberator","takeoff_base":"SHANDUR/LG 159","target_location":"TRIPOLI RD JNCTN Q35/36","target_country":"LIBYA","total_tons":9.0}},{"type":"Feature","geometry":{"type":"LineString","coordinates":[[32.0953,30.5727],[14.28,40.84]]},"properties":{"mission_id":138573,"date":"1943-01-11","theater":"MTO","aircraft":"B-24 Liberator","takeoff_base":"ABU SUEIR","target_location":"NAPLES","target_country":"ITALY","total_tons":22.5}},{"type":"Feature","geometry":{"type":"LineString","coordinates":[[32.5333,30.1833],[14.27,35.65]]},"properties":{"mission_id":138593,"date":"1943-01-13","theater":"MTO","aircraft":"B-24 Liberator","takeoff_base":"SHANDUR/LG 159","target_location":"MISRATE AREA","target_country":"LIBYA","total_tons":3.0}},{"type":"Feature","geometry":{"type":"LineString","coordinates":[[32.5333,30.1833],[15.13,32.37]]},"properties":{"mission_id":138594,"date":"1943-01-13","theater":"MTO","aircraft":"B-24 Liberator","takeoff_base":"SHANDUR/LG 159","target_location":"TRIPOLI RD JNCTN Q35/36","target_country":"LIBYA","total_tons":12.0}},{"type":"Feature","geometry":{"type":"LineString","coordinates":[[32.0953,30.5727],[15.57,38.19]]},"properties":{"mission_id":141207,"date":"1943-01-31","theater":"MTO","aircraft":"B-24 Liberator","takeoff_base":"ABU SUEIR","target_location":"MESSINA","target_country":"ITALY","total_tons":27.0}},{"type":"Feature","geometry":{"type":"LineString","coordinates":[[32.3,30.3167],[15.57,38.19]]},"properties":{"mission_id":141221,"date":"1943-01-31","theater":"MTO","aircraft":"B-24 Liberator","takeoff_base":"FAYID (LG-211)","target_location":"MESSINA","target_country":"ITALY","total_tons":21.0}},{"type":"Feature","geometry":{"type":"LineString","coordinates":[[84.9511,24.7444],[96.1587,16.7692]]},"properties":{"mission_id":141234,"date":"1943-02-01","theater":"CBI","aircraft":"B-24 Liberator","takeoff_base":"GAYA","target_location":"RANGOON","target_country":"BURMA","total_tons":15.0}},{"type":"Feature","geometry":{"type":"LineString","coordinates":[[84.9511,24.7444],[92.7353,11.684]]},"properties":{"mission_id":141235,"date":"1943-02-01","theater":"CBI","aircraft":"B-24 Liberator","takeoff_base":"GAYA","target_location":"PORT BLAIR","target_country":"ANDAMAN ISLANDS","total_tons":0.0}},{"type":"Feature","geometry":{"type":"LineString","coordinates":[[32.0953,30.5727],[15.57,38.19]]},"properties":{"mission_id":141263,"date":"1943-02-03","theater":"MTO","aircraft":"B-24 Liberator","takeoff_base":"ABU SUEIR","target_location":"MESSINA","target_country":"ITALY","total_tons":13.5}},{"type":"Feature","geometry":{"type":"LineString","coordinates":[[24.4181,31.8667],[15.13,32.37]]},"properties":{"mission_id":138956,"date":"1943-01-14","theater":"MTO","aircraft":"B-24 Liberator","takeoff_base":"SHANDUR/LG 159","target_location":"MISRATE AREA","target_country":"LIBYA","total_tons":3.0}},{"type":"Feature","geometry":{"type":"LineString","coordinates":[[24.4181,31.8667],[13.18,32.88]]},"properties":{"mission_id":138957,"date":"1943-01-14","theater":"MTO","aircraft":"B-24 Liberator","takeoff_base":"SHANDUR/LG 159","target_location":"TRIPOLI RD JNCTN Q35/36","target_country":"LIBYA","total_tons":8.0}},{"type":"Feature","geometry":{"type":"LineString","coordinates":[[32.3,30.3167],[15.57,38.19]]},"properties":{"mission_id":141612,"date":"1943-02-03","theater":"MTO","aircraft":"B-24 Liberator","takeoff_base":"FAYID (LG-211)","target_location":"MESSINA","target_country":"ITALY","total_tons":24.75}},{"type":"Feature","geometry":{"type":"LineString","coordinates":[[87.32,23.08],[95.9961,21.8767]]},"properties":{"mission_id":141670,"date":"1943-02-04","theater":"CBI","aircraft":"B-24 Liberator","takeoff_base":"BISHINUPUR","target_location":"MYITNGE BRIDGE","target_country":"BURMA","total_tons":17.5}},{"type":"Feature","geometry":{"type":"LineString","coordinates":[[86.7107,22.4668],[95.9961,21.8767]]},"properties":{"mission_id":141671,"date":"1943-02-04","theater":"CBI","aircraft":"B-25 Mitchell","takeoff_base":"CHAKULIA","target_location":"MYITNGE BRIDGE","target_country":"BURMA","total_tons":6.0}},{"type":"Feature","geometry":{"type":"LineString","coordinates":[[86.7107,22.4668],[96.0667,21.85]]},"properties":{"mission_id":141672,"date":"1943-02-04","theater":"CBI","aircraft":"B-25 Mitchell","takeoff_base":"CHAKULIA","target_location":"MYITNGE","target_country":"BURMA","total_tons":3.72}},{"type":"Feature","geometry":{"type":"LineString","coordinates":[[84.9511,24.7444],[95.9961,21.8767]]},"properties":{"mission_id":141684,"date":"1943-02-05","theater":"CBI","aircraft":"B-24 Liberator","takeoff_base":"GAYA","target_location":"MYITNGE BRIDGE","target_country":"BURMA","total_tons":12.5}},{"type":"Feature","geometry":{"type":"LineString","coordinates":[[86.7107,22.4668],[95.9961,21.8767]]},"properties":{"mission_id":141685,"date":"1943-02-05","theater":"CBI","aircraft":"B-25 Mitchell","takeoff_base":"CHAKULIA","target_location":"MYITNGE BRIDGE","target_country":"BURMA","total_tons":7.2}},{"type":"Feature","geometry":{"type":"LineString","coordinates":[[24.4847,31.8681],[14.28,40.84]]},"properties":{"mission_id":141695,"date":"1943-02-07","theater":"MTO","aircraft":"B-24 Liberator","takeoff_base":"GAMBUT MAIN","target_location":"NAPLES","target_country":"ITALY","total_tons":18.0}},{"type":"Feature","geometry":{"type":"LineString","coordinates":[[12.484,30.7019],[13.16,32.67]]},"properties":{"mission_id":139396,"date":"1943-01-19","theater":"MTO","aircraft":"B-25 Mitchell","takeoff_base":"TMED EL CHEL","target_location":"BATTLE AREA WEST OF TARHUNA","target_country":"LIBYA","total_tons":12.9}},{"type":"Feature","geometry":{"type":"LineString","coordinates":[[32.3,30.3167],[15.57,38.19]]},"properties":{"mission_id":141915,"date":"1943-02-07","theater":"MTO","aircraft":"B-24 Liberator","takeoff_base":"FAYID (LG-211)","target_location":"MESSINA","target_country":"ITALY","total_tons":1.5}},{"type":"Feature","geometry":{"type":"LineString","coordinates":[[102.7433,24.9922],[98.5886,24.4337]]},"properties":{"mission_id":141920,"date":"1943-02-28","theater":"CBI","aircraft":"Curtiss P-40 Warhawk","takeoff_base":"KUNMING","target_location":"MANGSHIH & KUTKAI","target_country":"FORMOSA AND RYUKYU ISLANDS","total_tons":0.4}},{"type":"Feature","geometry":{"type":"LineString","coordinates":[[32.3,30.3167],[15.57,38.19]]},"properties":{"mission_id":141955,"date":"1943-02-08","theater":"MTO","aircraft":"B-24 Liberator","takeoff_base":"FAYID (LG-211)","target_location":"MESSINA","target_country":"ITALY","total_tons":30.0}},{"type":"Feature","geometry":{"type":"LineString","coordinates":[[84.9511,24.7444],[96.1587,16.7692]]},"properties":{"mission_id":141956,"date":"1943-02-08","theater":"CBI","aircraft":"B-24 Liberator","takeoff_base":"GAYA","target_location":"RANGOON","target_country":"BURMA","total_tons":13.75}},{"type":"Feature","geometry":{"type":"LineString","coordinates":[[87.3477,23.6461],[96.1587,16.7692]]},"properties":{"mission_id":141957,"date":"1943-02-08","theater":"CBI","aircraft":"B-24 Liberator","takeoff_base":"PANDAVESWAR","target_location":"RANGOON","target_country":"BURMA","total_tons":13.5}},{"type":"Feature","geometry":{"type":"LineString","coordinates":[[87.32,23.08],[96.1587,16.7692]]},"properties":{"mission_id":141958,"date":"1943-02-08","theater":"CBI","aircraft":"B-24 Liberator","takeoff_base":"BISHINUPUR","target_location":"RANGOON","target_country":"BURMA","total_tons":13.5}},{"type":"Feature","geometry":{"type":"LineString","coordinates":[[84.9511,24.7444],[96.1587,16.7692]]},"properties":{"mission_id":141959,"date":"1943-02-08","theater":"CBI","aircraft":"B-24 Liberator","takeoff_base":"GAYA","target_location":"RANGOON","target_country":"BURMA","total_tons":11.25}},{"type":"Feature","geometry":{"type":"LineString","coordinates":[[87.32,23.08],[96.1332,16.9073]]},"properties":{"mission_id":141960,"date":"1943-02-08","theater":"CBI","aircraft":"B-24 Liberator","takeoff_base":"BISHINUPUR","target_location":"MINGALADON","target_country":"BURMA","total_tons":4.05}},{"type":"Feature","geometry":{"type":"LineString","coordinates":[[86.7107,22.4668],[96.05,20.85]]},"properties":{"mission_id":141971,"date":"1943-02-09","theater":"CBI","aircraft":"B-25 Mitchell","takeoff_base":"CHAKULIA","target_location":"THAZI","target_country":"BURMA","total_tons":9.72}},{"type":"Feature","geometry":{"type":"LineString","coordinates":[[102.7433,24.9922],[98.8754,24.1517]]},"properties":{"mission_id":141973,"date":"1942-08-28","theater":"CBI","aircraft":"Curtiss P-40 Warhawk","takeoff_base":"KUNMING","target_location":"SALWEEN RIVER?","target_country":"BURMA","total_tons":0.4}},{"type":"Feature","geometry":{"type":"LineString","coordinates":[[102.7433,24.9922],[97.2333,24.25]]},"properties":{"mission_id":141974,"date":"1943-01-15","theater":"CBI","aircraft":"Curtiss P-40 Warhawk","takeoff_base":"KUNMING","target_location":"BHAMO","target_country":"BURMA","total_tons":0.2}},{"type":"Feature","geometry":{"type":"LineString","coordinates":[[86.7107,22.4668],[96.4667,22.0333]]},"properties":{"mission_id":141990,"date":"1943-02-10","theater":"CBI","aircraft":"B-25 Mitchell","takeoff_base":"CHAKULIA","target_location":"MAYMYO","target_country":"BURMA","total_tons":9.0}},{"type":"Feature","geometry":{"type":"LineString","coordinates":[[32.0953,30.5727],[13.08,32.92]]},"properties":{"mission_id":139718,"date":"1943-01-20","theater":"MTO","aircraft":"B-24 Liberator","takeoff_base":"ABU SUEIR","target_location":"TRIPOLI","target_country":"LIBYA","total_tons":22.5}},{"type":"Feature","geometry":{"type":"LineString","coordinates":[[12.484,30.7019],[10.51,33.35]]},"properties":{"mission_id":139792,"date":"1943-01-22","theater":"MTO","aircraft":"B-25 Mitchell","takeoff_base":"TMED EL CHEL","target_location":"LG WEST OF MEDENINE AND BEN GARDANE","target_country":"TUNISIA","total_tons":1.5}},{"type":"Feature","geometry":{"type":"LineString","coordinates":[[87.3477,23.6461],[95.9961,21.8767]]},"properties":{"mission_id":142341,"date":"1943-02-12","theater":"CBI","aircraft":"B-24 Liberator","takeoff_base":"PANDAVESWAR","target_location":"MYITNGE BRIDGE","target_country":"BURMA","total_tons":19.0}},{"type":"Feature","geometry":{"type":"LineString","coordinates":[[87.32,23.08],[96.1587,16.7692]]},"properties":{"mission_id":142342,"date":"1943-02-12","theater":"CBI","aircraft":"B-24 Liberator","takeoff_base":"BISHINUPUR","target_location":"RANGOON","target_country":"BURMA","total_tons":11.25}},{"type":"Feature","geometry":{"type":"LineString","coordinates":[[32.3,30.3167],[14.28,40.84]]},"properties":{"mission_id":142371,"date":"1943-02-13","theater":"MTO","aircraft":"B-24 Liberator","takeoff_base":"FAYID (LG-211)","target_location":"NAPLES","target_country":"ITALY","total_tons":31.5}},{"type":"Feature","geometry":{"type":"LineString","coordinates":[[86.7107,22.4668],[95.75,22.3333]]},"properties":{"mission_id":142372,"date":"1943-02-13","theater":"CBI","aircraft":"B-25 Mitchell","takeoff_base":"CHAKULIA","target_location":"WETLET","target_country":"BURMA","total_tons":1.2}},{"type":"Feature","geometry":{"type":"LineString","coordinates":[[86.7107,22.4668],[95.9333,21.1]]},"properties":{"mission_id":142373,"date":"1943-02-13","theater":"CBI","aircraft":"B-25 Mitchell","takeoff_base":"CHAKULIA","target_location":"PAUK KAN","target_country":"BURMA","total_tons":1.2}},{"type":"Feature","geometry":{"type":"LineString","coordinates":[[155.3839,-6.2444],[155.2333,-5.8667]]},"properties":{"mission_id":142694,"date":"1944-06-19","theater":"PTO","aircraft":"PV-1 Lockeed Ventura","takeoff_base":"BOUGAINVILLE ISLAND","target_location":"NUMA NUMA","target_country":"SOLOMON ISLANDS","total_tons":21.0}},{"type":"Feature","geometry":{"type":"LineString","coordinates":[[86.7107,22.4668],[95.9961,21.8767]]},"properties":{"mission_id":142719,"date":"1943-02-14","theater":"CBI","aircraft":"B-25 Mitchell","takeoff_base":"CHAKULIA","target_location":"MYITNGE BRIDGE","target_country":"BURMA","total_tons":8.5}},{"type":"Feature","geometry":{"type":"LineString","coordinates":[[24.4847,31.8681],[10.18,33.63]]},"properties":{"mission_id":142727,"date":"1943-02-15","theater":"MTO","aircraft":"B-25 Mitchell","takeoff_base":"GAMBUT MAIN","target_location":"MARETH LINE","target_country":"TUNISIA","total_tons":9.72}},{"type":"Feature","geometry":{"type":"LineString","coordinates":[[84.9511,24.7444],[95.9961,21.8767]]},"properties":{"mission_id":142772,"date":"1943-02-15","theater":"CBI","aircraft":"B-24 Liberator","takeoff_base":"GAYA","target_location":"MYITNGE BRIDGE","target_country":"BURMA","total_tons":20.0}},{"type":"Feature","geometry":{"type":"LineString","coordinates":[[86.7107,22.4668],[95.9833,21.8833]]},"properties":{"mission_id":143174,"date":"1943-02-18","theater":"CBI","aircraft":"B-25 Mitchell","takeoff_base":"CHAKULIA","target_location":"SAGAING","target_country":"BURMA","total_tons":6.0}},{"type":"Feature","geometry":{"type":"LineString","coordinates":[[87.2244,23.5939],[95.9833,21.8833]]},"properties":{"mission_id":143503,"date":"1943-02-19","theater":"CBI","aircraft":"B-25 Mitchell","takeoff_base":"ONDAL (CAMP MOIRE)","target_location":"SAGAING","target_country":"BURMA","total_tons":9.6}},{"type":"Feature","geometry":{"type":"LineString","coordinates":[[20.2694,32.0969],[14.28,40.84]]},"properties":{"mission_id":143543,"date":"1943-02-20","theater":"MTO","aircraft":"B-24 Liberator","takeoff_base":"BENINA (SOLUCH AIRFIELD)","target_location":"NAPLES","target_country":"ITALY","total_tons":36.25}},{"type":"Feature","geometry":{"type":"LineString","coordinates":[[84.9511,24.7444],[96.8597,22.3431]]},"properties":{"mission_id":143544,"date":"1943-02-20","theater":"CBI","aircraft":"B-24 Liberator","takeoff_base":"GAYA","target_location":"GOKTEIK VIADUCT","target_country":"BURMA","total_tons":28.0}},{"type":"Feature","geometry":{"type":"LineString","coordinates":[[84.9511,24.7444],[96.8597,22.3431]]},"properties":{"mission_id":143545,"date":"1943-02-20","theater":"CBI","aircraft":"B-24 Liberator","takeoff_base":"GAYA","target_location":"GOKTEIK VIADUCT","target_country":"BURMA","total_tons":24.0}},{"type":"Feature","geometry":{"type":"LineString","coordinates":[[13.1567,32.6694],[10.12,33.85]]},"properties":{"mission_id":143560,"date":"1943-02-22","theater":"MTO","aircraft":"B-25 Mitchell","takeoff_base":"CASTEL BENITO","target_location":"GABES WEST","target_country":"TUNISIA","total_tons":13.0}},{"type":"Feature","geometry":{"type":"LineString","coordinates":[[84.9511,24.7444],[96.1587,16.7692]]},"properties":{"mission_id":143595,"date":"1943-02-22","theater":"CBI","aircraft":"B-24 Liberator","takeoff_base":"GAYA","target_location":"RANGOON ESTUARY","target_country":"BURMA","total_tons":20.0}},{"type":"Feature","geometry":{"type":"LineString","coordinates":[[84.9511,24.7444],[96.1587,16.7692]]},"properties":{"mission_id":143596,"date":"1943-02-22","theater":"CBI","aircraft":"B-24 Liberator","takeoff_base":"GAYA","target_location":"RANGOON RR YARD","target_country":"BURMA","total_tons":13.5}},{"type":"Feature","geometry":{"type":"LineString","coordinates":[[20.2694,32.0969],[15.57,38.19]]},"properties":{"mission_id":143921,"date":"1943-02-23","theater":"MTO","aircraft":"B-24 Liberator","takeoff_base":"BENINA (SOLUCH AIRFIELD)","target_location":"MESSINA","target_country":"ITALY","total_tons":38.0}},{"type":"Feature","geometry":{"type":"LineString","coordinates":[[87.2244,23.5939],[96.8597,22.3431]]},"properties":{"mission_id":143940,"date":"1943-02-23","theater":"CBI","aircraft":"B-25 Mitchell","takeoff_base":"ONDAL (CAMP MOIRE)","target_location":"GOKTEIK VIADUCT","target_country":"BURMA","total_tons":11.0}},{"type":"Feature","geometry":{"type":"LineString","coordinates":[[87.2244,23.5939],[96.8597,22.3431]]},"properties":{"mission_id":143990,"date":"1943-02-24","theater":"CBI","aircraft":"B-25 Mitchell","takeoff_base":"ONDAL (CAMP MOIRE)","target_location":"GOKTEIK VIADUCT","target_country":"BURMA","total_tons":16.75}},{"type":"Feature","geometry":{"type":"LineString","coordinates":[[87.2244,23.5939],[95.9333,21.1]]},"properties":{"mission_id":143991,"date":"1943-02-24","theater":"CBI","aircraft":"B-25 Mitchell","takeoff_base":"ONDAL (CAMP MOIRE)","target_location":"PAUK KAN","target_country":"BURMA","total_tons":1.25}},{"type":"Feature","geometry":{"type":"LineString","coordinates":[[12.5972,41.7994],[15.22,38.22]]},"properties":{"mission_id":144232,"date":"1944-06-20","theater":"MTO","aircraft":"North American A-36 Apache (Invader)","takeoff_base":"ROME CIAMPINO AIRFIELD","target_location":"SAN GIOVANNI","target_country":"ITALY","total_tons":2.0}},{"type":"Feature","geometry":{"type":"LineString","coordinates":[[24.4847,31.8681],[25.17,35.34]]},"properties":{"mission_id":141961,"date":"1943-02-09","theater":"MTO","aircraft":"B-25 Mitchell","takeoff_base":"GAMBUT MAIN","target_location":"HERAKLION","target_country":"CRETE","total_tons":13.95}},{"type":"Feature","geometry":{"type":"LineString","coordinates":[[24.4847,31.8681],[13.36,38.13]]},"properties":{"mission_id":141972,"date":"1943-02-10","theater":"MTO","aircraft":"B-24 Liberator","takeoff_base":"GAMBUT MAIN","target_location":"PALERMO","target_country":"ITALY","total_tons":22.5}},{"type":"Feature","geometry":{"type":"LineString","coordinates":[[84.9511,24.7444],[95.9961,21.8767]]},"properties":{"mission_id":144329,"date":"1943-02-25","theater":"CBI","aircraft":"B-24 Liberator","takeoff_base":"GAYA","target_location":"MYITNGE BRIDGE","target_country":"BURMA","total_tons":28.5}},{"type":"Feature","geometry":{"type":"LineString","coordinates":[[13.1567,32.6694],[10.31,33.59]]},"properties":{"mission_id":144335,"date":"1943-02-26","theater":"MTO","aircraft":"B-25 Mitchell","takeoff_base":"CASTEL BENITO","target_location":"ARRAM","target_country":"TUNISIA","total_tons":0.4}},{"type":"Feature","geometry":{"type":"LineString","coordinates":[[13.1567,32.6694],[10.31,33.59]]},"properties":{"mission_id":144338,"date":"1943-02-26","theater":"MTO","aircraft":"B-25 Mitchell","takeoff_base":"CASTEL BENITO","target_location":"ARRAM","target_country":"TUNISIA","total_tons":21.12}},{"type":"Feature","geometry":{"type":"LineString","coordinates":[[13.1567,32.6694],[10.31,33.59]]},"properties":{"mission_id":144708,"date":"1943-02-27","theater":"MTO","aircraft":"B-25 Mitchell","takeoff_base":"CASTEL BENITO","target_location":"ARRAM","target_country":"TUNISIA","total_tons":10.8}},{"type":"Feature","geometry":{"type":"LineString","coordinates":[[84.9511,24.7444],[96.2095,16.8499]]},"properties":{"mission_id":144761,"date":"1943-02-27","theater":"CBI","aircraft":"B-24 Liberator","takeoff_base":"GAYA","target_location":"PAZUNDAUNG BRIDGE","target_country":"BURMA","total_tons":27.5}},{"type":"Feature","geometry":{"type":"LineString","coordinates":[[84.9511,24.7444],[96.8667,16.6333]]},"properties":{"mission_id":144762,"date":"1943-02-27","theater":"CBI","aircraft":"B-24 Liberator","takeoff_base":"GAYA","target_location":"GULF OF MARTABAN","target_country":"BURMA","total_tons":9.0}},{"type":"Feature","geometry":{"type":"LineString","coordinates":[[13.1567,32.6694],[10.31,33.59]]},"properties":{"mission_id":144763,"date":"1943-02-28","theater":"MTO","aircraft":"B-25 Mitchell","takeoff_base":"CASTEL BENITO","target_location":"ARRAM","target_country":"TUNISIA","total_tons":11.62}},{"type":"Feature","geometry":{"type":"LineString","coordinates":[[102.7433,24.9922],[98.5886,24.4337]]},"properties":{"mission_id":144765,"date":"1942-09-27","theater":"CBI","aircraft":"B-25 Mitchell","takeoff_base":"KUNMING","target_location":"MANGSHIH","target_country":"FORMOSA AND RYUKYU ISLANDS","total_tons":4.68}},{"type":"Feature","geometry":{"type":"LineString","coordinates":[[112.6278,26.9053],[117.6167,26.25]]},"properties":{"mission_id":144769,"date":"1943-02-10","theater":"CBI","aircraft":"Curtiss P-40 Warhawk","takeoff_base":"HENYANG","target_location":"SAMENG","target_country":"CHINA","total_tons":0.5}},{"type":"Feature","geometry":{"type":"LineString","coordinates":[[87.2244,23.5939],[96.05,20.85]]},"properties":{"mission_id":144794,"date":"1943-02-28","theater":"CBI","aircraft":"B-25 Mitchell","takeoff_base":"ONDAL (CAMP MOIRE)","target_location":"THAZI","target_country":"BURMA","total_tons":8.55}},{"type":"Feature","geometry":{"type":"LineString","coordinates":[[13.1567,32.6694],[9.67,37.02]]},"properties":{"mission_id":144795,"date":"1943-03-01","theater":"MTO","aircraft":"B-25 Mitchell","takeoff_base":"CASTEL BENITO","target_location":"MATEUR","target_country":"TUNISIA","total_tons":14.7}},{"type":"Feature","geometry":{"type":"LineString","coordinates":[[24.4847,31.8681],[14.28,40.84]]},"properties":{"mission_id":142732,"date":"1943-02-15","theater":"MTO","aircraft":"B-24 Liberator","takeoff_base":"GAMBUT MAIN","target_location":"NAPLES","target_country":"ITALY","total_tons":12.5}},{"type":"Feature","geometry":{"type":"LineString","coordinates":[[13.1567,32.6694],[10.75,35.23]]},"properties":{"mission_id":145101,"date":"1943-03-01","theater":"MTO","aircraft":"B-25 Mitchell","takeoff_base":"CASTEL BENITO","target_location":"LA HENCHA","target_country":"TUNISIA","total_tons":1.0}},{"type":"Feature","geometry":{"type":"LineString","coordinates":[[13.1567,32.6694],[10.75,35.23]]},"properties":{"mission_id":145107,"date":"1943-03-01","theater":"MTO","aircraft":"B-25 Mitchell","takeoff_base":"CASTEL BENITO","target_location":"LA HENCHA","target_country":"TUNISIA","total_tons":11.0}},{"type":"Feature","geometry":{"type":"LineString","coordinates":[[20.2694,32.0969],[14.28,40.84]]},"properties":{"mission_id":145152,"date":"1943-03-01","theater":"MTO","aircraft":"B-24 Liberator","takeoff_base":"BENINA (SOLUCH AIRFIELD)","target_location":"NAPLES","target_country":"ITALY","total_tons":36.25}},{"type":"Feature","geometry":{"type":"LineString","coordinates":[[11.6211,32.8271],[9.57,36.68]]},"properties":{"mission_id":145155,"date":"1943-03-02","theater":"MTO","aircraft":"B-25 Mitchell","takeoff_base":"EL ASSA","target_location":"SIDI NSIR (SIDI AN NASIR)","target_country":"TUNISIA","total_tons":20.4}},{"type":"Feature","geometry":{"type":"LineString","coordinates":[[11.6211,32.8271],[9.67,37.02]]},"properties":{"mission_id":145156,"date":"1943-03-02","theater":"MTO","aircraft":"B-25 Mitchell","takeoff_base":"EL ASSA","target_location":"MATEUR","target_country":"TUNISIA","total_tons":16.0}},{"type":"Feature","geometry":{"type":"LineString","coordinates":[[95.2694,27.5378],[97.3517,25.3836]]},"properties":{"mission_id":145179,"date":"1943-03-02","theater":"CBI","aircraft":"B-25 Mitchell","takeoff_base":"DINJAN","target_location":"MYITKYINA","target_country":"BURMA","total_tons":14.4}},{"type":"Feature","geometry":{"type":"LineString","coordinates":[[11.6211,32.8271],[9.18,36.73]]},"properties":{"mission_id":145184,"date":"1943-03-03","theater":"MTO","aircraft":"B-25 Mitchell","takeoff_base":"EL ASSA","target_location":"BEDJA","target_country":"TUNISIA","total_tons":21.6}},{"type":"Feature","geometry":{"type":"LineString","coordinates":[[11.6211,32.8271],[9.62,36.35]]},"properties":{"mission_id":145185,"date":"1943-03-03","theater":"MTO","aircraft":"B-25 Mitchell","takeoff_base":"EL ASSA","target_location":"BOU ARADA","target_country":"TUNISIA","total_tons":17.88}},{"type":"Feature","geometry":{"type":"LineString","coordinates":[[102.7433,24.9922],[98.9167,24.7333]]},"properties":{"mission_id":145512,"date":"1942-08-28","theater":"CBI","aircraft":"B-25 Mitchell","takeoff_base":"KUNMING","target_location":"LAMENG","target_country":"CHINA","total_tons":5.04}},{"type":"Feature","geometry":{"type":"LineString","coordinates":[[20.2694,32.0969],[14.28,40.84]]},"properties":{"mission_id":145561,"date":"1943-03-03","theater":"MTO","aircraft":"B-24 Liberator","takeoff_base":"BENINA (SOLUCH AIRFIELD)","target_location":"NAPLES","target_country":"ITALY","total_tons":7.5}},{"type":"Feature","geometry":{"type":"LineString","coordinates":[[87.3477,23.6461],[96.2095,16.8499]]},"properties":{"mission_id":145562,"date":"1943-03-03","theater":"CBI","aircraft":"B-24 Liberator","takeoff_base":"PANDAVESWAR","target_location":"PAZUNDAUNG BRIDGE","target_country":"BURMA","total_tons":21.5}},{"type":"Feature","geometry":{"type":"LineString","coordinates":[[87.32,23.08],[96.1587,16.7692]]},"properties":{"mission_id":145563,"date":"1943-03-03","theater":"CBI","aircraft":"B-24 Liberator","takeoff_base":"BISHINUPUR","target_location":"RANGOON","target_country":"BURMA","total_tons":15.75}},{"type":"Feature","geometry":{"type":"LineString","coordinates":[[87.32,23.08],[96.1587,16.7692]]},"properties":{"mission_id":145564,"date":"1943-03-03","theater":"CBI","aircraft":"B-24 Liberator","takeoff_base":"BISHINUPUR","target_location":"RANGOON","target_country":"BURMA","total_tons":11.25}},{"type":"Feature","geometry":{"type":"LineString","coordinates":[[86.7107,22.4668],[96.4667,22.0333]]},"properties":{"mission_id":145565,"date":"1943-03-03","theater":"CBI","aircraft":"B-25 Mitchell","takeoff_base":"CHAKULIA","target_location":"MAYMYO","target_country":"BURMA","total_tons":4.5}},{"type":"Feature","geometry":{"type":"LineString","coordinates":[[11.6211,32.8271],[9.67,37.02]]},"properties":{"mission_id":145567,"date":"1943-03-04","theater":"MTO","aircraft":"B-25 Mitchell","takeoff_base":"EL ASSA","target_location":"MATEUR","target_country":"TUNISIA","total_tons":14.1}},{"type":"Feature","geometry":{"type":"LineString","coordinates":[[13.1567,32.6694],[10.12,33.85]]},"properties":{"mission_id":143179,"date":"1943-02-19","theater":"MTO","aircraft":"B-25 Mitchell","takeoff_base":"CASTEL BENITO","target_location":"GABES WEST","target_country":"TUNISIA","total_tons":0.88}},{"type":"Feature","geometry":{"type":"LineString","coordinates":[[24.4847,31.8681],[17.13,39.09]]},"properties":{"mission_id":143507,"date":"1943-02-20","theater":"MTO","aircraft":"B-24 Liberator","takeoff_base":"GAMBUT MAIN","target_location":"CROTONE","target_country":"ITALY","total_tons":17.5}},{"type":"Feature","geometry":{"type":"LineString","coordinates":[[13.1567,32.6694],[10.12,33.85]]},"properties":{"mission_id":143547,"date":"1943-02-21","theater":"MTO","aircraft":"B-25 Mitchell","takeoff_base":"CASTEL BENITO","target_location":"GABES WEST","target_country":"TUNISIA","total_tons":13.2}},{"type":"Feature","geometry":{"type":"LineString","coordinates":[[86.7107,22.4668],[95.1833,19.3833]]},"properties":{"mission_id":145911,"date":"1943-03-04","theater":"CBI","aircraft":"B-25 Mitchell","takeoff_base":"CHAKULIA","target_location":"YWATAUNG","target_country":"BURMA","total_tons":3.45}},{"type":"Feature","geometry":{"type":"LineString","coordinates":[[13.1567,32.6694],[10.12,33.85]]},"properties":{"mission_id":143551,"date":"1943-02-21","theater":"MTO","aircraft":"B-25 Mitchell","takeoff_base":"CASTEL BENITO","target_location":"GABES WEST","target_country":"TUNISIA","total_tons":0.38}},{"type":"Feature","geometry":{"type":"LineString","coordinates":[[87.32,23.08],[95.9961,21.8767]]},"properties":{"mission_id":145978,"date":"1943-03-06","theater":"CBI","aircraft":"B-24 Liberator","takeoff_base":"BISHINUPUR","target_location":"MYITNGE BRIDGE","target_country":"BURMA","total_tons":14.75}},{"type":"Feature","geometry":{"type":"LineString","coordinates":[[84.9511,24.7444],[96.1587,16.7692]]},"properties":{"mission_id":145979,"date":"1943-03-06","theater":"CBI","aircraft":"B-24 Liberator","takeoff_base":"GAYA","target_location":"RANGOON RIVER","target_country":"BURMA","total_tons":9.0}},{"type":"Feature","geometry":{"type":"LineString","coordinates":[[87.32,23.08],[97.6256,16.4914]]},"properties":{"mission_id":145980,"date":"1943-03-06","theater":"CBI","aircraft":"B-24 Liberator","takeoff_base":"BISHINUPUR","target_location":"MOULMEIN","target_country":"BURMA","total_tons":6.75}},{"type":"Feature","geometry":{"type":"LineString","coordinates":[[84.9511,24.7444],[97.7667,15.2]]},"properties":{"mission_id":145981,"date":"1943-03-06","theater":"CBI","aircraft":"B-24 Liberator","takeoff_base":"GAYA","target_location":"PAGODA POINT L/G","target_country":"BURMA","total_tons":2.5}},{"type":"Feature","geometry":{"type":"LineString","coordinates":[[13.1567,32.6694],[10.31,33.59]]},"properties":{"mission_id":143597,"date":"1943-02-23","theater":"MTO","aircraft":"B-25 Mitchell","takeoff_base":"CASTEL BENITO","target_location":"ARRAM","target_country":"TUNISIA","total_tons":15.0}},{"type":"Feature","geometry":{"type":"LineString","coordinates":[[13.1567,32.6694],[10.31,33.59]]},"properties":{"mission_id":143599,"date":"1943-02-23","theater":"MTO","aircraft":"B-25 Mitchell","takeoff_base":"CASTEL BENITO","target_location":"ARRAM","target_country":"TUNISIA","total_tons":5.4}},{"type":"Feature","geometry":{"type":"LineString","coordinates":[[86.7107,22.4668],[96.8597,22.3431]]},"properties":{"mission_id":145995,"date":"1943-03-07","theater":"CBI","aircraft":"B-25 Mitchell","takeoff_base":"CHAKULIA","target_location":"GOKTEIK VIADUCT","target_country":"BURMA","total_tons":18.0}},{"type":"Feature","geometry":{"type":"LineString","coordinates":[[13.1567,32.6694],[10.31,33.59]]},"properties":{"mission_id":143942,"date":"1943-02-24","theater":"MTO","aircraft":"B-25 Mitchell","takeoff_base":"CASTEL BENITO","target_location":"ARRAM","target_country":"TUNISIA","total_tons":14.75}},{"type":"Feature","geometry":{"type":"LineString","coordinates":[[13.1567,32.6694],[10.31,33.59]]},"properties":{"mission_id":143944,"date":"1943-02-24","theater":"MTO","aircraft":"B-25 Mitchell","takeoff_base":"CASTEL BENITO","target_location":"ARRAM","target_country":"TUNISIA","total_tons":5.4}},{"type":"Feature","geometry":{"type":"LineString","coordinates":[[20.2694,32.0969],[14.28,40.84]]},"properties":{"mission_id":143945,"date":"1943-02-24","theater":"MTO","aircraft":"B-24 Liberator","takeoff_base":"SOLUCH","target_location":"NAPLES","target_country":"ITALY","total_tons":18.0}},{"type":"Feature","geometry":{"type":"LineString","coordinates":[[20.2694,32.0969],[17.13,39.09]]},"properties":{"mission_id":143952,"date":"1943-02-24","theater":"MTO","aircraft":"B-24 Liberator","takeoff_base":"SOLUCH","target_location":"CROTONE","target_country":"ITALY","total_tons":3.0}},{"type":"Feature","geometry":{"type":"LineString","coordinates":[[13.1567,32.6694],[10.31,33.59]]},"properties":{"mission_id":143992,"date":"1943-02-25","theater":"MTO","aircraft":"B-25 Mitchell","takeoff_base":"CASTEL BENITO","target_location":"ARRAM ROADS AND MT","target_country":"TUNISIA","total_tons":20.5}},{"type":"Feature","geometry":{"type":"LineString","coordinates":[[13.1567,32.6694],[10.31,33.59]]},"properties":{"mission_id":143995,"date":"1943-02-25","theater":"MTO","aircraft":"B-25 Mitchell","takeoff_base":"CASTEL BENITO","target_location":"ARRAM ROADS AND MT","target_country":"TUNISIA","total_tons":2.4}},{"type":"Feature","geometry":{"type":"LineString","coordinates":[[87.3477,23.6461],[94.7167,16.7667]]},"properties":{"mission_id":146349,"date":"1943-03-08","theater":"CBI","aircraft":"B-24 Liberator","takeoff_base":"PANDAVESWAR","target_location":"BASSEIN","target_country":"BURMA","total_tons":7.75}},{"type":"Feature","geometry":{"type":"LineString","coordinates":[[86.7107,22.4668],[95.9961,21.8767]]},"properties":{"mission_id":146350,"date":"1943-03-08","theater":"CBI","aircraft":"B-25 Mitchell","takeoff_base":"CHAKULIA","target_location":"MYITNGE BRIDGE","target_country":"BURMA","total_tons":6.0}},{"type":"Feature","geometry":{"type":"LineString","coordinates":[[86.7107,22.4668],[96.0667,21.85]]},"properties":{"mission_id":146351,"date":"1943-03-08","theater":"CBI","aircraft":"B-25 Mitchell","takeoff_base":"CHAKULIA","target_location":"MYITNGE AA POSITION","target_country":"BURMA","total_tons":3.6}},{"type":"Feature","geometry":{"type":"LineString","coordinates":[[84.9511,24.7444],[96.2095,16.8499]]},"properties":{"mission_id":146396,"date":"1943-03-10","theater":"CBI","aircraft":"B-24 Liberator","takeoff_base":"GAYA","target_location":"PAZUNDAUNG BRIDGE","target_country":"BURMA","total_tons":13.0}},{"type":"Feature","geometry":{"type":"LineString","coordinates":[[87.32,23.08],[96.1332,16.9073]]},"properties":{"mission_id":146397,"date":"1943-03-10","theater":"CBI","aircraft":"B-24 Liberator","takeoff_base":"BISHINUPUR","target_location":"MINGALADON","target_country":"BURMA","total_tons":9.0}},{"type":"Feature","geometry":{"type":"LineString","coordinates":[[87.2244,23.5939],[96.8597,22.3431]]},"properties":{"mission_id":146398,"date":"1943-03-10","theater":"CBI","aircraft":"B-25 Mitchell","takeoff_base":"ONDAL (CAMP MOIRE)","target_location":"GOKTEIK VIADUCT","target_country":"BURMA","total_tons":6.0}},{"type":"Feature","geometry":{"type":"LineString","coordinates":[[87.2244,23.5939],[95.9961,21.8767]]},"properties":{"mission_id":146718,"date":"1943-03-11","theater":"CBI","aircraft":"B-25 Mitchell","takeoff_base":"ONDAL (CAMP MOIRE)","target_location":"MYITNGE BRIDGE","target_country":"BURMA","total_tons":9.0}},{"type":"Feature","geometry":{"type":"LineString","coordinates":[[87.32,23.08],[96.2095,16.8499]]},"properties":{"mission_id":146771,"date":"1943-03-12","theater":"CBI","aircraft":"B-24 Liberator","takeoff_base":"BISHINUPUR","target_location":"PAZUNDAUNG BRIDGE","target_country":"BURMA","total_tons":15.0}},{"type":"Feature","geometry":{"type":"LineString","coordinates":[[20.2694,32.0969],[14.28,40.84]]},"properties":{"mission_id":147110,"date":"1943-03-13","theater":"MTO","aircraft":"B-24 Liberator","takeoff_base":"BENINA (SOLUCH AIRFIELD)","target_location":"NAPLES","target_country":"ITALY","total_tons":28.1}},{"type":"Feature","geometry":{"type":"LineString","coordinates":[[20.2694,32.0969],[14.28,40.84]]},"properties":{"mission_id":147111,"date":"1943-03-13","theater":"MTO","aircraft":"B-24 Liberator","takeoff_base":"SOLUCH","target_location":"NAPLES","target_country":"ITALY","total_tons":0.0}},{"type":"Feature","geometry":{"type":"LineString","coordinates":[[84.9511,24.7444],[96.2095,16.8499]]},"properties":{"mission_id":147112,"date":"1943-03-13","theater":"CBI","aircraft":"B-24 Liberator","takeoff_base":"GAYA","target_location":"PAZUNDAUNG BRIDGE","target_country":"BURMA","total_tons":10.2}},{"type":"Feature","geometry":{"type":"LineString","coordinates":[[86.7107,22.4668],[96.8597,22.3431]]},"properties":{"mission_id":147125,"date":"1943-03-14","theater":"CBI","aircraft":"B-25 Mitchell","takeoff_base":"CHAKULIA","target_location":"GOKTEIK VIADUCT","target_country":"BURMA","total_tons":12.0}},{"type":"Feature","geometry":{"type":"LineString","coordinates":[[87.32,23.08],[97.6256,16.4914]]},"properties":{"mission_id":147126,"date":"1943-03-14","theater":"CBI","aircraft":"B-24 Liberator","takeoff_base":"BISHINUPUR","target_location":"MOULMEIN","target_country":"BURMA","total_tons":6.0}},{"type":"Feature","geometry":{"type":"LineString","coordinates":[[86.7107,22.4668],[95.9961,21.8767]]},"properties":{"mission_id":147142,"date":"1943-03-15","theater":"CBI","aircraft":"B-25 Mitchell","takeoff_base":"CHAKULIA","target_location":"MYITNGE BRIDGE","target_country":"BURMA","total_tons":12.0}},{"type":"Feature","geometry":{"type":"LineString","coordinates":[[86.7107,22.4668],[96.8597,22.3431]]},"properties":{"mission_id":147143,"date":"1943-03-15","theater":"CBI","aircraft":"B-25 Mitchell","takeoff_base":"CHAKULIA","target_location":"GOKTEIK VIADUCT","target_country":"BURMA","total_tons":10.0}},{"type":"Feature","geometry":{"type":"LineString","coordinates":[[87.3477,23.6461],[96.2095,16.8499]]},"properties":{"mission_id":147160,"date":"1943-03-16","theater":"CBI","aircraft":"B-24 Liberator","takeoff_base":"PANDAVESWAR","target_location":"PAZUNDAUNG BRIDGE","target_country":"BURMA","total_tons":13.5}},{"type":"Feature","geometry":{"type":"LineString","coordinates":[[86.7107,22.4668],[95.9961,21.8767]]},"properties":{"mission_id":147161,"date":"1943-03-16","theater":"CBI","aircraft":"B-25 Mitchell","takeoff_base":"CHAKULIA","target_location":"MYITNGE BRIDGE","target_country":"BURMA","total_tons":10.04}},{"type":"Feature","geometry":{"type":"LineString","coordinates":[[87.2244,23.5939],[95.9961,21.8767]]},"properties":{"mission_id":147174,"date":"1943-03-17","theater":"CBI","aircraft":"B-25 Mitchell","takeoff_base":"ONDAL (CAMP MOIRE)","target_location":"MYITNGE BRIDGE","target_country":"BURMA","total_tons":11.5}},{"type":"Feature","geometry":{"type":"LineString","coordinates":[[20.2694,32.0969],[16.3,38.27]]},"properties":{"mission_id":144796,"date":"1943-03-01","theater":"MTO","aircraft":"B-24 Liberator","takeoff_base":"SOLUCH","target_location":"SIDERNO MARINA","target_country":"ITALY","total_tons":12.0}},{"type":"Feature","geometry":{"type":"LineString","coordinates":[[20.2694,32.0969],[14.28,40.84]]},"properties":{"mission_id":145106,"date":"1943-03-01","theater":"MTO","aircraft":"B-24 Liberator","takeoff_base":"SOLUCH","target_location":"NAPLES","target_country":"ITALY","total_tons":9.0}},{"type":"Feature","geometry":{"type":"LineString","coordinates":[[20.2694,32.0969],[15.57,38.19]]},"properties":{"mission_id":145191,"date":"1943-03-03","theater":"MTO","aircraft":"B-24 Liberator","takeoff_base":"SOLUCH","target_location":"MESSINA","target_country":"ITALY","total_tons":15.0}},{"type":"Feature","geometry":{"type":"LineString","coordinates":[[20.2694,32.0969],[14.28,40.84]]},"properties":{"mission_id":147543,"date":"1943-03-18","theater":"MTO","aircraft":"B-24 Liberator","takeoff_base":"BENINA (SOLUCH AIRFIELD)","target_location":"NAPLES","target_country":"ITALY","total_tons":22.5}},{"type":"Feature","geometry":{"type":"LineString","coordinates":[[87.32,23.08],[96.2095,16.8499]]},"properties":{"mission_id":147544,"date":"1943-03-18","theater":"CBI","aircraft":"B-24 Liberator","takeoff_base":"BISHINUPUR","target_location":"PAZUNDAUNG BRIDGE","target_country":"BURMA","total_tons":38.25}},{"type":"Feature","geometry":{"type":"LineString","coordinates":[[86.7107,22.4668],[95.9961,21.8767]]},"properties":{"mission_id":147545,"date":"1943-03-18","theater":"CBI","aircraft":"B-25 Mitchell","takeoff_base":"CHAKULIA","target_location":"MYITNGE BRIDGE","target_country":"BURMA","total_tons":8.5}},{"type":"Feature","geometry":{"type":"LineString","coordinates":[[87.2244,23.5939],[96.0667,21.85]]},"properties":{"mission_id":147546,"date":"1943-03-18","theater":"CBI","aircraft":"B-25 Mitchell","takeoff_base":"ONDAL (CAMP MOIRE)","target_location":"MYITNGE AA POSITION","target_country":"BURMA","total_tons":6.3}},{"type":"Feature","geometry":{"type":"LineString","coordinates":[[86.7107,22.4668],[95.9961,21.8767]]},"properties":{"mission_id":147555,"date":"1943-03-19","theater":"CBI","aircraft":"B-25 Mitchell","takeoff_base":"CHAKULIA","target_location":"MYITNGE BRIDGE","target_country":"BURMA","total_tons":12.0}},{"type":"Feature","geometry":{"type":"LineString","coordinates":[[20.2694,32.0969],[14.28,40.84]]},"properties":{"mission_id":147591,"date":"1943-03-20","theater":"MTO","aircraft":"B-24 Liberator","takeoff_base":"BENINA (SOLUCH AIRFIELD)","target_location":"NAPLES","target_country":"ITALY","total_tons":8.43}},{"type":"Feature","geometry":{"type":"LineString","coordinates":[[86.7107,22.4668],[95.9961,21.8767]]},"properties":{"mission_id":147598,"date":"1943-03-20","theater":"CBI","aircraft":"B-25 Mitchell","takeoff_base":"CHAKULIA","target_location":"MYITNGE BRIDGE","target_country":"BURMA","total_tons":10.0}},{"type":"Feature","geometry":{"type":"LineString","coordinates":[[20.2694,32.0969],[15.57,38.19]]},"properties":{"mission_id":145509,"date":"1943-03-03","theater":"MTO","aircraft":"B-24 Liberator","takeoff_base":"SOLUCH","target_location":"MESSINA","target_country":"ITALY","total_tons":4.5}},{"type":"Feature","geometry":{"type":"LineString","coordinates":[[87.32,23.08],[96.8597,22.3431]]},"properties":{"mission_id":147938,"date":"1943-03-21","theater":"CBI","aircraft":"B-24 Liberator","takeoff_base":"BISHINUPUR","target_location":"GOKTEIK VIADUCT","target_country":"BURMA","total_tons":40.0}},{"type":"Feature","geometry":{"type":"LineString","coordinates":[[87.3477,23.6461],[95.9961,21.8767]]},"properties":{"mission_id":147939,"date":"1943-03-21","theater":"CBI","aircraft":"B-24 Liberator","takeoff_base":"PANDAVESWAR","target_location":"MYITNGE BRIDGE","target_country":"BURMA","total_tons":18.0}},{"type":"Feature","geometry":{"type":"LineString","coordinates":[[87.2244,23.5939],[96.8597,22.3431]]},"properties":{"mission_id":148310,"date":"1943-03-22","theater":"CBI","aircraft":"B-25 Mitchell","takeoff_base":"ONDAL (CAMP MOIRE)","target_location":"GOKTEIK VIADUCT","target_country":"BURMA","total_tons":12.0}},{"type":"Feature","geometry":{"type":"LineString","coordinates":[[86.7107,22.4668],[96.8597,22.3431]]},"properties":{"mission_id":148311,"date":"1943-03-22","theater":"CBI","aircraft":"B-25 Mitchell","takeoff_base":"CHAKULIA","target_location":"GOKTEIK VIADUCT","target_country":"BURMA","total_tons":9.4}},{"type":"Feature","geometry":{"type":"LineString","coordinates":[[20.2694,32.0969],[14.28,40.84]]},"properties":{"mission_id":148389,"date":"1943-03-23","theater":"MTO","aircraft":"B-24 Liberator","takeoff_base":"BENINA (SOLUCH AIRFIELD)","target_location":"NAPLES","target_country":"ITALY","total_tons":42.7}},{"type":"Feature","geometry":{"type":"LineString","coordinates":[[87.2244,23.5939],[96.05,20.85]]},"properties":{"mission_id":148390,"date":"1943-03-23","theater":"CBI","aircraft":"B-25 Mitchell","takeoff_base":"ONDAL (CAMP MOIRE)","target_location":"THAZI","target_country":"BURMA","total_tons":8.45}},{"type":"Feature","geometry":{"type":"LineString","coordinates":[[155.3839,-6.2444],[154.7167,-5.5333]]},"properties":{"mission_id":148694,"date":"1945-08-05","theater":"PTO","aircraft":"PV-1 Lockeed Ventura","takeoff_base":"BOUGAINVILLE ISLAND","target_location":"SOHANA ISLAND","target_country":"NEW GUINEA","total_tons":16.0}},{"type":"Feature","geometry":{"type":"LineString","coordinates":[[87.32,23.08],[95.9961,21.8767]]},"properties":{"mission_id":148745,"date":"1943-03-24","theater":"CBI","aircraft":"B-24 Liberator","takeoff_base":"BISHINUPUR","target_location":"MYITNGE BRIDGE","target_country":"BURMA","total_tons":48.0}},{"type":"Feature","geometry":{"type":"LineString","coordinates":[[87.32,23.08],[95.9961,21.8767]]},"properties":{"mission_id":148746,"date":"1943-03-24","theater":"CBI","aircraft":"B-24 Liberator","takeoff_base":"BISHINUPUR","target_location":"MYITNGE BRIDGE","target_country":"BURMA","total_tons":15.0}},{"type":"Feature","geometry":{"type":"LineString","coordinates":[[86.7107,22.4668],[96.4667,22.0333]]},"properties":{"mission_id":148747,"date":"1943-03-24","theater":"CBI","aircraft":"B-25 Mitchell","takeoff_base":"CHAKULIA","target_location":"MAYMYO","target_country":"BURMA","total_tons":9.4}},{"type":"Feature","geometry":{"type":"LineString","coordinates":[[87.2244,23.5939],[95.8333,20.9167]]},"properties":{"mission_id":148748,"date":"1943-03-24","theater":"CBI","aircraft":"B-25 Mitchell","takeoff_base":"ONDAL (CAMP MOIRE)","target_location":"MEIKTILA","target_country":"BURMA","total_tons":7.0}},{"type":"Feature","geometry":{"type":"LineString","coordinates":[[87.3477,23.6461],[96.0,21.8667]]},"properties":{"mission_id":148749,"date":"1943-03-24","theater":"CBI","aircraft":"B-17 Flying Fortress","takeoff_base":"PANDAVESWAR","target_location":"AVA BRIDGE","target_country":"BURMA","total_tons":2.0}},{"type":"Feature","geometry":{"type":"LineString","coordinates":[[86.7107,22.4668],[96.4667,22.0333]]},"properties":{"mission_id":148785,"date":"1943-03-25","theater":"CBI","aircraft":"B-25 Mitchell","takeoff_base":"CHAKULIA","target_location":"MAYMYO","target_country":"BURMA","total_tons":9.4}},{"type":"Feature","geometry":{"type":"LineString","coordinates":[[11.6211,32.8271],[9.8,33.88]]},"properties":{"mission_id":148788,"date":"1943-03-26","theater":"MTO","aircraft":"B-25 Mitchell","takeoff_base":"EL ASSA","target_location":"EL HAMMA","target_country":"TUNISIA","total_tons":2.1}},{"type":"Feature","geometry":{"type":"LineString","coordinates":[[87.3477,23.6461],[96.1587,16.7692]]},"properties":{"mission_id":148791,"date":"1943-03-26","theater":"CBI","aircraft":"B-24 Liberator","takeoff_base":"PANDAVESWAR","target_location":"RANGOON RIVER","target_country":"BURMA","total_tons":12.0}},{"type":"Feature","geometry":{"type":"LineString","coordinates":[[87.32,23.08],[96.1332,16.9073]]},"properties":{"mission_id":149034,"date":"1943-03-26","theater":"CBI","aircraft":"B-24 Liberator","takeoff_base":"BISHINUPUR","target_location":"MINGALADON","target_country":"BURMA","total_tons":12.0}},{"type":"Feature","geometry":{"type":"LineString","coordinates":[[87.32,23.08],[96.1587,16.7692]]},"properties":{"mission_id":149035,"date":"1943-03-27","theater":"CBI","aircraft":"B-24 Liberator","takeoff_base":"BISHINUPUR","target_location":"RANGOON RIVER","target_country":"BURMA","total_tons":10.0}},{"type":"Feature","geometry":{"type":"LineString","coordinates":[[87.32,23.08],[98.2,14.0667]]},"properties":{"mission_id":149089,"date":"1943-03-29","theater":"CBI","aircraft":"B-24 Liberator","takeoff_base":"BISHINUPUR","target_location":"TAVOY","target_country":"BURMA","total_tons":6.0}},{"type":"Feature","geometry":{"type":"LineString","coordinates":[[11.6211,32.8271],[10.3,33.67]]},"properties":{"mission_id":147113,"date":"1943-03-14","theater":"MTO","aircraft":"B-25 Mitchell","takeoff_base":"EL ASSA","target_location":"ZARAT","target_country":"TUNISIA","total_tons":7.05}},{"type":"Feature","geometry":{"type":"LineString","coordinates":[[11.6211,32.8271],[10.17,33.63]]},"properties":{"mission_id":147144,"date":"1943-03-16","theater":"MTO","aircraft":"B-25 Mitchell","takeoff_base":"EL ASSA","target_location":"MARETH","target_country":"TUNISIA","total_tons":20.4}},{"type":"Feature","geometry":{"type":"LineString","coordinates":[[11.6211,32.8271],[10.17,33.63]]},"properties":{"mission_id":147164,"date":"1943-03-17","theater":"MTO","aircraft":"B-25 Mitchell","takeoff_base":"EL ASSA","target_location":"MARETH","target_country":"TUNISIA","total_tons":18.72}},{"type":"Feature","geometry":{"type":"LineString","coordinates":[[155.3839,-6.2444],[154.7167,-5.5333]]},"properties":{"mission_id":149181,"date":"1945-08-06","theater":"PTO","aircraft":"PV-1 Lockeed Ventura","takeoff_base":"BOUGAINVILLE ISLAND","target_location":"SOHANA ISLAND","target_country":"NEW GUINEA","total_tons":10.0}},{"type":"Feature","geometry":{"type":"LineString","coordinates":[[86.7107,22.4668],[95.1833,19.3833]]},"properties":{"mission_id":149428,"date":"1943-03-29","theater":"CBI","aircraft":"B-25 Mitchell","takeoff_base":"CHAKULIA","target_location":"YWATAUNG","target_country":"BURMA","total_tons":7.2}},{"type":"Feature","geometry":{"type":"LineString","coordinates":[[20.2694,32.0969],[15.57,38.19]]},"properties":{"mission_id":149435,"date":"1943-03-30","theater":"MTO","aircraft":"B-24 Liberator","takeoff_base":"SOLUCH","target_location":"MESSINA","target_country":"ITALY","total_tons":4.0}},{"type":"Feature","geometry":{"type":"LineString","coordinates":[[87.2244,23.5939],[96.4667,22.0333]]},"properties":{"mission_id":149474,"date":"1943-03-30","theater":"CBI","aircraft":"B-25 Mitchell","takeoff_base":"ONDAL (CAMP MOIRE)","target_location":"MAYMYO","target_country":"BURMA","total_tons":10.65}},{"type":"Feature","geometry":{"type":"LineString","coordinates":[[86.7107,22.4668],[96.4667,22.0333]]},"properties":{"mission_id":149475,"date":"1943-03-30","theater":"CBI","aircraft":"B-25 Mitchell","takeoff_base":"CHAKULIA","target_location":"MAYMYO","target_country":"BURMA","total_tons":6.0}},{"type":"Feature","geometry":{"type":"LineString","coordinates":[[87.32,23.08],[96.2167,19.7333]]},"properties":{"mission_id":149481,"date":"1943-03-31","theater":"CBI","aircraft":"B-24 Liberator","takeoff_base":"BISHINUPUR","target_location":"PYINMANA","target_country":"BURMA","total_tons":57.25}},{"type":"Feature","geometry":{"type":"LineString","coordinates":[[11.6211,32.8271],[10.17,33.63]]},"properties":{"mission_id":147559,"date":"1943-03-20","theater":"MTO","aircraft":"B-25 Mitchell","takeoff_base":"EL ASSA","target_location":"MARETH AND PP","target_country":"TUNISIA","total_tons":51.3}},{"type":"Feature","geometry":{"type":"LineString","coordinates":[[11.6211,32.8271],[10.17,33.63]]},"properties":{"mission_id":147560,"date":"1943-03-20","theater":"MTO","aircraft":"B-25 Mitchell","takeoff_base":"EL ASSA","target_location":"MARETH AND PP","target_country":"TUNISIA","total_tons":16.5}},{"type":"Feature","geometry":{"type":"LineString","coordinates":[[11.6211,32.8271],[9.33,33.75]]},"properties":{"mission_id":147600,"date":"1943-03-21","theater":"MTO","aircraft":"B-25 Mitchell","takeoff_base":"EL ASSA","target_location":"DJEBEL TEBAGA","target_country":"TUNISIA","total_tons":69.12}},{"type":"Feature","geometry":{"type":"LineString","coordinates":[[86.7107,22.4668],[96.2167,19.7333]]},"properties":{"mission_id":149830,"date":"1943-03-31","theater":"CBI","aircraft":"B-25 Mitchell","takeoff_base":"CHAKULIA","target_location":"PYINMANA","target_country":"BURMA","total_tons":10.8}},{"type":"Feature","geometry":{"type":"LineString","coordinates":[[20.2694,32.0969],[15.57,38.19]]},"properties":{"mission_id":149836,"date":"1943-04-01","theater":"MTO","aircraft":"B-24 Liberator","takeoff_base":"SOLUCH","target_location":"MESSINA","target_country":"ITALY","total_tons":4.0}},{"type":"Feature","geometry":{"type":"LineString","coordinates":[[155.3839,-6.2444],[154.7167,-5.5333]]},"properties":{"mission_id":149961,"date":"1945-08-09","theater":"PTO","aircraft":"PV-1 Lockeed Ventura","takeoff_base":"BOUGAINVILLE ISLAND","target_location":"SOHANA ISLAND","target_country":"NEW GUINEA","total_tons":20.0}},{"type":"Feature","geometry":{"type":"LineString","coordinates":[[11.6211,32.8271],[9.33,33.75]]},"properties":{"mission_id":147901,"date":"1943-03-21","theater":"MTO","aircraft":"B-25 Mitchell","takeoff_base":"EL ASSA","target_location":"DJEBEL TEBAGA","target_country":"TUNISIA","total_tons":44.4}},{"type":"Feature","geometry":{"type":"LineString","coordinates":[[11.6211,32.8271],[10.33,33.63]]},"properties":{"mission_id":147940,"date":"1943-03-22","theater":"MTO","aircraft":"B-25 Mitchell","takeoff_base":"EL ASSA","target_location":"BOMBING OF ROADWAY TZ 5812 TZ 5813","target_country":"TUNISIA","total_tons":18.0}},{"type":"Feature","geometry":{"type":"LineString","coordinates":[[11.6211,32.8271],[10.33,33.63]]},"properties":{"mission_id":147941,"date":"1943-03-22","theater":"MTO","aircraft":"B-25 Mitchell","takeoff_base":"EL ASSA","target_location":"BOMBING OF ROADWAY TZ 5812 TZ 5813","target_country":"TUNISIA","total_tons":19.5}},{"type":"Feature","geometry":{"type":"LineString","coordinates":[[20.2694,32.0969],[14.28,40.84]]},"properties":{"mission_id":150201,"date":"1943-04-02","theater":"MTO","aircraft":"B-24 Liberator","takeoff_base":"BENINA (SOLUCH AIRFIELD)","target_location":"NAPLES","target_country":"ITALY","total_tons":36.0}},{"type":"Feature","geometry":{"type":"LineString","coordinates":[[20.2694,32.0969],[13.36,38.13]]},"properties":{"mission_id":150202,"date":"1943-04-02","theater":"MTO","aircraft":"B-24 Liberator","takeoff_base":"SOLUCH","target_location":"PALERMO","target_country":"ITALY","total_tons":0.0}},{"type":"Feature","geometry":{"type":"LineString","coordinates":[[11.6211,32.8271],[10.3,36.42]]},"properties":{"mission_id":150204,"date":"1943-04-03","theater":"MTO","aircraft":"B-25 Mitchell","takeoff_base":"EL ASSA","target_location":"ST MARIE DU ZIT EAST AND WEST LG","target_country":"TUNISIA","total_tons":16.0}},{"type":"Feature","geometry":{"type":"LineString","coordinates":[[10.5053,33.3547],[8.31,39.14]]},"properties":{"mission_id":150236,"date":"1943-04-04","theater":"MTO","aircraft":"B-25 Mitchell","takeoff_base":"MEDENINE","target_location":"CARLOFORTE","target_country":"ITALY","total_tons":18.0}},{"type":"Feature","geometry":{"type":"LineString","coordinates":[[20.2694,32.0969],[15.57,38.19]]},"properties":{"mission_id":148312,"date":"1943-03-23","theater":"MTO","aircraft":"B-24 Liberator","takeoff_base":"SOLUCH","target_location":"MESSINA","target_country":"ITALY","total_tons":45.75}},{"type":"Feature","geometry":{"type":"LineString","coordinates":[[11.6211,32.8271],[10.3,33.67]]},"properties":{"mission_id":148313,"date":"1943-03-23","theater":"MTO","aircraft":"B-25 Mitchell","takeoff_base":"EL ASSA","target_location":"ZARAT - MT CONCENTRATIONS","target_country":"TUNISIA","total_tons":27.45}},{"type":"Feature","geometry":{"type":"LineString","coordinates":[[11.6211,32.8271],[10.3,33.67]]},"properties":{"mission_id":148327,"date":"1943-03-23","theater":"MTO","aircraft":"B-25 Mitchell","takeoff_base":"EL ASSA","target_location":"ZARAT - MT CONCENTRATIONS","target_country":"TUNISIA","total_tons":0.0}},{"type":"Feature","geometry":{"type":"LineString","coordinates":[[155.3839,-6.2444],[154.7167,-5.5333]]},"properties":{"mission_id":150348,"date":"1945-08-10","theater":"PTO","aircraft":"PV-1 Lockeed Ventura","takeoff_base":"BOUGAINVILLE ISLAND","target_location":"SOHANA ISLAND","target_country":"NEW GUINEA","total_tons":12.0}},{"type":"Feature","geometry":{"type":"LineString","coordinates":[[10.5053,33.3547],[12.54,37.9]]},"properties":{"mission_id":150663,"date":"1943-04-05","theater":"MTO","aircraft":"B-25 Mitchell","takeoff_base":"MEDENINE","target_location":"BO RIZZO (CHINISIA)","target_country":"ITALY","total_tons":18.0}},{"type":"Feature","geometry":{"type":"LineString","coordinates":[[11.6211,32.8271],[10.3,33.67]]},"properties":{"mission_id":148701,"date":"1943-03-24","theater":"MTO","aircraft":"B-25 Mitchell","takeoff_base":"EL ASSA","target_location":"ZARAT TZ 5811 AND 5812","target_country":"TUNISIA","total_tons":0.0}},{"type":"Feature","geometry":{"type":"LineString","coordinates":[[11.6211,32.8271],[10.3,33.67]]},"properties":{"mission_id":148702,"date":"1943-03-24","theater":"MTO","aircraft":"B-25 Mitchell","takeoff_base":"EL ASSA","target_location":"ZARAT TZ 5811 AND 5812","target_country":"TUNISIA","total_tons":0.0}},{"type":"Feature","geometry":{"type":"LineString","coordinates":[[11.6211,32.8271],[9.33,33.75]]},"properties":{"mission_id":148753,"date":"1943-03-25","theater":"MTO","aircraft":"B-25 Mitchell","takeoff_base":"EL ASSA","target_location":"DJEBEL TEBAGA","target_country":"TUNISIA","total_tons":19.52}},{"type":"Feature","geometry":{"type":"LineString","coordinates":[[11.6211,32.8271],[10.6,36.62]]},"properties":{"mission_id":148754,"date":"1943-03-25","theater":"MTO","aircraft":"B-25 Mitchell","takeoff_base":"EL ASSA","target_location":"GROMBALIA","target_country":"TUNISIA","total_tons":15.6}},{"type":"Feature","geometry":{"type":"LineString","coordinates":[[11.6211,32.8271],[9.8,33.88]]},"properties":{"mission_id":148792,"date":"1943-03-26","theater":"MTO","aircraft":"B-25 Mitchell","takeoff_base":"EL ASSA","target_location":"EL HAMMA","target_country":"TUNISIA","total_tons":2.4}},{"type":"Feature","geometry":{"type":"LineString","coordinates":[[11.6211,32.8271],[10.69,34.72]]},"properties":{"mission_id":149087,"date":"1943-03-29","theater":"MTO","aircraft":"B-25 Mitchell","takeoff_base":"EL ASSA","target_location":"SFAX EL MAOU LG","target_country":"TUNISIA","total_tons":17.0}},{"type":"Feature","geometry":{"type":"LineString","coordinates":[[11.6211,32.8271],[10.69,34.72]]},"properties":{"mission_id":149088,"date":"1943-03-29","theater":"MTO","aircraft":"B-25 Mitchell","takeoff_base":"EL ASSA","target_location":"SFAX EL MAOU LG","target_country":"TUNISIA","total_tons":13.05}},{"type":"Feature","geometry":{"type":"LineString","coordinates":[[20.2694,32.0969],[13.36,38.13]]},"properties":{"mission_id":151050,"date":"1943-04-05","theater":"MTO","aircraft":"B-24 Liberator","takeoff_base":"BENINA (SOLUCH AIRFIELD)","target_location":"PALERMO","target_country":"ITALY","total_tons":50.36}},{"type":"Feature","geometry":{"type":"LineString","coordinates":[[20.2694,32.0969],[15.57,38.19]]},"properties":{"mission_id":151058,"date":"1943-04-06","theater":"MTO","aircraft":"B-24 Liberator","takeoff_base":"BENGHAZI","target_location":"MESSINA","target_country":"ITALY","total_tons":60.0}},{"type":"Feature","geometry":{"type":"LineString","coordinates":[[11.6211,32.8271],[10.69,34.72]]},"properties":{"mission_id":149430,"date":"1943-03-30","theater":"MTO","aircraft":"B-25 Mitchell","takeoff_base":"EL ASSA","target_location":"SFAX EL MAOU LG","target_country":"TUNISIA","total_tons":23.62}},{"type":"Feature","geometry":{"type":"LineString","coordinates":[[11.6211,32.8271],[10.69,34.72]]},"properties":{"mission_id":149431,"date":"1943-03-30","theater":"MTO","aircraft":"B-25 Mitchell","takeoff_base":"EL ASSA","target_location":"SFAX EL MAOU LG","target_country":"TUNISIA","total_tons":8.4}},{"type":"Feature","geometry":{"type":"LineString","coordinates":[[11.6211,32.8271],[10.69,34.72]]},"properties":{"mission_id":149479,"date":"1943-03-31","theater":"MTO","aircraft":"B-25 Mitchell","takeoff_base":"EL ASSA","target_location":"SFAX EL MAOU LG","target_country":"TUNISIA","total_tons":17.0}},{"type":"Feature","geometry":{"type":"LineString","coordinates":[[11.6211,32.8271],[10.69,34.72]]},"properties":{"mission_id":149480,"date":"1943-03-31","theater":"MTO","aircraft":"B-25 Mitchell","takeoff_base":"EL ASSA","target_location":"SFAX EL MAOU LG","target_country":"TUNISIA","total_tons":8.8}},{"type":"Feature","geometry":{"type":"LineString","coordinates":[[20.2694,32.0969],[13.36,38.13]]},"properties":{"mission_id":151379,"date":"1943-04-07","theater":"MTO","aircraft":"B-24 Liberator","takeoff_base":"BENINA (SOLUCH AIRFIELD)","target_location":"PALERMO","target_country":"ITALY","total_tons":25.82}},{"type":"Feature","geometry":{"type":"LineString","coordinates":[[11.6211,32.8271],[10.69,34.72]]},"properties":{"mission_id":149832,"date":"1943-04-01","theater":"MTO","aircraft":"B-25 Mitchell","takeoff_base":"EL ASSA","target_location":"SFAX EL MAOU LG","target_country":"TUNISIA","total_tons":14.0}},{"type":"Feature","geometry":{"type":"LineString","coordinates":[[11.6211,32.8271],[10.69,34.72]]},"properties":{"mission_id":149833,"date":"1943-04-01","theater":"MTO","aircraft":"B-25 Mitchell","takeoff_base":"EL ASSA","target_location":"SFAX EL MAOU LG","target_country":"TUNISIA","total_tons":11.85}},{"type":"Feature","geometry":{"type":"LineString","coordinates":[[20.2694,32.0969],[14.28,40.84]]},"properties":{"mission_id":151685,"date":"1943-04-10","theater":"MTO","aircraft":"B-24 Liberator","takeoff_base":"BENGHAZI","target_location":"NAPLES","target_country":"ITALY","total_tons":59.25}},{"type":"Feature","geometry":{"type":"LineString","coordinates":[[11.6211,32.8271],[10.69,34.72]]},"properties":{"mission_id":149862,"date":"1943-04-02","theater":"MTO","aircraft":"B-25 Mitchell","takeoff_base":"EL ASSA","target_location":"SFAX EL MAOU LG","target_country":"TUNISIA","total_tons":15.0}},{"type":"Feature","geometry":{"type":"LineString","coordinates":[[20.2694,32.0969],[14.28,40.84]]},"properties":{"mission_id":151999,"date":"1943-04-11","theater":"MTO","aircraft":"B-24 Liberator","takeoff_base":"BENINA (SOLUCH AIRFIELD)","target_location":"NAPLES","target_country":"ITALY","total_tons":48.1}},{"type":"Feature","geometry":{"type":"LineString","coordinates":[[20.2694,32.0969],[16.26,39.3]]},"properties":{"mission_id":152003,"date":"1943-04-12","theater":"MTO","aircraft":"B-24 Liberator","takeoff_base":"BENGHAZI","target_location":"COSENZO","target_country":"ITALY","total_tons":15.75}},{"type":"Feature","geometry":{"type":"LineString","coordinates":[[20.2694,32.0969],[14.28,40.84]]},"properties":{"mission_id":152006,"date":"1943-04-12","theater":"MTO","aircraft":"B-24 Liberator","takeoff_base":"BENGHAZI","target_location":"NAPLES","target_country":"ITALY","total_tons":9.75}},{"type":"Feature","geometry":{"type":"LineString","coordinates":[[20.2694,32.0969],[16.17,38.73]]},"properties":{"mission_id":152010,"date":"1943-04-12","theater":"MTO","aircraft":"B-24 Liberator","takeoff_base":"BENGHAZI","target_location":"PIZZO","target_country":"ITALY","total_tons":3.0}},{"type":"Feature","geometry":{"type":"LineString","coordinates":[[20.2694,32.0969],[17.13,39.09]]},"properties":{"mission_id":152011,"date":"1943-04-12","theater":"MTO","aircraft":"B-24 Liberator","takeoff_base":"BENGHAZI","target_location":"CROTONE","target_country":"ITALY","total_tons":2.25}},{"type":"Feature","geometry":{"type":"LineString","coordinates":[[20.2694,32.0969],[15.06,37.47]]},"properties":{"mission_id":152278,"date":"1943-04-13","theater":"MTO","aircraft":"B-24 Liberator","takeoff_base":"BENINA (SOLUCH AIRFIELD)","target_location":"CATANIA","target_country":"ITALY","total_tons":6.75}},{"type":"Feature","geometry":{"type":"LineString","coordinates":[[20.2694,32.0969],[15.06,37.47]]},"properties":{"mission_id":152333,"date":"1943-04-15","theater":"MTO","aircraft":"B-24 Liberator","takeoff_base":"BENGHAZI","target_location":"CATANIA","target_country":"ITALY","total_tons":32.25}},{"type":"Feature","geometry":{"type":"LineString","coordinates":[[10.5053,33.3547],[10.3,36.42]]},"properties":{"mission_id":152340,"date":"1943-04-15","theater":"MTO","aircraft":"B-25 Mitchell","takeoff_base":"MEDENINE","target_location":"ST MARIE DU ZIT K2707","target_country":"TUNISIA","total_tons":7.38}},{"type":"Feature","geometry":{"type":"LineString","coordinates":[[11.2394,42.4955],[11.0,44.0]]},"properties":{"mission_id":152451,"date":"1944-06-26","theater":"MTO","aircraft":"North American A-36 Apache (Invader)","takeoff_base":"ORBETELLO AIRFIELD","target_location":"44 00 N 011 00 E","target_country":"ITALY","total_tons":8.0}},{"type":"Feature","geometry":{"type":"LineString","coordinates":[[11.2394,42.4955],[11.13,44.28]]},"properties":{"mission_id":152465,"date":"1944-06-26","theater":"MTO","aircraft":"North American A-36 Apache (Invader)","takeoff_base":"ORBETELLO AIRFIELD","target_location":"VERGATO","target_country":"ITALY","total_tons":4.0}},{"type":"Feature","geometry":{"type":"LineString","coordinates":[[20.2694,32.0969],[13.36,38.13]]},"properties":{"mission_id":152558,"date":"1943-04-15","theater":"MTO","aircraft":"B-24 Liberator","takeoff_base":"BENINA (SOLUCH AIRFIELD)","target_location":"PALERMO","target_country":"ITALY","total_tons":31.62}},{"type":"Feature","geometry":{"type":"LineString","coordinates":[[20.2694,32.0969],[15.06,37.47]]},"properties":{"mission_id":152564,"date":"1943-04-16","theater":"MTO","aircraft":"B-24 Liberator","takeoff_base":"BENGHAZI","target_location":"CATANIA","target_country":"ITALY","total_tons":22.0}},{"type":"Feature","geometry":{"type":"LineString","coordinates":[[20.2694,32.0969],[14.28,40.84]]},"properties":{"mission_id":150243,"date":"1943-04-04","theater":"MTO","aircraft":"B-24 Liberator","takeoff_base":"SOLUCH","target_location":"NAPLES","target_country":"ITALY","total_tons":31.5}},{"type":"Feature","geometry":{"type":"LineString","coordinates":[[11.2394,42.4955],[11.35,44.5]]},"properties":{"mission_id":152822,"date":"1944-06-27","theater":"MTO","aircraft":"North American A-36 Apache (Invader)","takeoff_base":"ORBETELLO AIRFIELD","target_location":"BOLOGNA","target_country":"ITALY","total_tons":6.0}},{"type":"Feature","geometry":{"type":"LineString","coordinates":[[20.2694,32.0969],[15.06,37.47]]},"properties":{"mission_id":152880,"date":"1943-04-16","theater":"MTO","aircraft":"B-24 Liberator","takeoff_base":"BENINA (SOLUCH AIRFIELD)","target_location":"CATANIA","target_country":"ITALY","total_tons":11.37}},{"type":"Feature","geometry":{"type":"LineString","coordinates":[[20.2694,32.0969],[15.06,37.47]]},"properties":{"mission_id":152889,"date":"1943-04-17","theater":"MTO","aircraft":"B-24 Liberator","takeoff_base":"BENGHAZI","target_location":"CATANIA","target_country":"ITALY","total_tons":31.75}},{"type":"Feature","geometry":{"type":"LineString","coordinates":[[11.2394,42.4955],[11.35,44.5]]},"properties":{"mission_id":153043,"date":"1944-06-27","theater":"MTO","aircraft":"North American A-36 Apache (Invader)","takeoff_base":"ORBETELLO AIRFIELD","target_location":"BOLOGNA","target_country":"ITALY","total_tons":2.5}},{"type":"Feature","geometry":{"type":"LineString","coordinates":[[20.2694,32.0969],[15.06,37.47]]},"properties":{"mission_id":153198,"date":"1943-04-18","theater":"MTO","aircraft":"B-24 Liberator","takeoff_base":"BENGHAZI","target_location":"CATANIA","target_country":"ITALY","total_tons":0.0}},{"type":"Feature","geometry":{"type":"LineString","coordinates":[[20.2694,32.0969],[15.06,37.47]]},"properties":{"mission_id":153199,"date":"1943-04-18","theater":"MTO","aircraft":"B-24 Liberator","takeoff_base":"BENINA (SOLUCH AIRFIELD)","target_location":"CATANIA","target_country":"ITALY","total_tons":18.11}},{"type":"Feature","geometry":{"type":"LineString","coordinates":[[10.6908,34.7178],[10.17,36.01]]},"properties":{"mission_id":153355,"date":"1943-04-20","theater":"MTO","aircraft":"B-25 Mitchell","takeoff_base":"SFAX","target_location":"MABTOUHA","target_country":"TUNISIA","total_tons":8.88}},{"type":"Feature","geometry":{"type":"LineString","coordinates":[[10.5053,33.3547],[15.59,38.2]]},"properties":{"mission_id":151056,"date":"1943-04-06","theater":"MTO","aircraft":"B-25 Mitchell","takeoff_base":"MEDENINE","target_location":"STRAITS OF SICILY","target_country":"ITALY","total_tons":37.0}},{"type":"Feature","geometry":{"type":"LineString","coordinates":[[10.5053,33.3547],[10.33,33.63]]},"properties":{"mission_id":151057,"date":"1943-04-06","theater":"MTO","aircraft":"B-25 Mitchell","takeoff_base":"MEDENINE","target_location":"MT AT TZ1560","target_country":"TUNISIA","total_tons":23.7}},{"type":"Feature","geometry":{"type":"LineString","coordinates":[[10.6908,34.7178],[9.92,36.87]]},"properties":{"mission_id":153652,"date":"1943-04-22","theater":"MTO","aircraft":"B-25 Mitchell","takeoff_base":"SFAX","target_location":"SIDI AHMED","target_country":"TUNISIA","total_tons":24.0}},{"type":"Feature","geometry":{"type":"LineString","coordinates":[[20.2694,32.0969],[16.77,41.14]]},"properties":{"mission_id":154284,"date":"1943-04-26","theater":"MTO","aircraft":"B-24 Liberator","takeoff_base":"BENGHAZI","target_location":"BARI","target_country":"ITALY","total_tons":56.0}},{"type":"Feature","geometry":{"type":"LineString","coordinates":[[10.5053,33.3547],[10.03,34.07]]},"properties":{"mission_id":151325,"date":"1943-04-07","theater":"MTO","aircraft":"B-25 Mitchell","takeoff_base":"MEDENINE","target_location":"OUED EL AKARIT (WADI AKARIT)","target_country":"TUNISIA","total_tons":44.62}},{"type":"Feature","geometry":{"type":"LineString","coordinates":[[10.5053,33.3547],[10.03,34.07]]},"properties":{"mission_id":151326,"date":"1943-04-07","theater":"MTO","aircraft":"B-25 Mitchell","takeoff_base":"MEDENINE","target_location":"OUED EL AKARIT (WADI AKARIT)","target_country":"TUNISIA","total_tons":32.25}},{"type":"Feature","geometry":{"type":"LineString","coordinates":[[20.2694,32.0969],[16.85,41.14]]},"properties":{"mission_id":154596,"date":"1943-04-26","theater":"MTO","aircraft":"B-24 Liberator","takeoff_base":"BENINA (SOLUCH AIRFIELD)","target_location":"BARI","target_country":"ITALY","total_tons":53.25}},{"type":"Feature","geometry":{"type":"LineString","coordinates":[[20.2694,32.0969],[16.77,41.14]]},"properties":{"mission_id":154597,"date":"1943-04-26","theater":"MTO","aircraft":"B-24 Liberator","takeoff_base":"BENGHAZI","target_location":"BARI - FRAG BOMBS","target_country":"ITALY","total_tons":7.86}},{"type":"Feature","geometry":{"type":"LineString","coordinates":[[10.6908,34.7178],[10.81,37.14]]},"properties":{"mission_id":154603,"date":"1943-04-27","theater":"MTO","aircraft":"B-25 Mitchell","takeoff_base":"SFAX","target_location":"SHIPPING W OF ZEMBRA I OFF CAP BON","target_country":"TUNISIA","total_tons":23.88}},{"type":"Feature","geometry":{"type":"LineString","coordinates":[[10.5053,33.3547],[0.02,34.0]]},"properties":{"mission_id":151381,"date":"1943-04-08","theater":"MTO","aircraft":"B-25 Mitchell","takeoff_base":"MEDENINE","target_location":"N. OF GABES","target_country":"TUNISIA","total_tons":26.88}},{"type":"Feature","geometry":{"type":"LineString","coordinates":[[10.5053,33.3547],[0.02,34.0]]},"properties":{"mission_id":151382,"date":"1943-04-08","theater":"MTO","aircraft":"B-25 Mitchell","takeoff_base":"MEDENINE","target_location":"N. OF GABES","target_country":"TUNISIA","total_tons":11.7}},{"type":"Feature","geometry":{"type":"LineString","coordinates":[[10.5053,33.3547],[0.02,34.0]]},"properties":{"mission_id":151383,"date":"1943-04-08","theater":"MTO","aircraft":"B-25 Mitchell","takeoff_base":"MEDENINE","target_location":"N. OF GABES","target_country":"TUNISIA","total_tons":9.5}},{"type":"Feature","geometry":{"type":"LineString","coordinates":[[20.2694,32.0969],[14.28,40.84]]},"properties":{"mission_id":154871,"date":"1943-04-28","theater":"MTO","aircraft":"B-24 Liberator","takeoff_base":"BENGHAZI","target_location":"NAPLES","target_country":"ITALY","total_tons":54.0}},{"type":"Feature","geometry":{"type":"LineString","coordinates":[[10.6908,34.7178],[11.7,37.3]]},"properties":{"mission_id":154875,"date":"1943-04-28","theater":"MTO","aircraft":"B-25 Mitchell","takeoff_base":"SFAX","target_location":"2 VESSELS OFF NE TUNISIA IN STRAITS OF SICILY","target_country":"TUNISIA","total_tons":11.0}},{"type":"Feature","geometry":{"type":"LineString","coordinates":[[20.2694,32.0969],[15.57,38.19]]},"properties":{"mission_id":154923,"date":"1943-04-28","theater":"MTO","aircraft":"B-24 Liberator","takeoff_base":"BENINA (SOLUCH AIRFIELD)","target_location":"MESSINA","target_country":"ITALY","total_tons":73.96}},{"type":"Feature","geometry":{"type":"LineString","coordinates":[[10.5053,33.3547],[10.3,36.42]]},"properties":{"mission_id":151686,"date":"1943-04-10","theater":"MTO","aircraft":"B-25 Mitchell","takeoff_base":"MEDENINE","target_location":"ST MARIE DU ZIT EAST AND WEST LG","target_country":"TUNISIA","total_tons":12.0}},{"type":"Feature","geometry":{"type":"LineString","coordinates":[[10.5053,33.3547],[10.75,34.93]]},"properties":{"mission_id":151697,"date":"1943-04-10","theater":"MTO","aircraft":"B-25 Mitchell","takeoff_base":"MEDENINE","target_location":"N. OF SFAX","target_country":"TUNISIA","total_tons":6.1}},{"type":"Feature","geometry":{"type":"LineString","coordinates":[[11.2394,42.4955],[9.67,44.0]]},"properties":{"mission_id":155012,"date":"1944-06-30","theater":"MTO","aircraft":"North American A-36 Apache (Invader)","takeoff_base":"ORBETELLO AIRFIELD","target_location":"44 00 N 009 40 E","target_country":"ITALY","total_tons":4.0}},{"type":"Feature","geometry":{"type":"LineString","coordinates":[[11.2394,42.4955],[11.0,45.0]]},"properties":{"mission_id":155018,"date":"1944-06-30","theater":"MTO","aircraft":"North American A-36 Apache (Invader)","takeoff_base":"ORBETELLO AIRFIELD","target_location":"45 00 N 011 00 E","target_country":"ITALY","total_tons":2.0}},{"type":"Feature","geometry":{"type":"LineString","coordinates":[[10.5053,33.3547],[10.75,34.93]]},"properties":{"mission_id":152002,"date":"1943-04-12","theater":"MTO","aircraft":"B-25 Mitchell","takeoff_base":"MEDENINE","target_location":"N. OF SFAX","target_country":"TUNISIA","total_tons":24.0}},{"type":"Feature","geometry":{"type":"LineString","coordinates":[[10.5053,33.3547],[10.13,36.62]]},"properties":{"mission_id":152007,"date":"1943-04-12","theater":"MTO","aircraft":"B-25 Mitchell","takeoff_base":"MEDENINE","target_location":"OUDNA","target_country":"TUNISIA","total_tons":3.6}},{"type":"Feature","geometry":{"type":"LineString","coordinates":[[10.5053,33.3547],[10.13,36.62]]},"properties":{"mission_id":152024,"date":"1943-04-12","theater":"MTO","aircraft":"B-25 Mitchell","takeoff_base":"MEDENINE","target_location":"OUDNA","target_country":"TUNISIA","total_tons":1.5}},{"type":"Feature","geometry":{"type":"LineString","coordinates":[[10.5053,33.3547],[10.3,36.42]]},"properties":{"mission_id":152251,"date":"1943-04-13","theater":"MTO","aircraft":"B-25 Mitchell","takeoff_base":"MEDENINE","target_location":"ST MARIE DU ZIT EAST AND WEST LG","target_country":"TUNISIA","total_tons":16.25}},{"type":"Feature","geometry":{"type":"LineString","coordinates":[[10.5053,33.3547],[10.3,36.42]]},"properties":{"mission_id":152252,"date":"1943-04-13","theater":"MTO","aircraft":"B-25 Mitchell","takeoff_base":"MEDENINE","target_location":"ST MARIE DU ZIT EAST AND WEST LG","target_country":"TUNISIA","total_tons":17.1}},{"type":"Feature","geometry":{"type":"LineString","coordinates":[[10.5053,33.3547],[10.3,36.42]]},"properties":{"mission_id":152292,"date":"1943-04-14","theater":"MTO","aircraft":"B-25 Mitchell","takeoff_base":"MEDENINE","target_location":"ST MARIE DU ZIT K2707","target_country":"TUNISIA","total_tons":1.2}},{"type":"Feature","geometry":{"type":"LineString","coordinates":[[10.6908,34.7178],[10.03,36.77]]},"properties":{"mission_id":155194,"date":"1943-04-30","theater":"MTO","aircraft":"B-25 Mitchell","takeoff_base":"SFAX","target_location":"TUNIS -MEDJEZ EL BAB HIGHWAY","target_country":"TUNISIA","total_tons":24.0}},{"type":"Feature","geometry":{"type":"LineString","coordinates":[[20.2694,32.0969],[15.57,38.19]]},"properties":{"mission_id":155202,"date":"1943-04-30","theater":"MTO","aircraft":"B-24 Liberator","takeoff_base":"BENGHAZI","target_location":"MESSINA","target_country":"ITALY","total_tons":61.0}},{"type":"Feature","geometry":{"type":"LineString","coordinates":[[20.2694,32.0969],[15.65,38.12]]},"properties":{"mission_id":155468,"date":"1943-05-01","theater":"MTO","aircraft":"B-24 Liberator","takeoff_base":"BENINA (SOLUCH AIRFIELD)","target_location":"REGGIO","target_country":"ITALY","total_tons":4.5}},{"type":"Feature","geometry":{"type":"LineString","coordinates":[[20.2694,32.0969],[15.65,38.12]]},"properties":{"mission_id":155469,"date":"1943-05-01","theater":"MTO","aircraft":"B-24 Liberator","takeoff_base":"BENGHAZI","target_location":"REGGIO","target_country":"ITALY","total_tons":0.0}},{"type":"Feature","geometry":{"type":"LineString","coordinates":[[11.2394,42.4955],[10.93,43.87]]},"properties":{"mission_id":155617,"date":"1944-07-01","theater":"MTO","aircraft":"North American A-36 Apache (Invader)","takeoff_base":"ORBETELLO AIRFIELD","target_location":"PISTOIA","target_country":"ITALY","total_tons":4.0}},{"type":"Feature","geometry":{"type":"LineString","coordinates":[[8.9935,41.501],[0.67,44.0]]},"properties":{"mission_id":155630,"date":"1944-07-01","theater":"ETO","aircraft":"North American A-36 Apache (Invader)","takeoff_base":"SERRAGIA AIRFIELD","target_location":"44 00 N 000 40 E","target_country":"FRANCE","total_tons":2.0}},{"type":"Feature","geometry":{"type":"LineString","coordinates":[[20.2694,32.0969],[15.65,38.12]]},"properties":{"mission_id":155798,"date":"1943-05-04","theater":"MTO","aircraft":"B-24 Liberator","takeoff_base":"BENINA (SOLUCH AIRFIELD)","target_location":"REGGIO","target_country":"ITALY","total_tons":29.25}},{"type":"Feature","geometry":{"type":"LineString","coordinates":[[20.2694,32.0969],[15.65,38.12]]},"properties":{"mission_id":155799,"date":"1943-05-04","theater":"MTO","aircraft":"B-24 Liberator","takeoff_base":"BENGHAZI","target_location":"REGGIO","target_country":"ITALY","total_tons":0.0}},{"type":"Feature","geometry":{"type":"LineString","coordinates":[[10.1219,36.6496],[15.65,38.1]]},"properties":{"mission_id":155814,"date":"1943-05-05","theater":"MTO","aircraft":"B-24 Liberator","takeoff_base":"OUDNA","target_location":"REGGIO DI CALABRIA","target_country":"GREECE","total_tons":24.0}},{"type":"Feature","geometry":{"type":"LineString","coordinates":[[10.1219,36.6496],[15.65,38.1]]},"properties":{"mission_id":155815,"date":"1943-05-05","theater":"MTO","aircraft":"B-24 Liberator","takeoff_base":"OUDNA","target_location":"REGGIO DI CALABRIA","target_country":"GREECE","total_tons":3.0}},{"type":"Feature","geometry":{"type":"LineString","coordinates":[[10.6908,34.7178],[9.54,33.89]]},"properties":{"mission_id":155818,"date":"1943-05-05","theater":"MTO","aircraft":"B-25 Mitchell","takeoff_base":"SFAX","target_location":"GALAAT EL ANDELESS","target_country":"TUNISIA","total_tons":11.62}},{"type":"Feature","geometry":{"type":"LineString","coordinates":[[10.6908,34.7178],[10.84,36.69]]},"properties":{"mission_id":153205,"date":"1943-04-19","theater":"MTO","aircraft":"B-25 Mitchell","takeoff_base":"SFAX","target_location":"KORBA LG SOUTH TK 7243","target_country":"TUNISIA","total_tons":32.75}},{"type":"Feature","geometry":{"type":"LineString","coordinates":[[10.6908,34.7178],[10.84,36.69]]},"properties":{"mission_id":153206,"date":"1943-04-19","theater":"MTO","aircraft":"B-25 Mitchell","takeoff_base":"SFAX","target_location":"KORBA LG SOUTH TK 7243","target_country":"TUNISIA","total_tons":7.2}},{"type":"Feature","geometry":{"type":"LineString","coordinates":[[179.1977,-8.523],[166.9333,-0.5167]]},"properties":{"mission_id":153346,"date":"1943-04-20","theater":"PTO","aircraft":"B-24 Liberator","takeoff_base":"FUNAFUTI ATOLL","target_location":"NAURU","target_country":"GILBERT ISLANDS","total_tons":12.0}},{"type":"Feature","geometry":{"type":"LineString","coordinates":[[179.1977,-8.523],[166.9333,-0.5167]]},"properties":{"mission_id":153350,"date":"1943-04-20","theater":"PTO","aircraft":"B-24 Liberator","takeoff_base":"FUNAFUTI ATOLL","target_location":"NAURU","target_country":"GILBERT ISLANDS","total_tons":14.0}},{"type":"Feature","geometry":{"type":"LineString","coordinates":[[20.2694,32.0969],[15.65,38.12]]},"properties":{"mission_id":156067,"date":"1943-05-06","theater":"MTO","aircraft":"B-24 Liberator","takeoff_base":"BENGHAZI","target_location":"REGGIO","target_country":"ITALY","total_tons":64.75}},{"type":"Feature","geometry":{"type":"LineString","coordinates":[[11.2394,42.4955],[12.6,42.05]]},"properties":{"mission_id":156150,"date":"1944-07-02","theater":"MTO","aircraft":"North American A-36 Apache (Invader)","takeoff_base":"ORBETELLO AIRFIELD","target_location":"MONTEROTONDO","target_country":"ITALY","total_tons":4.0}},{"type":"Feature","geometry":{"type":"LineString","coordinates":[[11.2394,42.4955],[10.95,43.72]]},"properties":{"mission_id":156151,"date":"1944-07-02","theater":"MTO","aircraft":"North American A-36 Apache (Invader)","takeoff_base":"ORBETELLO AIRFIELD","target_location":"EMPOLI","target_country":"ITALY","total_tons":4.0}},{"type":"Feature","geometry":{"type":"LineString","coordinates":[[11.2394,42.4955],[10.33,43.33]]},"properties":{"mission_id":156152,"date":"1944-07-02","theater":"MTO","aircraft":"North American A-36 Apache (Invader)","takeoff_base":"ORBETELLO AIRFIELD","target_location":"43 20 N 010 20 E","target_country":"ITALY","total_tons":4.0}},{"type":"Feature","geometry":{"type":"LineString","coordinates":[[20.2694,32.0969],[15.65,38.12]]},"properties":{"mission_id":156374,"date":"1943-05-06","theater":"MTO","aircraft":"B-24 Liberator","takeoff_base":"BENINA (SOLUCH AIRFIELD)","target_location":"REGGIO","target_country":"ITALY","total_tons":57.09}},{"type":"Feature","geometry":{"type":"LineString","coordinates":[[20.2694,32.0969],[15.57,38.19]]},"properties":{"mission_id":156698,"date":"1943-05-09","theater":"MTO","aircraft":"B-24 Liberator","takeoff_base":"BENGHAZI","target_location":"MESSINA","target_country":"ITALY","total_tons":53.0}},{"type":"Feature","geometry":{"type":"LineString","coordinates":[[10.1219,36.6496],[13.33,38.1]]},"properties":{"mission_id":156704,"date":"1943-05-09","theater":"MTO","aircraft":"B-24 Liberator","takeoff_base":"OUDNA","target_location":"PALERMO HARBOR","target_country":"SICILY","total_tons":9.0}},{"type":"Feature","geometry":{"type":"LineString","coordinates":[[10.6908,34.7178],[10.45,36.71]]},"properties":{"mission_id":153712,"date":"1943-04-23","theater":"MTO","aircraft":"B-25 Mitchell","takeoff_base":"SFAX","target_location":"SOLIMAN SOUTH LG K3743 AND PP","target_country":"TUNISIA","total_tons":41.0}},{"type":"Feature","geometry":{"type":"LineString","coordinates":[[11.2394,42.4955],[11.0,44.33]]},"properties":{"mission_id":156799,"date":"1944-07-03","theater":"MTO","aircraft":"North American A-36 Apache (Invader)","takeoff_base":"ORBETELLO AIRFIELD","target_location":"44 20 N 011 00 E","target_country":"ITALY","total_tons":4.0}},{"type":"Feature","geometry":{"type":"LineString","coordinates":[[10.6908,34.7178],[10.24,36.36]]},"properties":{"mission_id":154012,"date":"1943-04-25","theater":"MTO","aircraft":"B-25 Mitchell","takeoff_base":"SFAX","target_location":"N AND NW OF ENFIDAVILLE","target_country":"TUNISIA","total_tons":39.62}},{"type":"Feature","geometry":{"type":"LineString","coordinates":[[10.6908,34.7178],[10.24,36.36]]},"properties":{"mission_id":154014,"date":"1943-04-25","theater":"MTO","aircraft":"B-25 Mitchell","takeoff_base":"SFAX","target_location":"N AND NW OF ENFIDAVILLE","target_country":"TUNISIA","total_tons":3.6}},{"type":"Feature","geometry":{"type":"LineString","coordinates":[[20.2694,32.0969],[15.57,38.19]]},"properties":{"mission_id":157013,"date":"1943-05-09","theater":"MTO","aircraft":"B-24 Liberator","takeoff_base":"BENINA (SOLUCH AIRFIELD)","target_location":"MESSINA","target_country":"ITALY","total_tons":63.72}},{"type":"Feature","geometry":{"type":"LineString","coordinates":[[10.6908,34.7178],[10.45,36.71]]},"properties":{"mission_id":154283,"date":"1943-04-26","theater":"MTO","aircraft":"B-25 Mitchell","takeoff_base":"SFAX","target_location":"SOLIMAN SOUTH LG K3743","target_country":"TUNISIA","total_tons":43.62}},{"type":"Feature","geometry":{"type":"LineString","coordinates":[[10.6908,34.7178],[10.45,36.71]]},"properties":{"mission_id":154285,"date":"1943-04-26","theater":"MTO","aircraft":"B-25 Mitchell","takeoff_base":"SFAX","target_location":"SOLIMAN SOUTH LG K3743","target_country":"TUNISIA","total_tons":21.6}},{"type":"Feature","geometry":{"type":"LineString","coordinates":[[20.2694,32.0969],[15.06,37.47]]},"properties":{"mission_id":157319,"date":"1943-05-11","theater":"MTO","aircraft":"B-24 Liberator","takeoff_base":"BENGHAZI","target_location":"CATANIA","target_country":"ITALY","total_tons":55.25}},{"type":"Feature","geometry":{"type":"LineString","coordinates":[[20.2694,32.0969],[15.06,37.47]]},"properties":{"mission_id":157587,"date":"1943-05-11","theater":"MTO","aircraft":"B-24 Liberator","takeoff_base":"BENINA (SOLUCH AIRFIELD)","target_location":"CATANIA","target_country":"ITALY","total_tons":52.59}},{"type":"Feature","geometry":{"type":"LineString","coordinates":[[10.6908,34.7178],[10.81,37.14]]},"properties":{"mission_id":155152,"date":"1943-04-29","theater":"MTO","aircraft":"B-25 Mitchell","takeoff_base":"SFAX","target_location":"TUNIS","target_country":"TUNISIA","total_tons":34.5}},{"type":"Feature","geometry":{"type":"LineString","coordinates":[[20.2694,32.0969],[15.22,37.23]]},"properties":{"mission_id":157856,"date":"1943-05-13","theater":"MTO","aircraft":"B-24 Liberator","takeoff_base":"BENGHAZI","target_location":"AUGUSTA","target_country":"ITALY","total_tons":64.75}},{"type":"Feature","geometry":{"type":"LineString","coordinates":[[10.1219,36.6496],[15.57,38.18]]},"properties":{"mission_id":157867,"date":"1943-05-13","theater":"MTO","aircraft":"B-24 Liberator","takeoff_base":"OUDNA","target_location":"MESSINA FERRY TERMINAL","target_country":"SICILY","total_tons":12.0}},{"type":"Feature","geometry":{"type":"LineString","coordinates":[[10.1219,36.6496],[15.57,38.18]]},"properties":{"mission_id":157868,"date":"1943-05-13","theater":"MTO","aircraft":"B-24 Liberator","takeoff_base":"OUDNA","target_location":"MESSINA FERRY TERMINAL","target_country":"SICILY","total_tons":3.0}},{"type":"Feature","geometry":{"type":"LineString","coordinates":[[11.2394,42.4955],[10.52,43.85]]},"properties":{"mission_id":157972,"date":"1944-07-05","theater":"MTO","aircraft":"North American A-36 Apache (Invader)","takeoff_base":"ORBETELLO AIRFIELD","target_location":"LUCCA","target_country":"ITALY","total_tons":2.0}},{"type":"Feature","geometry":{"type":"LineString","coordinates":[[10.6908,34.7178],[10.15,36.4]]},"properties":{"mission_id":155505,"date":"1943-05-04","theater":"MTO","aircraft":"B-25 Mitchell","takeoff_base":"SFAX","target_location":"ZAGHOUAN TK 0912","target_country":"TUNISIA","total_tons":16.0}},{"type":"Feature","geometry":{"type":"LineString","coordinates":[[11.2394,42.4955],[10.05,44.87]]},"properties":{"mission_id":158003,"date":"1944-07-05","theater":"MTO","aircraft":"North American A-36 Apache (Invader)","takeoff_base":"ORBETELLO AIRFIELD","target_location":"FIDENZA","target_country":"ITALY","total_tons":1.0}},{"type":"Feature","geometry":{"type":"LineString","coordinates":[[20.2694,32.0969],[15.22,37.23]]},"properties":{"mission_id":158216,"date":"1943-05-13","theater":"MTO","aircraft":"B-24 Liberator","takeoff_base":"BENINA (SOLUCH AIRFIELD)","target_location":"AUGUSTA","target_country":"ITALY","total_tons":54.84}},{"type":"Feature","geometry":{"type":"LineString","coordinates":[[11.2394,42.4955],[10.27,44.87]]},"properties":{"mission_id":158613,"date":"1944-07-06","theater":"MTO","aircraft":"North American A-36 Apache (Invader)","takeoff_base":"ORBETELLO AIRFIELD","target_location":"VIAREGGIO","target_country":"ITALY","total_tons":4.0}},{"type":"Feature","geometry":{"type":"LineString","coordinates":[[10.6908,34.7178],[9.87,36.7]]},"properties":{"mission_id":156068,"date":"1943-05-06","theater":"MTO","aircraft":"B-25 Mitchell","takeoff_base":"SFAX","target_location":"MASSICAULT J 835445 AND AREA TJ 7842","target_country":"TUNISIA","total_tons":27.0}},{"type":"Feature","geometry":{"type":"LineString","coordinates":[[10.6908,34.7178],[9.87,36.7]]},"properties":{"mission_id":156069,"date":"1943-05-06","theater":"MTO","aircraft":"B-25 Mitchell","takeoff_base":"SFAX","target_location":"MASSICAULT J 835445 AND AREA TJ 7842","target_country":"TUNISIA","total_tons":21.3}},{"type":"Feature","geometry":{"type":"LineString","coordinates":[[10.6908,34.7178],[11.1,36.85]]},"properties":{"mission_id":156393,"date":"1943-05-07","theater":"MTO","aircraft":"B-25 Mitchell","takeoff_base":"SFAX","target_location":"KELIBIA TK 8869","target_country":"TUNISIA","total_tons":13.5}},{"type":"Feature","geometry":{"type":"LineString","coordinates":[[10.6908,34.7178],[12.0,36.75]]},"properties":{"mission_id":156421,"date":"1943-05-08","theater":"MTO","aircraft":"B-25 Mitchell","takeoff_base":"SFAX","target_location":"PANTELLERIA LG","target_country":"PANTELLARIA","total_tons":45.0}},{"type":"Feature","geometry":{"type":"LineString","coordinates":[[10.6908,34.7178],[12.0,36.75]]},"properties":{"mission_id":156422,"date":"1943-05-08","theater":"MTO","aircraft":"B-25 Mitchell","takeoff_base":"SFAX","target_location":"PANTELLERIA LG","target_country":"PANTELLARIA","total_tons":16.0}},{"type":"Feature","geometry":{"type":"LineString","coordinates":[[10.6908,34.7178],[12.0,36.75]]},"properties":{"mission_id":156423,"date":"1943-05-08","theater":"MTO","aircraft":"B-25 Mitchell","takeoff_base":"SFAX","target_location":"PANTELLERIA LG","target_country":"PANTELLARIA","total_tons":7.8}},{"type":"Feature","geometry":{"type":"LineString","coordinates":[[10.1219,36.6496],[15.57,38.18]]},"properties":{"mission_id":159571,"date":"1943-05-20","theater":"MTO","aircraft":"B-24 Liberator","takeoff_base":"OUDNA","target_location":"MESSINA FERRY SLIP","target_country":"SICILY","total_tons":16.0}},{"type":"Feature","geometry":{"type":"LineString","coordinates":[[10.1219,36.6496],[15.65,38.1]]},"properties":{"mission_id":159572,"date":"1943-05-20","theater":"MTO","aircraft":"B-24 Liberator","takeoff_base":"OUDNA","target_location":"REGGIO DI CALABRIA","target_country":"GREECE","total_tons":4.0}},{"type":"Feature","geometry":{"type":"LineString","coordinates":[[20.2694,32.0969],[15.8,41.24]]},"properties":{"mission_id":159609,"date":"1943-05-21","theater":"MTO","aircraft":"B-24 Liberator","takeoff_base":"BENGHAZI","target_location":"SAN GIOVANNI","target_country":"ITALY","total_tons":59.0}},{"type":"Feature","geometry":{"type":"LineString","coordinates":[[10.6908,34.7178],[12.0,36.75]]},"properties":{"mission_id":156695,"date":"1943-05-09","theater":"MTO","aircraft":"B-25 Mitchell","takeoff_base":"SFAX","target_location":"PANTELLERIA LG","target_country":"PANTELLARIA","total_tons":32.0}},{"type":"Feature","geometry":{"type":"LineString","coordinates":[[10.6908,34.7178],[12.0,36.75]]},"properties":{"mission_id":156696,"date":"1943-05-09","theater":"MTO","aircraft":"B-25 Mitchell","takeoff_base":"SFAX","target_location":"PANTELLERIA LG","target_country":"PANTELLARIA","total_tons":45.0}},{"type":"Feature","geometry":{"type":"LineString","coordinates":[[20.2694,32.0969],[15.65,38.12]]},"properties":{"mission_id":159926,"date":"1943-05-21","theater":"MTO","aircraft":"B-24 Liberator","takeoff_base":"BENINA (SOLUCH AIRFIELD)","target_location":"REGGIO","target_country":"ITALY","total_tons":71.72}},{"type":"Feature","geometry":{"type":"LineString","coordinates":[[20.2694,32.0969],[15.8,41.24]]},"properties":{"mission_id":159927,"date":"1943-05-21","theater":"MTO","aircraft":"B-24 Liberator","takeoff_base":"BENGHAZI","target_location":"SAN GIOVANNI - 40 CASES INCENDIARIES","target_country":"ITALY","total_tons":0.0}},{"type":"Feature","geometry":{"type":"LineString","coordinates":[[10.1219,36.6496],[15.22,38.22]]},"properties":{"mission_id":159942,"date":"1943-05-22","theater":"MTO","aircraft":"B-24 Liberator","takeoff_base":"OUDNA","target_location":"SAN GIOVANNI","target_country":"GREECE","total_tons":20.0}},{"type":"Feature","geometry":{"type":"LineString","coordinates":[[10.6908,34.7178],[12.0,36.75]]},"properties":{"mission_id":157019,"date":"1943-05-10","theater":"MTO","aircraft":"B-25 Mitchell","takeoff_base":"SFAX","target_location":"PANTELLERIA LG","target_country":"PANTELLARIA","total_tons":40.0}},{"type":"Feature","geometry":{"type":"LineString","coordinates":[[10.6908,34.7178],[12.0,36.75]]},"properties":{"mission_id":157020,"date":"1943-05-10","theater":"MTO","aircraft":"B-25 Mitchell","takeoff_base":"SFAX","target_location":"PANTELLERIA LG","target_country":"PANTELLARIA","total_tons":42.0}},{"type":"Feature","geometry":{"type":"LineString","coordinates":[[10.1219,36.6496],[15.22,38.22]]},"properties":{"mission_id":160143,"date":"1943-05-22","theater":"MTO","aircraft":"B-24 Liberator","takeoff_base":"OUDNA","target_location":"SAN GIOVANNI","target_country":"GREECE","total_tons":2.5}},{"type":"Feature","geometry":{"type":"LineString","coordinates":[[20.2694,32.0969],[15.65,38.12]]},"properties":{"mission_id":160200,"date":"1943-05-24","theater":"MTO","aircraft":"B-24 Liberator","takeoff_base":"BENGHAZI","target_location":"REGGIO","target_country":"ITALY","total_tons":53.0}},{"type":"Feature","geometry":{"type":"LineString","coordinates":[[20.2694,32.0969],[15.65,38.12]]},"properties":{"mission_id":160233,"date":"1943-05-24","theater":"MTO","aircraft":"B-24 Liberator","takeoff_base":"BENGHAZI","target_location":"REGGIO - INCENDIARY CLUSTERS","target_country":"ITALY","total_tons":1.36}},{"type":"Feature","geometry":{"type":"LineString","coordinates":[[20.2694,32.0969],[15.8,41.24]]},"properties":{"mission_id":160234,"date":"1943-05-24","theater":"MTO","aircraft":"B-24 Liberator","takeoff_base":"BENINA (SOLUCH AIRFIELD)","target_location":"SAN GIOVANNI","target_country":"ITALY","total_tons":73.32}},{"type":"Feature","geometry":{"type":"LineString","coordinates":[[20.2694,32.0969],[15.57,38.19]]},"properties":{"mission_id":160239,"date":"1943-05-25","theater":"MTO","aircraft":"B-24 Liberator","takeoff_base":"BENGHAZI","target_location":"MESSINA","target_country":"ITALY","total_tons":67.5}},{"type":"Feature","geometry":{"type":"LineString","coordinates":[[10.6908,34.7178],[0.02,36.75]]},"properties":{"mission_id":160443,"date":"1943-05-25","theater":"MTO","aircraft":"B-25 Mitchell","takeoff_base":"SFAX","target_location":"PANTELLERIA LG","target_country":"PANTELLARIA","total_tons":6.0}},{"type":"Feature","geometry":{"type":"LineString","coordinates":[[20.2694,32.0969],[15.57,38.19]]},"properties":{"mission_id":160507,"date":"1943-05-25","theater":"MTO","aircraft":"B-24 Liberator","takeoff_base":"BENINA (SOLUCH AIRFIELD)","target_location":"MESSINA","target_country":"ITALY","total_tons":66.6}},{"type":"Feature","geometry":{"type":"LineString","coordinates":[[20.2694,32.0969],[15.57,38.19]]},"properties":{"mission_id":160508,"date":"1943-05-25","theater":"MTO","aircraft":"B-24 Liberator","takeoff_base":"BENGHAZI","target_location":"MESSINA - INCENDIARY CLUSTERS","target_country":"ITALY","total_tons":1.36}},{"type":"Feature","geometry":{"type":"LineString","coordinates":[[179.1977,-8.523],[173.8833,0.55]]},"properties":{"mission_id":160510,"date":"1943-05-26","theater":"PTO","aircraft":"B-24 Liberator","takeoff_base":"FUNAFUTI ATOLL","target_location":"APAMAMA","target_country":"GILBERT ISLANDS","total_tons":4.5}},{"type":"Feature","geometry":{"type":"LineString","coordinates":[[10.1219,36.6496],[15.22,37.22]]},"properties":{"mission_id":160530,"date":"1943-05-27","theater":"MTO","aircraft":"B-24 Liberator","takeoff_base":"OUDNA","target_location":"AUGUSTA","target_country":"SICILY","total_tons":9.75}},{"type":"Feature","geometry":{"type":"LineString","coordinates":[[10.1219,36.6496],[15.22,37.22]]},"properties":{"mission_id":160531,"date":"1943-05-27","theater":"MTO","aircraft":"B-24 Liberator","takeoff_base":"OUDNA","target_location":"AUGUSTA","target_country":"SICILY","total_tons":2.0}},{"type":"Feature","geometry":{"type":"LineString","coordinates":[[20.2694,32.0969],[15.54,41.43]]},"properties":{"mission_id":160825,"date":"1943-05-28","theater":"MTO","aircraft":"B-24 Liberator","takeoff_base":"BENINA (SOLUCH AIRFIELD)","target_location":"FOGGIA","target_country":"ITALY","total_tons":53.64}},{"type":"Feature","geometry":{"type":"LineString","coordinates":[[20.2694,32.0969],[15.54,41.43]]},"properties":{"mission_id":160826,"date":"1943-05-28","theater":"MTO","aircraft":"B-24 Liberator","takeoff_base":"BENGHAZI","target_location":"FOGGIA - FRAG BOMBS","target_country":"ITALY","total_tons":11.35}},{"type":"Feature","geometry":{"type":"LineString","coordinates":[[10.6182,43.658],[11.0,45.43]]},"properties":{"mission_id":161203,"date":"1945-01-21","theater":"MTO","aircraft":"North American A-36 Apache (Invader)","takeoff_base":"PONTEDERA AIRFIELD","target_location":"VERONA","target_country":"ITALY","total_tons":1.0}},{"type":"Feature","geometry":{"type":"LineString","coordinates":[[20.2694,32.0969],[15.54,41.43]]},"properties":{"mission_id":161357,"date":"1943-05-30","theater":"MTO","aircraft":"B-24 Liberator","takeoff_base":"BENGHAZI","target_location":"FOGGIA","target_country":"ITALY","total_tons":26.25}},{"type":"Feature","geometry":{"type":"LineString","coordinates":[[20.2694,32.0969],[15.54,41.43]]},"properties":{"mission_id":161358,"date":"1943-05-30","theater":"MTO","aircraft":"B-24 Liberator","takeoff_base":"BENGHAZI","target_location":"FOGGIA","target_country":"ITALY","total_tons":18.0}},{"type":"Feature","geometry":{"type":"LineString","coordinates":[[10.1219,36.6496],[15.22,37.22]]},"properties":{"mission_id":161364,"date":"1943-05-30","theater":"MTO","aircraft":"B-24 Liberator","takeoff_base":"OUDNA","target_location":"AUGUSTA","target_country":"SICILY","total_tons":15.0}},{"type":"Feature","geometry":{"type":"LineString","coordinates":[[20.2694,32.0969],[15.54,41.43]]},"properties":{"mission_id":161408,"date":"1943-05-30","theater":"MTO","aircraft":"B-24 Liberator","takeoff_base":"BENINA (SOLUCH AIRFIELD)","target_location":"FOGGIA","target_country":"ITALY","total_tons":46.8}},{"type":"Feature","geometry":{"type":"LineString","coordinates":[[10.1219,36.6496],[15.22,37.22]]},"properties":{"mission_id":161417,"date":"1943-05-31","theater":"MTO","aircraft":"Handley Page Halifax","takeoff_base":"OUDNA","target_location":"AUGUSTA","target_country":"SICILY","total_tons":24.0}},{"type":"Feature","geometry":{"type":"LineString","coordinates":[[10.1219,36.6496],[15.22,37.22]]},"properties":{"mission_id":161418,"date":"1943-05-31","theater":"MTO","aircraft":"Handley Page Halifax","takeoff_base":"OUDNA","target_location":"AUGUSTA","target_country":"SICILY","total_tons":6.5}},{"type":"Feature","geometry":{"type":"LineString","coordinates":[[20.2694,32.0969],[17.4,40.52]]},"properties":{"mission_id":161704,"date":"1943-06-04","theater":"MTO","aircraft":"B-24 Liberator","takeoff_base":"BENGHAZI","target_location":"GROTTAGLIE","target_country":"ITALY","total_tons":50.25}},{"type":"Feature","geometry":{"type":"LineString","coordinates":[[10.1219,36.6496],[15.06,37.47]]},"properties":{"mission_id":161710,"date":"1943-06-04","theater":"MTO","aircraft":"B-24 Liberator","takeoff_base":"OUDNA","target_location":"CATANIA","target_country":"SICILY","total_tons":8.0}},{"type":"Feature","geometry":{"type":"LineString","coordinates":[[10.1219,36.6496],[15.06,37.47]]},"properties":{"mission_id":161711,"date":"1943-06-04","theater":"MTO","aircraft":"Handley Page Halifax","takeoff_base":"OUDNA","target_location":"CATANIA","target_country":"SICILY","total_tons":15.6}},{"type":"Feature","geometry":{"type":"LineString","coordinates":[[10.1219,36.6496],[15.06,37.47]]},"properties":{"mission_id":161712,"date":"1943-06-04","theater":"MTO","aircraft":"B-24 Liberator","takeoff_base":"OUDNA","target_location":"CATANIA","target_country":"SICILY","total_tons":4.5}},{"type":"Feature","geometry":{"type":"LineString","coordinates":[[20.2694,32.0969],[17.4,40.52]]},"properties":{"mission_id":161955,"date":"1943-06-04","theater":"MTO","aircraft":"B-24 Liberator","takeoff_base":"BENGHAZI","target_location":"GROTTAGLIE","target_country":"ITALY","total_tons":12.0}},{"type":"Feature","geometry":{"type":"LineString","coordinates":[[20.2694,32.0969],[17.4,40.52]]},"properties":{"mission_id":161956,"date":"1943-06-04","theater":"MTO","aircraft":"B-24 Liberator","takeoff_base":"BENINA (SOLUCH AIRFIELD)","target_location":"GROTTAGLIE","target_country":"ITALY","total_tons":51.85}},{"type":"Feature","geometry":{"type":"LineString","coordinates":[[20.2694,32.0969],[15.57,38.19]]},"properties":{"mission_id":161988,"date":"1943-06-05","theater":"MTO","aircraft":"B-24 Liberator","takeoff_base":"BENINA (SOLUCH AIRFIELD)","target_location":"MESSINA","target_country":"ITALY","total_tons":81.56}},{"type":"Feature","geometry":{"type":"LineString","coordinates":[[20.2694,32.0969],[15.8,41.24]]},"properties":{"mission_id":161992,"date":"1943-06-06","theater":"MTO","aircraft":"B-24 Liberator","takeoff_base":"BENGHAZI","target_location":"SAN GIOVANNI","target_country":"ITALY","total_tons":36.0}},{"type":"Feature","geometry":{"type":"LineString","coordinates":[[20.2694,32.0969],[15.65,38.12]]},"properties":{"mission_id":161993,"date":"1943-06-06","theater":"MTO","aircraft":"B-24 Liberator","takeoff_base":"BENGHAZI","target_location":"REGGIO","target_country":"ITALY","total_tons":33.0}},{"type":"Feature","geometry":{"type":"LineString","coordinates":[[10.8359,36.6923],[12.0,36.75]]},"properties":{"mission_id":162036,"date":"1943-06-07","theater":"MTO","aircraft":"North American A-36 Apache (Invader)","takeoff_base":"KORBA","target_location":"PANTELLERIA","target_country":"PANTELLARIA","total_tons":13.0}},{"type":"Feature","geometry":{"type":"LineString","coordinates":[[10.1219,36.6496],[15.57,38.18]]},"properties":{"mission_id":162244,"date":"1943-06-07","theater":"MTO","aircraft":"B-24 Liberator","takeoff_base":"OUDNA","target_location":"MESSINA","target_country":"SICILY","total_tons":16.0}},{"type":"Feature","geometry":{"type":"LineString","coordinates":[[10.1219,36.6496],[15.57,38.18]]},"properties":{"mission_id":162245,"date":"1943-06-07","theater":"MTO","aircraft":"Handley Page Halifax","takeoff_base":"OUDNA","target_location":"MESSINA","target_country":"SICILY","total_tons":16.72}},{"type":"Feature","geometry":{"type":"LineString","coordinates":[[10.1219,36.6496],[15.57,38.18]]},"properties":{"mission_id":162246,"date":"1943-06-07","theater":"MTO","aircraft":"B-24 Liberator","takeoff_base":"OUDNA","target_location":"MESSINA","target_country":"SICILY","total_tons":4.75}},{"type":"Feature","geometry":{"type":"LineString","coordinates":[[10.8359,36.6923],[12.0,36.75]]},"properties":{"mission_id":162314,"date":"1943-06-08","theater":"MTO","aircraft":"North American A-36 Apache (Invader)","takeoff_base":"KORBA","target_location":"PANTELLERIA","target_country":"PANTELLARIA","total_tons":6.0}},{"type":"Feature","geometry":{"type":"LineString","coordinates":[[20.2694,32.0969],[14.87,37.46]]},"properties":{"mission_id":162561,"date":"1943-06-09","theater":"MTO","aircraft":"B-24 Liberator","takeoff_base":"BENGHAZI","target_location":"GERBINI","target_country":"ITALY","total_tons":27.0}},{"type":"Feature","geometry":{"type":"LineString","coordinates":[[10.8359,36.6923],[12.0,36.75]]},"properties":{"mission_id":162562,"date":"1943-06-09","theater":"MTO","aircraft":"North American A-36 Apache (Invader)","takeoff_base":"KORBA","target_location":"PANTELLERIA","target_country":"PANTELLARIA","total_tons":7.5}},{"type":"Feature","geometry":{"type":"LineString","coordinates":[[20.2694,32.0969],[14.87,37.46]]},"properties":{"mission_id":162571,"date":"1943-06-09","theater":"MTO","aircraft":"B-24 Liberator","takeoff_base":"BENGHAZI","target_location":"GERBINI","target_country":"ITALY","total_tons":11.9}},{"type":"Feature","geometry":{"type":"LineString","coordinates":[[9.4847,42.55],[-0.27,48.03]]},"properties":{"mission_id":162776,"date":"1944-07-10","theater":"ETO","aircraft":"North American A-36 Apache (Invader)","takeoff_base":"PORETTA AIRFIELD","target_location":"LA BARRE","target_country":"FRANCE","total_tons":0.0}},{"type":"Feature","geometry":{"type":"LineString","coordinates":[[20.2694,32.0969],[15.06,37.47]]},"properties":{"mission_id":162852,"date":"1943-06-09","theater":"MTO","aircraft":"B-24 Liberator","takeoff_base":"BENINA (SOLUCH AIRFIELD)","target_location":"CATANIA","target_country":"ITALY","total_tons":66.98}},{"type":"Feature","geometry":{"type":"LineString","coordinates":[[20.2694,32.0969],[14.87,37.46]]},"properties":{"mission_id":162853,"date":"1943-06-09","theater":"MTO","aircraft":"B-24 Liberator","takeoff_base":"BENGHAZI","target_location":"GERBINI - FRAG BOMBS","target_country":"ITALY","total_tons":12.65}},{"type":"Feature","geometry":{"type":"LineString","coordinates":[[10.8359,36.6923],[12.0,36.75]]},"properties":{"mission_id":162857,"date":"1943-06-10","theater":"MTO","aircraft":"North American A-36 Apache (Invader)","takeoff_base":"KORBA","target_location":"PANTELLERIA","target_country":"PANTELLARIA","total_tons":9.5}},{"type":"Feature","geometry":{"type":"LineString","coordinates":[[10.1219,36.6496],[15.65,38.1]]},"properties":{"mission_id":162866,"date":"1943-06-10","theater":"MTO","aircraft":"Handley Page Halifax","takeoff_base":"OUDNA","target_location":"REGGIO DI CALABRIA","target_country":"GREECE","total_tons":15.9}},{"type":"Feature","geometry":{"type":"LineString","coordinates":[[10.1219,36.6496],[15.65,38.1]]},"properties":{"mission_id":162867,"date":"1943-06-10","theater":"MTO","aircraft":"B-24 Liberator","takeoff_base":"OUDNA","target_location":"REGGIO DI CALABRIA","target_country":"GREECE","total_tons":20.0}},{"type":"Feature","geometry":{"type":"LineString","coordinates":[[10.8359,36.6923],[12.0,36.75]]},"properties":{"mission_id":163156,"date":"1943-06-11","theater":"MTO","aircraft":"North American A-36 Apache (Invader)","takeoff_base":"KORBA","target_location":"PANTELLERIA","target_country":"PANTELLARIA","total_tons":12.0}},{"type":"Feature","geometry":{"type":"LineString","coordinates":[[10.8359,36.6923],[12.58,35.52]]},"properties":{"mission_id":163163,"date":"1943-06-11","theater":"MTO","aircraft":"North American A-36 Apache (Invader)","takeoff_base":"KORBA","target_location":"LAMPEDUSA ISLAND","target_country":"ITALY","total_tons":0.0}},{"type":"Feature","geometry":{"type":"LineString","coordinates":[[9.4847,42.55],[1.0,44.0]]},"properties":{"mission_id":163720,"date":"1944-07-12","theater":"ETO","aircraft":"North American A-36 Apache (Invader)","takeoff_base":"PORETTA AIRFIELD","target_location":"44 00 N 001 00 E","target_country":"FRANCE","total_tons":3.0}},{"type":"Feature","geometry":{"type":"LineString","coordinates":[[10.8359,36.6923],[12.58,35.52]]},"properties":{"mission_id":163785,"date":"1943-06-12","theater":"MTO","aircraft":"North American A-36 Apache (Invader)","takeoff_base":"KORBA","target_location":"LAMPEDUSA ISLAND","target_country":"ITALY","total_tons":16.0}},{"type":"Feature","geometry":{"type":"LineString","coordinates":[[10.8359,36.6923],[12.58,35.52]]},"properties":{"mission_id":163790,"date":"1943-06-12","theater":"MTO","aircraft":"North American A-36 Apache (Invader)","takeoff_base":"KORBA","target_location":"LAMPEDUSA ISLAND","target_country":"ITALY","total_tons":6.0}},{"type":"Feature","geometry":{"type":"LineString","coordinates":[[10.1219,36.6496],[15.06,37.47]]},"properties":{"mission_id":163797,"date":"1943-06-12","theater":"MTO","aircraft":"Handley Page Halifax","takeoff_base":"OUDNA","target_location":"CATANIA","target_country":"SICILY","total_tons":13.22}},{"type":"Feature","geometry":{"type":"LineString","coordinates":[[10.1219,36.6496],[15.06,37.47]]},"properties":{"mission_id":163798,"date":"1943-06-12","theater":"MTO","aircraft":"B-24 Liberator","takeoff_base":"OUDNA","target_location":"CATANIA","target_country":"SICILY","total_tons":17.0}},{"type":"Feature","geometry":{"type":"LineString","coordinates":[[20.2694,32.0969],[14.87,37.46]]},"properties":{"mission_id":164059,"date":"1943-06-13","theater":"MTO","aircraft":"B-24 Liberator","takeoff_base":"BENGHAZI","target_location":"GERBINI","target_country":"ITALY","total_tons":24.0}},{"type":"Feature","geometry":{"type":"LineString","coordinates":[[20.2694,32.0969],[14.87,37.46]]},"properties":{"mission_id":164060,"date":"1943-06-13","theater":"MTO","aircraft":"B-24 Liberator","takeoff_base":"BENGHAZI","target_location":"GERBINI","target_country":"ITALY","total_tons":36.0}},{"type":"Feature","geometry":{"type":"LineString","coordinates":[[20.2694,32.0969],[15.06,37.47]]},"properties":{"mission_id":164386,"date":"1943-06-13","theater":"MTO","aircraft":"B-24 Liberator","takeoff_base":"BENINA (SOLUCH AIRFIELD)","target_location":"CATANIA","target_country":"ITALY","total_tons":53.04}},{"type":"Feature","geometry":{"type":"LineString","coordinates":[[20.2694,32.0969],[14.61,36.99]]},"properties":{"mission_id":164675,"date":"1943-06-17","theater":"MTO","aircraft":"B-24 Liberator","takeoff_base":"BENGHAZI","target_location":"COMISO","target_country":"ITALY","total_tons":58.0}},{"type":"Feature","geometry":{"type":"LineString","coordinates":[[179.1977,-8.523],[173.0,1.5]]},"properties":{"mission_id":164677,"date":"1943-06-17","theater":"PTO","aircraft":"B-24 Liberator","takeoff_base":"FUNAFUTI ATOLL","target_location":"TARAWA","target_country":"GILBERT ISLANDS","total_tons":4.23}},{"type":"Feature","geometry":{"type":"LineString","coordinates":[[10.1219,36.6496],[14.6,36.93]]},"properties":{"mission_id":164681,"date":"1943-06-17","theater":"MTO","aircraft":"Handley Page Halifax","takeoff_base":"OUDNA","target_location":"COMISO","target_country":"GREECE","total_tons":12.18}},{"type":"Feature","geometry":{"type":"LineString","coordinates":[[10.1219,36.6496],[14.6,36.93]]},"properties":{"mission_id":164682,"date":"1943-06-17","theater":"MTO","aircraft":"B-24 Liberator","takeoff_base":"OUDNA","target_location":"COMISO","target_country":"GREECE","total_tons":17.0}},{"type":"Feature","geometry":{"type":"LineString","coordinates":[[20.2694,32.0969],[14.61,36.99]]},"properties":{"mission_id":164683,"date":"1943-06-17","theater":"MTO","aircraft":"B-24 Liberator","takeoff_base":"BENGHAZI","target_location":"COMISO","target_country":"ITALY","total_tons":10.0}},{"type":"Feature","geometry":{"type":"LineString","coordinates":[[20.2694,32.0969],[15.09,37.5]]},"properties":{"mission_id":164717,"date":"1943-06-17","theater":"MTO","aircraft":"B-24 Liberator","takeoff_base":"BENINA (SOLUCH AIRFIELD)","target_location":"BISCARI","target_country":"ITALY","total_tons":69.24}},{"type":"Feature","geometry":{"type":"LineString","coordinates":[[10.8359,36.6923],[9.48,40.92]]},"properties":{"mission_id":164724,"date":"1943-06-18","theater":"MTO","aircraft":"North American A-36 Apache (Invader)","takeoff_base":"KORBA","target_location":"OLBIA","target_country":"SARDINIA","total_tons":6.0}},{"type":"Feature","geometry":{"type":"LineString","coordinates":[[10.8359,36.6923],[12.0,36.75]]},"properties":{"mission_id":164725,"date":"1943-06-18","theater":"MTO","aircraft":"North American A-36 Apache (Invader)","takeoff_base":"KORBA","target_location":"PANTELLERIA","target_country":"PANTELLARIA","total_tons":5.5}},{"type":"Feature","geometry":{"type":"LineString","coordinates":[[20.2694,32.0969],[15.8,41.24]]},"properties":{"mission_id":164741,"date":"1943-06-19","theater":"MTO","aircraft":"B-24 Liberator","takeoff_base":"BENGHAZI","target_location":"SAN GIOVANNI","target_country":"ITALY","total_tons":50.0}},{"type":"Feature","geometry":{"type":"LineString","coordinates":[[10.8359,36.6923],[12.0,36.75]]},"properties":{"mission_id":164742,"date":"1943-06-19","theater":"MTO","aircraft":"North American A-36 Apache (Invader)","takeoff_base":"KORBA","target_location":"PANTELLERIA","target_country":"PANTELLARIA","total_tons":5.5}},{"type":"Feature","geometry":{"type":"LineString","coordinates":[[155.3839,-6.2444],[154.7667,-5.5167]]},"properties":{"mission_id":164874,"date":"1944-07-13","theater":"PTO","aircraft":"PV-1 Lockeed Ventura","takeoff_base":"BOUGAINVILLE ISLAND","target_location":"PORTON PLANTATION","target_country":"SOLOMON ISLANDS","total_tons":18.0}},{"type":"Feature","geometry":{"type":"LineString","coordinates":[[20.2694,32.0969],[15.65,38.12]]},"properties":{"mission_id":164974,"date":"1943-06-19","theater":"MTO","aircraft":"B-24 Liberator","takeoff_base":"BENINA (SOLUCH AIRFIELD)","target_location":"REGGIO","target_country":"ITALY","total_tons":69.32}},{"type":"Feature","geometry":{"type":"LineString","coordinates":[[10.8359,36.6923],[12.0,36.75]]},"properties":{"mission_id":164986,"date":"1943-06-20","theater":"MTO","aircraft":"North American A-36 Apache (Invader)","takeoff_base":"KORBA","target_location":"PANTELLERIA","target_country":"PANTELLARIA","total_tons":11.5}},{"type":"Feature","geometry":{"type":"LineString","coordinates":[[10.8359,36.6923],[12.78,37.67]]},"properties":{"mission_id":164987,"date":"1943-06-20","theater":"MTO","aircraft":"North American A-36 Apache (Invader)","takeoff_base":"KORBA","target_location":"CASTELVETRANO","target_country":"ITALY","total_tons":5.5}},{"type":"Feature","geometry":{"type":"LineString","coordinates":[[10.1219,36.6496],[15.65,38.1]]},"properties":{"mission_id":164995,"date":"1943-06-20","theater":"MTO","aircraft":"Handley Page Halifax","takeoff_base":"OUDNA","target_location":"REGGIO DI CALABRIA","target_country":"GREECE","total_tons":14.78}},{"type":"Feature","geometry":{"type":"LineString","coordinates":[[10.1219,36.6496],[15.22,38.22]]},"properties":{"mission_id":164996,"date":"1943-06-20","theater":"MTO","aircraft":"B-24 Liberator","takeoff_base":"OUDNA","target_location":"SAN GIOVANNI","target_country":"GREECE","total_tons":20.36}},{"type":"Feature","geometry":{"type":"LineString","coordinates":[[20.2694,32.0969],[15.65,38.12]]},"properties":{"mission_id":165014,"date":"1943-06-21","theater":"MTO","aircraft":"B-24 Liberator","takeoff_base":"BENGHAZI","target_location":"REGGIO","target_country":"ITALY","total_tons":56.5}},{"type":"Feature","geometry":{"type":"LineString","coordinates":[[10.8359,36.6923],[12.0,36.75]]},"properties":{"mission_id":165016,"date":"1943-06-21","theater":"MTO","aircraft":"North American A-36 Apache (Invader)","takeoff_base":"KORBA","target_location":"PANTELLERIA","target_country":"PANTELLARIA","total_tons":17.5}},{"type":"Feature","geometry":{"type":"LineString","coordinates":[[179.1977,-8.523],[174.35,-0.6667]]},"properties":{"mission_id":165020,"date":"1943-06-21","theater":"PTO","aircraft":"B-24 Liberator","takeoff_base":"FUNAFUTI ATOLL","target_location":"NANUTI","target_country":"GILBERT ISLANDS","total_tons":0.75}},{"type":"Feature","geometry":{"type":"LineString","coordinates":[[20.2694,32.0969],[15.8,41.24]]},"properties":{"mission_id":165263,"date":"1943-06-21","theater":"MTO","aircraft":"B-24 Liberator","takeoff_base":"BENINA (SOLUCH AIRFIELD)","target_location":"SAN GIOVANNI","target_country":"ITALY","total_tons":75.4}},{"type":"Feature","geometry":{"type":"LineString","coordinates":[[10.8359,36.6923],[12.0,36.75]]},"properties":{"mission_id":165266,"date":"1943-06-22","theater":"MTO","aircraft":"North American A-36 Apache (Invader)","takeoff_base":"KORBA","target_location":"PANTELLERIA","target_country":"PANTELLARIA","total_tons":9.0}},{"type":"Feature","geometry":{"type":"LineString","coordinates":[[10.1219,36.6496],[14.6,36.93]]},"properties":{"mission_id":165267,"date":"1943-06-22","theater":"MTO","aircraft":"Handley Page Halifax","takeoff_base":"OUDNA","target_location":"COMISO","target_country":"GREECE","total_tons":12.98}},{"type":"Feature","geometry":{"type":"LineString","coordinates":[[10.1219,36.6496],[14.6,36.93]]},"properties":{"mission_id":165268,"date":"1943-06-22","theater":"MTO","aircraft":"B-24 Liberator","takeoff_base":"OUDNA","target_location":"COMISO","target_country":"GREECE","total_tons":17.36}},{"type":"Feature","geometry":{"type":"LineString","coordinates":[[10.8359,36.6923],[12.0,36.75]]},"properties":{"mission_id":165580,"date":"1943-06-23","theater":"MTO","aircraft":"North American A-36 Apache (Invader)","takeoff_base":"KORBA","target_location":"PANTELLERIA","target_country":"PANTELLARIA","total_tons":18.0}},{"type":"Feature","geometry":{"type":"LineString","coordinates":[[20.2694,32.0969],[22.98,40.5]]},"properties":{"mission_id":165596,"date":"1943-06-24","theater":"MTO","aircraft":"B-24 Liberator","takeoff_base":"BENGHAZI","target_location":"SALONIKA","target_country":"GREECE","total_tons":56.5}},{"type":"Feature","geometry":{"type":"LineString","coordinates":[[155.3839,-6.2444],[154.7667,-5.5167]]},"properties":{"mission_id":165645,"date":"1944-07-14","theater":"PTO","aircraft":"PV-1 Lockeed Ventura","takeoff_base":"BOUGAINVILLE ISLAND","target_location":"PORTON PLANTATION","target_country":"SOLOMON ISLANDS","total_tons":7.5}},{"type":"Feature","geometry":{"type":"LineString","coordinates":[[9.4847,42.55],[10.77,44.98]]},"properties":{"mission_id":165680,"date":"1944-07-14","theater":"MTO","aircraft":"North American A-36 Apache (Invader)","takeoff_base":"PORETTA AIRFIELD","target_location":"SUZZARA","target_country":"ITALY","total_tons":0.0}},{"type":"Feature","geometry":{"type":"LineString","coordinates":[[20.2694,32.0969],[22.98,40.5]]},"properties":{"mission_id":165868,"date":"1943-06-24","theater":"MTO","aircraft":"B-24 Liberator","takeoff_base":"BENINA (SOLUCH AIRFIELD)","target_location":"SOLONIKA A/C","target_country":"GREECE","total_tons":77.75}},{"type":"Feature","geometry":{"type":"LineString","coordinates":[[10.1219,36.6496],[15.57,38.18]]},"properties":{"mission_id":165880,"date":"1943-06-25","theater":"MTO","aircraft":"Handley Page Halifax","takeoff_base":"OUDNA","target_location":"MESSINA","target_country":"SICILY","total_tons":13.4}},{"type":"Feature","geometry":{"type":"LineString","coordinates":[[10.1219,36.6496],[15.57,38.18]]},"properties":{"mission_id":165881,"date":"1943-06-25","theater":"MTO","aircraft":"B-24 Liberator","takeoff_base":"OUDNA","target_location":"MESSINA","target_country":"SICILY","total_tons":10.0}},{"type":"Feature","geometry":{"type":"LineString","coordinates":[[20.2694,32.0969],[22.94,40.63]]},"properties":{"mission_id":166500,"date":"1943-06-27","theater":"MTO","aircraft":"B-24 Liberator","takeoff_base":"BENGHAZI","target_location":"KALAMARI","target_country":"GREECE","total_tons":38.0}},{"type":"Feature","geometry":{"type":"LineString","coordinates":[[20.2694,32.0969],[23.55,38.06]]},"properties":{"mission_id":166530,"date":"1943-06-27","theater":"MTO","aircraft":"B-24 Liberator","takeoff_base":"BENINA (SOLUCH AIRFIELD)","target_location":"ELEUSIS A/C","target_country":"GREECE","total_tons":54.35}},{"type":"Feature","geometry":{"type":"LineString","coordinates":[[20.2694,32.0969],[22.94,40.63]]},"properties":{"mission_id":166531,"date":"1943-06-27","theater":"MTO","aircraft":"B-24 Liberator","takeoff_base":"BENGHAZI","target_location":"KALAMARI - FRAG BOMBS","target_country":"GREECE","total_tons":23.4}},{"type":"Feature","geometry":{"type":"LineString","coordinates":[[10.8359,36.6923],[10.9,36.58]]},"properties":{"mission_id":166542,"date":"1943-06-28","theater":"MTO","aircraft":"North American A-36 Apache (Invader)","takeoff_base":"KORBA","target_location":"KOURBIA","target_country":"TUNISIA","total_tons":8.5}},{"type":"Feature","geometry":{"type":"LineString","coordinates":[[10.8359,36.6923],[8.75,39.48]]},"properties":{"mission_id":166744,"date":"1943-06-28","theater":"MTO","aircraft":"North American A-36 Apache (Invader)","takeoff_base":"KORBA","target_location":"VILLACIDRO","target_country":"ITALY","total_tons":3.0}},{"type":"Feature","geometry":{"type":"LineString","coordinates":[[10.1219,36.6496],[15.65,38.1]]},"properties":{"mission_id":166746,"date":"1943-06-28","theater":"MTO","aircraft":"Handley Page Halifax","takeoff_base":"OUDNA","target_location":"REGGIO DI CALABRIA","target_country":"GREECE","total_tons":10.54}},{"type":"Feature","geometry":{"type":"LineString","coordinates":[[10.1219,36.6496],[15.65,38.1]]},"properties":{"mission_id":167079,"date":"1943-06-28","theater":"MTO","aircraft":"B-24 Liberator","takeoff_base":"OUDNA","target_location":"REGGIO DI CALABRIA","target_country":"GREECE","total_tons":11.0}},{"type":"Feature","geometry":{"type":"LineString","coordinates":[[179.1977,-8.523],[166.9333,-0.5167]]},"properties":{"mission_id":167085,"date":"1943-06-28","theater":"PTO","aircraft":"B-24 Liberator","takeoff_base":"FUNAFUTI ATOLL","target_location":"NAURU","target_country":"GILBERT ISLANDS","total_tons":2.7}},{"type":"Feature","geometry":{"type":"LineString","coordinates":[[10.1219,36.6496],[15.06,37.47]]},"properties":{"mission_id":167286,"date":"1943-07-01","theater":"MTO","aircraft":"Handley Page Halifax","takeoff_base":"OUDNA","target_location":"CATANIA","target_country":"SICILY","total_tons":10.54}},{"type":"Feature","geometry":{"type":"LineString","coordinates":[[14.3215,37.131],[12.42,37.78]]},"properties":{"mission_id":167572,"date":"1943-07-03","theater":"MTO","aircraft":"North American A-36 Apache (Invader)","takeoff_base":"PONTE OLIVO AIRFIELD","target_location":"MARSALA","target_country":"ITALY","total_tons":11.0}},{"type":"Feature","geometry":{"type":"LineString","coordinates":[[14.3215,37.131],[12.42,37.78]]},"properties":{"mission_id":167573,"date":"1943-07-03","theater":"MTO","aircraft":"North American A-36 Apache (Invader)","takeoff_base":"PONTE OLIVO AIRFIELD","target_location":"MARSALA","target_country":"ITALY","total_tons":6.0}},{"type":"Feature","geometry":{"type":"LineString","coordinates":[[14.3215,37.131],[12.42,37.78]]},"properties":{"mission_id":167582,"date":"1943-07-03","theater":"MTO","aircraft":"North American A-36 Apache (Invader)","takeoff_base":"PONTE OLIVO AIRFIELD","target_location":"MARSALA","target_country":"ITALY","total_tons":0.0}},{"type":"Feature","geometry":{"type":"LineString","coordinates":[[10.1219,36.6496],[15.06,37.47]]},"properties":{"mission_id":167583,"date":"1943-07-03","theater":"MTO","aircraft":"B-24 Liberator","takeoff_base":"OUDNA","target_location":"CATANIA","target_country":"SICILY","total_tons":12.5}},{"type":"Feature","geometry":{"type":"LineString","coordinates":[[14.3215,37.131],[12.58,38.0]]},"properties":{"mission_id":167843,"date":"1943-07-04","theater":"MTO","aircraft":"North American A-36 Apache (Invader)","takeoff_base":"PONTE OLIVO AIRFIELD","target_location":"MILO","target_country":"ITALY","total_tons":12.0}},{"type":"Feature","geometry":{"type":"LineString","coordinates":[[14.3215,37.131],[16.25,39.27]]},"properties":{"mission_id":167844,"date":"1943-07-04","theater":"MTO","aircraft":"North American A-36 Apache (Invader)","takeoff_base":"PONTE OLIVO AIRFIELD","target_location":"COSENZA","target_country":"ITALY","total_tons":3.0}},{"type":"Feature","geometry":{"type":"LineString","coordinates":[[14.3215,37.131],[12.95,37.6]]},"properties":{"mission_id":168223,"date":"1943-07-05","theater":"MTO","aircraft":"North American A-36 Apache (Invader)","takeoff_base":"PONTE OLIVO AIRFIELD","target_location":"MENIF","target_country":"ITALY","total_tons":11.0}},{"type":"Feature","geometry":{"type":"LineString","coordinates":[[14.3215,37.131],[13.05,37.52]]},"properties":{"mission_id":168225,"date":"1943-07-05","theater":"MTO","aircraft":"North American A-36 Apache (Invader)","takeoff_base":"PONTE OLIVO AIRFIELD","target_location":"SCIACCA","target_country":"ITALY","total_tons":6.0}},{"type":"Feature","geometry":{"type":"LineString","coordinates":[[14.3215,37.131],[16.25,39.27]]},"properties":{"mission_id":168228,"date":"1943-07-05","theater":"MTO","aircraft":"North American A-36 Apache (Invader)","takeoff_base":"PONTE OLIVO AIRFIELD","target_location":"COSENZA","target_country":"ITALY","total_tons":2.75}},{"type":"Feature","geometry":{"type":"LineString","coordinates":[[10.1219,36.6496],[15.06,37.47]]},"properties":{"mission_id":168234,"date":"1943-07-05","theater":"MTO","aircraft":"B-24 Liberator","takeoff_base":"OUDNA","target_location":"CATANIA","target_country":"SICILY","total_tons":7.5}},{"type":"Feature","geometry":{"type":"LineString","coordinates":[[14.3215,37.131],[13.5,37.28]]},"properties":{"mission_id":168503,"date":"1943-07-06","theater":"MTO","aircraft":"North American A-36 Apache (Invader)","takeoff_base":"PONTE OLIVO AIRFIELD","target_location":"PORTO EMPEDOCLE","target_country":"ITALY","total_tons":17.0}},{"type":"Feature","geometry":{"type":"LineString","coordinates":[[14.3215,37.131],[13.92,37.1]]},"properties":{"mission_id":168505,"date":"1943-07-06","theater":"MTO","aircraft":"North American A-36 Apache (Invader)","takeoff_base":"PONTE OLIVO AIRFIELD","target_location":"LICATA","target_country":"ITALY","total_tons":12.0}},{"type":"Feature","geometry":{"type":"LineString","coordinates":[[14.3215,37.131],[13.5,37.28]]},"properties":{"mission_id":168506,"date":"1943-07-06","theater":"MTO","aircraft":"North American A-36 Apache (Invader)","takeoff_base":"PONTE OLIVO AIRFIELD","target_location":"PORTO EMPEDOCLE","target_country":"ITALY","total_tons":11.0}},{"type":"Feature","geometry":{"type":"LineString","coordinates":[[14.3215,37.131],[12.42,37.78]]},"properties":{"mission_id":168512,"date":"1943-07-06","theater":"MTO","aircraft":"North American A-36 Apache (Invader)","takeoff_base":"PONTE OLIVO AIRFIELD","target_location":"MARSALA","target_country":"ITALY","total_tons":0.0}},{"type":"Feature","geometry":{"type":"LineString","coordinates":[[14.3215,37.131],[12.42,37.78]]},"properties":{"mission_id":168513,"date":"1943-07-06","theater":"MTO","aircraft":"North American A-36 Apache (Invader)","takeoff_base":"PONTE OLIVO AIRFIELD","target_location":"MARSALA","target_country":"ITALY","total_tons":0.0}},{"type":"Feature","geometry":{"type":"LineString","coordinates":[[14.3215,37.131],[13.5,37.28]]},"properties":{"mission_id":168773,"date":"1943-07-07","theater":"MTO","aircraft":"North American A-36 Apache (Invader)","takeoff_base":"PONTE OLIVO AIRFIELD","target_location":"PORTO EMPEDOCLE","target_country":"ITALY","total_tons":15.5}},{"type":"Feature","geometry":{"type":"LineString","coordinates":[[14.3215,37.131],[13.05,37.52]]},"properties":{"mission_id":168781,"date":"1943-07-07","theater":"MTO","aircraft":"North American A-36 Apache (Invader)","takeoff_base":"PONTE OLIVO AIRFIELD","target_location":"SCIACCA","target_country":"ITALY","total_tons":6.0}},{"type":"Feature","geometry":{"type":"LineString","coordinates":[[14.3215,37.131],[14.85,37.47]]},"properties":{"mission_id":168782,"date":"1943-07-07","theater":"MTO","aircraft":"North American A-36 Apache (Invader)","takeoff_base":"PONTE OLIVO AIRFIELD","target_location":"GERBINI","target_country":"ITALY","total_tons":5.0}},{"type":"Feature","geometry":{"type":"LineString","coordinates":[[14.3215,37.131],[12.42,37.78]]},"properties":{"mission_id":168784,"date":"1943-07-07","theater":"MTO","aircraft":"North American A-36 Apache (Invader)","takeoff_base":"PONTE OLIVO AIRFIELD","target_location":"MARSALA","target_country":"ITALY","total_tons":2.5}},{"type":"Feature","geometry":{"type":"LineString","coordinates":[[10.1219,36.6496],[15.06,37.47]]},"properties":{"mission_id":168834,"date":"1943-07-07","theater":"MTO","aircraft":"B-24 Liberator","takeoff_base":"OUDNA","target_location":"CATANIA","target_country":"SICILY","total_tons":0.0}},{"type":"Feature","geometry":{"type":"LineString","coordinates":[[14.3215,37.131],[13.83,37.35]]},"properties":{"mission_id":168837,"date":"1943-07-08","theater":"MTO","aircraft":"North American A-36 Apache (Invader)","takeoff_base":"PONTE OLIVO AIRFIELD","target_location":"CANICATTI","target_country":"ITALY","total_tons":29.5}},{"type":"Feature","geometry":{"type":"LineString","coordinates":[[14.3215,37.131],[13.92,37.1]]},"properties":{"mission_id":168839,"date":"1943-07-08","theater":"MTO","aircraft":"North American A-36 Apache (Invader)","takeoff_base":"PONTE OLIVO AIRFIELD","target_location":"LICATA","target_country":"ITALY","total_tons":12.0}},{"type":"Feature","geometry":{"type":"LineString","coordinates":[[14.3215,37.131],[14.3,37.57]]},"properties":{"mission_id":168840,"date":"1943-07-08","theater":"MTO","aircraft":"North American A-36 Apache (Invader)","takeoff_base":"PONTE OLIVO AIRFIELD","target_location":"ENNA","target_country":"ITALY","total_tons":11.5}},{"type":"Feature","geometry":{"type":"LineString","coordinates":[[14.3215,37.131],[13.58,37.3]]},"properties":{"mission_id":169046,"date":"1943-07-08","theater":"MTO","aircraft":"North American A-36 Apache (Invader)","takeoff_base":"PONTE OLIVO AIRFIELD","target_location":"AGRIGENTO","target_country":"ITALY","total_tons":6.0}},{"type":"Feature","geometry":{"type":"LineString","coordinates":[[14.3215,37.131],[13.92,37.1]]},"properties":{"mission_id":169047,"date":"1943-07-08","theater":"MTO","aircraft":"North American A-36 Apache (Invader)","takeoff_base":"PONTE OLIVO AIRFIELD","target_location":"LICATA","target_country":"ITALY","total_tons":6.0}},{"type":"Feature","geometry":{"type":"LineString","coordinates":[[14.3215,37.131],[13.5,37.28]]},"properties":{"mission_id":169108,"date":"1943-07-09","theater":"MTO","aircraft":"North American A-36 Apache (Invader)","takeoff_base":"PONTE OLIVO AIRFIELD","target_location":"PORTO EMPEDOCLE","target_country":"ITALY","total_tons":18.0}},{"type":"Feature","geometry":{"type":"LineString","coordinates":[[14.3215,37.131],[14.92,36.83]]},"properties":{"mission_id":169109,"date":"1943-07-09","theater":"MTO","aircraft":"North American A-36 Apache (Invader)","takeoff_base":"PONTE OLIVO AIRFIELD","target_location":"MODICA","target_country":"ITALY","total_tons":8.0}},{"type":"Feature","geometry":{"type":"LineString","coordinates":[[14.3215,37.131],[14.85,37.47]]},"properties":{"mission_id":169110,"date":"1943-07-09","theater":"MTO","aircraft":"North American A-36 Apache (Invader)","takeoff_base":"PONTE OLIVO AIRFIELD","target_location":"GERBINI","target_country":"ITALY","total_tons":4.0}},{"type":"Feature","geometry":{"type":"LineString","coordinates":[[14.3215,37.131],[14.63,37.2]]},"properties":{"mission_id":169113,"date":"1943-07-09","theater":"MTO","aircraft":"North American A-36 Apache (Invader)","takeoff_base":"PONTE OLIVO AIRFIELD","target_location":"GRAMMICHELE","target_country":"ITALY","total_tons":0.0}},{"type":"Feature","geometry":{"type":"LineString","coordinates":[[14.3215,37.131],[13.5,37.28]]},"properties":{"mission_id":169114,"date":"1943-07-09","theater":"MTO","aircraft":"North American A-36 Apache (Invader)","takeoff_base":"PONTE OLIVO AIRFIELD","target_location":"PORTO EMPEDOCLE","target_country":"ITALY","total_tons":0.0}},{"type":"Feature","geometry":{"type":"LineString","coordinates":[[14.3215,37.131],[14.25,37.07]]},"properties":{"mission_id":169115,"date":"1943-07-09","theater":"MTO","aircraft":"North American A-36 Apache (Invader)","takeoff_base":"PONTE OLIVO AIRFIELD","target_location":"GELA","target_country":"ITALY","total_tons":0.0}},{"type":"Feature","geometry":{"type":"LineString","coordinates":[[14.3215,37.131],[14.32,37.13]]},"properties":{"mission_id":169116,"date":"1943-07-09","theater":"MTO","aircraft":"North American A-36 Apache (Invader)","takeoff_base":"PONTE OLIVO AIRFIELD","target_location":"NISCEMI","target_country":"ITALY","total_tons":0.0}},{"type":"Feature","geometry":{"type":"LineString","coordinates":[[10.1219,36.6496],[15.13,36.9]]},"properties":{"mission_id":169117,"date":"1943-07-09","theater":"MTO","aircraft":"B-24 Liberator","takeoff_base":"OUDNA","target_location":"\"AVOLA, NOTO, AND SAN PAOLA AREAS\"","target_country":"SICILY","total_tons":33.75}},{"type":"Feature","geometry":{"type":"LineString","coordinates":[[14.3215,37.131],[14.33,37.38]]},"properties":{"mission_id":169430,"date":"1943-07-10","theater":"MTO","aircraft":"North American A-36 Apache (Invader)","takeoff_base":"PONTE OLIVO AIRFIELD","target_location":"PIAZZA","target_country":"ITALY","total_tons":12.0}},{"type":"Feature","geometry":{"type":"LineString","coordinates":[[14.3215,37.131],[14.25,37.07]]},"properties":{"mission_id":169431,"date":"1943-07-10","theater":"MTO","aircraft":"North American A-36 Apache (Invader)","takeoff_base":"PONTE OLIVO AIRFIELD","target_location":"GELA","target_country":"ITALY","total_tons":11.0}},{"type":"Feature","geometry":{"type":"LineString","coordinates":[[14.3215,37.131],[13.05,37.52]]},"properties":{"mission_id":169432,"date":"1943-07-10","theater":"MTO","aircraft":"North American A-36 Apache (Invader)","takeoff_base":"PONTE OLIVO AIRFIELD","target_location":"SCIACCA","target_country":"ITALY","total_tons":10.0}},{"type":"Feature","geometry":{"type":"LineString","coordinates":[[14.3215,37.131],[14.05,37.5]]},"properties":{"mission_id":169434,"date":"1943-07-10","theater":"MTO","aircraft":"North American A-36 Apache (Invader)","takeoff_base":"PONTE OLIVO AIRFIELD","target_location":"CALTANISETTA","target_country":"ITALY","total_tons":9.5}},{"type":"Feature","geometry":{"type":"LineString","coordinates":[[14.3215,37.131],[14.05,37.5]]},"properties":{"mission_id":169557,"date":"1943-07-10","theater":"MTO","aircraft":"North American A-36 Apache (Invader)","takeoff_base":"PONTE OLIVO AIRFIELD","target_location":"CALTANISETTA","target_country":"ITALY","total_tons":0.0}},{"type":"Feature","geometry":{"type":"LineString","coordinates":[[14.3215,37.131],[13.83,37.35]]},"properties":{"mission_id":169558,"date":"1943-07-10","theater":"MTO","aircraft":"North American A-36 Apache (Invader)","takeoff_base":"PONTE OLIVO AIRFIELD","target_location":"CANICATTI","target_country":"ITALY","total_tons":0.0}},{"type":"Feature","geometry":{"type":"LineString","coordinates":[[14.3215,37.131],[16.25,39.27]]},"properties":{"mission_id":169559,"date":"1943-07-10","theater":"MTO","aircraft":"North American A-36 Apache (Invader)","takeoff_base":"PONTE OLIVO AIRFIELD","target_location":"COSENZA","target_country":"ITALY","total_tons":0.0}},{"type":"Feature","geometry":{"type":"LineString","coordinates":[[14.3215,37.131],[14.3,37.57]]},"properties":{"mission_id":169560,"date":"1943-07-10","theater":"MTO","aircraft":"North American A-36 Apache (Invader)","takeoff_base":"PONTE OLIVO AIRFIELD","target_location":"ENNA","target_country":"ITALY","total_tons":0.0}},{"type":"Feature","geometry":{"type":"LineString","coordinates":[[14.3215,37.131],[13.83,37.35]]},"properties":{"mission_id":169561,"date":"1943-07-10","theater":"MTO","aircraft":"North American A-36 Apache (Invader)","takeoff_base":"PONTE OLIVO AIRFIELD","target_location":"CANICATTI","target_country":"ITALY","total_tons":0.0}},{"type":"Feature","geometry":{"type":"LineString","coordinates":[[14.3215,37.131],[13.83,37.35]]},"properties":{"mission_id":169562,"date":"1943-07-10","theater":"MTO","aircraft":"North American A-36 Apache (Invader)","takeoff_base":"PONTE OLIVO AIRFIELD","target_location":"CANICATTI","target_country":"ITALY","total_tons":0.0}},{"type":"Feature","geometry":{"type":"LineString","coordinates":[[14.3215,37.131],[13.05,37.52]]},"properties":{"mission_id":169874,"date":"1943-07-11","theater":"MTO","aircraft":"North American A-36 Apache (Invader)","takeoff_base":"PONTE OLIVO AIRFIELD","target_location":"SCIACCA","target_country":"ITALY","total_tons":12.0}},{"type":"Feature","geometry":{"type":"LineString","coordinates":[[14.3215,37.131],[13.4,37.72]]},"properties":{"mission_id":169875,"date":"1943-07-11","theater":"MTO","aircraft":"North American A-36 Apache (Invader)","takeoff_base":"PONTE OLIVO AIRFIELD","target_location":"PRIZZI","target_country":"ITALY","total_tons":12.0}},{"type":"Feature","geometry":{"type":"LineString","coordinates":[[14.3215,37.131],[14.32,37.13]]},"properties":{"mission_id":169876,"date":"1943-07-11","theater":"MTO","aircraft":"North American A-36 Apache (Invader)","takeoff_base":"PONTE OLIVO AIRFIELD","target_location":"PONTE OLIVO","target_country":"ITALY","total_tons":11.5}},{"type":"Feature","geometry":{"type":"LineString","coordinates":[[14.3215,37.131],[16.25,39.27]]},"properties":{"mission_id":169877,"date":"1943-07-11","theater":"MTO","aircraft":"North American A-36 Apache (Invader)","takeoff_base":"PONTE OLIVO AIRFIELD","target_location":"COSENZA","target_country":"ITALY","total_tons":11.25}},{"type":"Feature","geometry":{"type":"LineString","coordinates":[[14.3215,37.131],[11.47,45.1]]},"properties":{"mission_id":169888,"date":"1943-07-11","theater":"MTO","aircraft":"North American A-36 Apache (Invader)","takeoff_base":"PONTE OLIVO AIRFIELD","target_location":"BADIA POLESINE","target_country":"ITALY","total_tons":3.0}},{"type":"Feature","geometry":{"type":"LineString","coordinates":[[179.1977,-8.523],[169.5833,6.0]]},"properties":{"mission_id":169897,"date":"1943-07-11","theater":"PTO","aircraft":"B-24 Liberator","takeoff_base":"FUNAFUTI ATOLL","target_location":"JALUIT","target_country":"MARSHALL ISLANDS","total_tons":1.5}},{"type":"Feature","geometry":{"type":"LineString","coordinates":[[14.3215,37.131],[14.05,37.5]]},"properties":{"mission_id":169898,"date":"1943-07-11","theater":"MTO","aircraft":"North American A-36 Apache (Invader)","takeoff_base":"PONTE OLIVO AIRFIELD","target_location":"CALTANISETTA","target_country":"ITALY","total_tons":0.0}},{"type":"Feature","geometry":{"type":"LineString","coordinates":[[14.3215,37.131],[14.3,37.57]]},"properties":{"mission_id":169899,"date":"1943-07-11","theater":"MTO","aircraft":"North American A-36 Apache (Invader)","takeoff_base":"PONTE OLIVO AIRFIELD","target_location":"ENNA","target_country":"ITALY","total_tons":0.0}},{"type":"Feature","geometry":{"type":"LineString","coordinates":[[14.3215,37.131],[13.45,37.97]]},"properties":{"mission_id":169900,"date":"1943-07-11","theater":"MTO","aircraft":"North American A-36 Apache (Invader)","takeoff_base":"PONTE OLIVO AIRFIELD","target_location":"BOLOGNETTA","target_country":"ITALY","total_tons":0.0}},{"type":"Feature","geometry":{"type":"LineString","coordinates":[[14.3215,37.131],[12.78,37.67]]},"properties":{"mission_id":169901,"date":"1943-07-11","theater":"MTO","aircraft":"North American A-36 Apache (Invader)","takeoff_base":"PONTE OLIVO AIRFIELD","target_location":"CASTELVETRANO","target_country":"ITALY","total_tons":0.0}},{"type":"Feature","geometry":{"type":"LineString","coordinates":[[14.3215,37.131],[14.35,38.02]]},"properties":{"mission_id":169902,"date":"1943-07-11","theater":"MTO","aircraft":"North American A-36 Apache (Invader)","takeoff_base":"PONTE OLIVO AIRFIELD","target_location":"SANTO STEFANO CAMAS","target_country":"ITALY","total_tons":0.0}},{"type":"Feature","geometry":{"type":"LineString","coordinates":[[10.1219,36.6496],[15.65,38.1]]},"properties":{"mission_id":169903,"date":"1943-07-11","theater":"MTO","aircraft":"B-24 Liberator","takeoff_base":"OUDNA","target_location":"REGGIO DI CALABRIA","target_country":"GREECE","total_tons":32.25}},{"type":"Feature","geometry":{"type":"LineString","coordinates":[[10.1219,36.6496],[16.1,38.67]]},"properties":{"mission_id":169904,"date":"1943-07-11","theater":"MTO","aircraft":"B-24 Liberator","takeoff_base":"OUDNA","target_location":"VIBO VALENTIA","target_country":"GREECE","total_tons":1.5}},{"type":"Feature","geometry":{"type":"LineString","coordinates":[[14.3215,37.131],[13.68,37.98]]},"properties":{"mission_id":170171,"date":"1943-07-12","theater":"MTO","aircraft":"North American A-36 Apache (Invader)","takeoff_base":"PONTE OLIVO AIRFIELD","target_location":"TERMINI","target_country":"ITALY","total_tons":17.0}},{"type":"Feature","geometry":{"type":"LineString","coordinates":[[14.3215,37.131],[13.68,37.98]]},"properties":{"mission_id":170174,"date":"1943-07-12","theater":"MTO","aircraft":"North American A-36 Apache (Invader)","takeoff_base":"PONTE OLIVO AIRFIELD","target_location":"TERMINI","target_country":"ITALY","total_tons":12.0}},{"type":"Feature","geometry":{"type":"LineString","coordinates":[[14.3215,37.131],[13.68,37.98]]},"properties":{"mission_id":170175,"date":"1943-07-12","theater":"MTO","aircraft":"North American A-36 Apache (Invader)","takeoff_base":"PONTE OLIVO AIRFIELD","target_location":"TERMINI","target_country":"ITALY","total_tons":12.0}},{"type":"Feature","geometry":{"type":"LineString","coordinates":[[14.3215,37.131],[14.85,37.47]]},"properties":{"mission_id":170177,"date":"1943-07-12","theater":"MTO","aircraft":"North American A-36 Apache (Invader)","takeoff_base":"PONTE OLIVO AIRFIELD","target_location":"GERBINI","target_country":"ITALY","total_tons":6.0}},{"type":"Feature","geometry":{"type":"LineString","coordinates":[[14.3215,37.131],[16.25,39.27]]},"properties":{"mission_id":170179,"date":"1943-07-12","theater":"MTO","aircraft":"North American A-36 Apache (Invader)","takeoff_base":"PONTE OLIVO AIRFIELD","target_location":"COSENZA","target_country":"ITALY","total_tons":3.0}},{"type":"Feature","geometry":{"type":"LineString","coordinates":[[10.1219,36.6496],[16.1,38.67]]},"properties":{"mission_id":170184,"date":"1943-07-12","theater":"MTO","aircraft":"B-24 Liberator","takeoff_base":"OUDNA","target_location":"REGGIO DI CALABRIA/ VIBO VALENTIA","target_country":"GREECE","total_tons":20.0}},{"type":"Feature","geometry":{"type":"LineString","coordinates":[[14.3215,37.131],[14.05,37.5]]},"properties":{"mission_id":170239,"date":"1943-07-13","theater":"MTO","aircraft":"North American A-36 Apache (Invader)","takeoff_base":"PONTE OLIVO AIRFIELD","target_location":"ST CATALDO","target_country":"ITALY","total_tons":12.0}},{"type":"Feature","geometry":{"type":"LineString","coordinates":[[14.3215,37.131],[13.68,37.98]]},"properties":{"mission_id":170240,"date":"1943-07-13","theater":"MTO","aircraft":"North American A-36 Apache (Invader)","takeoff_base":"PONTE OLIVO AIRFIELD","target_location":"TERMINI","target_country":"ITALY","total_tons":12.0}},{"type":"Feature","geometry":{"type":"LineString","coordinates":[[14.3215,37.131],[16.25,39.27]]},"properties":{"mission_id":170242,"date":"1943-07-13","theater":"MTO","aircraft":"North American A-36 Apache (Invader)","takeoff_base":"PONTE OLIVO AIRFIELD","target_location":"COSENZA","target_country":"ITALY","total_tons":9.0}},{"type":"Feature","geometry":{"type":"LineString","coordinates":[[14.3215,37.131],[13.27,37.8]]},"properties":{"mission_id":170454,"date":"1943-07-13","theater":"MTO","aircraft":"North American A-36 Apache (Invader)","takeoff_base":"PONTE OLIVO AIRFIELD","target_location":"CORLEONE","target_country":"ITALY","total_tons":0.0}},{"type":"Feature","geometry":{"type":"LineString","coordinates":[[14.3215,37.131],[12.78,37.67]]},"properties":{"mission_id":170455,"date":"1943-07-13","theater":"MTO","aircraft":"North American A-36 Apache (Invader)","takeoff_base":"PONTE OLIVO AIRFIELD","target_location":"CASTELVETRANO","target_country":"ITALY","total_tons":0.0}},{"type":"Feature","geometry":{"type":"LineString","coordinates":[[14.3215,37.131],[14.35,37.63]]},"properties":{"mission_id":170456,"date":"1943-07-13","theater":"MTO","aircraft":"North American A-36 Apache (Invader)","takeoff_base":"PONTE OLIVO AIRFIELD","target_location":"LEONFORTE","target_country":"ITALY","total_tons":0.0}},{"type":"Feature","geometry":{"type":"LineString","coordinates":[[14.3215,37.131],[13.68,37.98]]},"properties":{"mission_id":170457,"date":"1943-07-13","theater":"MTO","aircraft":"North American A-36 Apache (Invader)","takeoff_base":"PONTE OLIVO AIRFIELD","target_location":"TERMINI","target_country":"ITALY","total_tons":0.0}},{"type":"Feature","geometry":{"type":"LineString","coordinates":[[14.3215,37.131],[12.78,37.67]]},"properties":{"mission_id":170458,"date":"1943-07-13","theater":"MTO","aircraft":"North American A-36 Apache (Invader)","takeoff_base":"PONTE OLIVO AIRFIELD","target_location":"CASTELVETRANO","target_country":"ITALY","total_tons":0.0}},{"type":"Feature","geometry":{"type":"LineString","coordinates":[[14.3215,37.131],[13.43,37.72]]},"properties":{"mission_id":170459,"date":"1943-07-13","theater":"MTO","aircraft":"North American A-36 Apache (Invader)","takeoff_base":"PONTE OLIVO AIRFIELD","target_location":"FILAGA","target_country":"ITALY","total_tons":0.0}},{"type":"Feature","geometry":{"type":"LineString","coordinates":[[14.3215,37.131],[14.33,37.38]]},"properties":{"mission_id":170460,"date":"1943-07-13","theater":"MTO","aircraft":"North American A-36 Apache (Invader)","takeoff_base":"PONTE OLIVO AIRFIELD","target_location":"PIAZZA","target_country":"ITALY","total_tons":0.0}},{"type":"Feature","geometry":{"type":"LineString","coordinates":[[14.3215,37.131],[14.3,37.57]]},"properties":{"mission_id":170540,"date":"1943-07-14","theater":"MTO","aircraft":"North American A-36 Apache (Invader)","takeoff_base":"PONTE OLIVO AIRFIELD","target_location":"ENNA","target_country":"ITALY","total_tons":17.5}},{"type":"Feature","geometry":{"type":"LineString","coordinates":[[14.3215,37.131],[14.05,37.5]]},"properties":{"mission_id":170743,"date":"1943-07-14","theater":"MTO","aircraft":"North American A-36 Apache (Invader)","takeoff_base":"PONTE OLIVO AIRFIELD","target_location":"CALTANISETTA","target_country":"ITALY","total_tons":12.0}},{"type":"Feature","geometry":{"type":"LineString","coordinates":[[14.3215,37.131],[16.25,39.27]]},"properties":{"mission_id":170744,"date":"1943-07-14","theater":"MTO","aircraft":"North American A-36 Apache (Invader)","takeoff_base":"PONTE OLIVO AIRFIELD","target_location":"COSENZA","target_country":"ITALY","total_tons":6.0}},{"type":"Feature","geometry":{"type":"LineString","coordinates":[[10.1219,36.6496],[15.57,38.18]]},"properties":{"mission_id":170750,"date":"1943-07-14","theater":"MTO","aircraft":"B-24 Liberator","takeoff_base":"OUDNA","target_location":"MESSINA","target_country":"SICILY","total_tons":28.5}},{"type":"Feature","geometry":{"type":"LineString","coordinates":[[14.3215,37.131],[13.27,37.8]]},"properties":{"mission_id":170751,"date":"1943-07-14","theater":"MTO","aircraft":"North American A-36 Apache (Invader)","takeoff_base":"PONTE OLIVO AIRFIELD","target_location":"CORLEONE","target_country":"ITALY","total_tons":0.0}},{"type":"Feature","geometry":{"type":"LineString","coordinates":[[14.3215,37.131],[14.35,37.63]]},"properties":{"mission_id":170752,"date":"1943-07-14","theater":"MTO","aircraft":"North American A-36 Apache (Invader)","takeoff_base":"PONTE OLIVO AIRFIELD","target_location":"LEONFORTE","target_country":"ITALY","total_tons":0.0}},{"type":"Feature","geometry":{"type":"LineString","coordinates":[[14.3215,37.131],[14.33,37.52]]},"properties":{"mission_id":170753,"date":"1943-07-14","theater":"MTO","aircraft":"North American A-36 Apache (Invader)","takeoff_base":"PONTE OLIVO AIRFIELD","target_location":"VALGUARNERA","target_country":"ITALY","total_tons":0.0}},{"type":"Feature","geometry":{"type":"LineString","coordinates":[[14.3215,37.131],[14.05,37.5]]},"properties":{"mission_id":170754,"date":"1943-07-14","theater":"MTO","aircraft":"North American A-36 Apache (Invader)","takeoff_base":"PONTE OLIVO AIRFIELD","target_location":"CALTANISETTA","target_country":"ITALY","total_tons":0.0}},{"type":"Feature","geometry":{"type":"LineString","coordinates":[[14.3215,37.131],[13.33,38.1]]},"properties":{"mission_id":170755,"date":"1943-07-14","theater":"MTO","aircraft":"North American A-36 Apache (Invader)","takeoff_base":"PONTE OLIVO AIRFIELD","target_location":"PALERMO","target_country":"ITALY","total_tons":0.0}},{"type":"Feature","geometry":{"type":"LineString","coordinates":[[14.3215,37.131],[13.68,37.98]]},"properties":{"mission_id":171127,"date":"1943-07-15","theater":"MTO","aircraft":"North American A-36 Apache (Invader)","takeoff_base":"PONTE OLIVO AIRFIELD","target_location":"TERMINI","target_country":"ITALY","total_tons":12.0}},{"type":"Feature","geometry":{"type":"LineString","coordinates":[[14.3215,37.131],[16.25,39.27]]},"properties":{"mission_id":171129,"date":"1943-07-15","theater":"MTO","aircraft":"North American A-36 Apache (Invader)","takeoff_base":"PONTE OLIVO AIRFIELD","target_location":"COSENZA","target_country":"ITALY","total_tons":9.25}},{"type":"Feature","geometry":{"type":"LineString","coordinates":[[14.3215,37.131],[14.38,37.75]]},"properties":{"mission_id":171131,"date":"1943-07-15","theater":"MTO","aircraft":"North American A-36 Apache (Invader)","takeoff_base":"PONTE OLIVO AIRFIELD","target_location":"NICOSIA","target_country":"ITALY","total_tons":6.0}},{"type":"Feature","geometry":{"type":"LineString","coordinates":[[14.3215,37.131],[13.6,37.75]]},"properties":{"mission_id":171132,"date":"1943-07-15","theater":"MTO","aircraft":"North American A-36 Apache (Invader)","takeoff_base":"PONTE OLIVO AIRFIELD","target_location":"LERCARA","target_country":"ITALY","total_tons":6.0}},{"type":"Feature","geometry":{"type":"LineString","coordinates":[[14.3215,37.131],[14.3,37.57]]},"properties":{"mission_id":171136,"date":"1943-07-15","theater":"MTO","aircraft":"North American A-36 Apache (Invader)","takeoff_base":"PONTE OLIVO AIRFIELD","target_location":"ENNA","target_country":"ITALY","total_tons":0.0}},{"type":"Feature","geometry":{"type":"LineString","coordinates":[[14.3215,37.131],[14.35,38.02]]},"properties":{"mission_id":171137,"date":"1943-07-15","theater":"MTO","aircraft":"North American A-36 Apache (Invader)","takeoff_base":"PONTE OLIVO AIRFIELD","target_location":"SANTO STEFANO CAMAS","target_country":"ITALY","total_tons":0.0}},{"type":"Feature","geometry":{"type":"LineString","coordinates":[[10.1219,36.6496],[17.13,39.08]]},"properties":{"mission_id":171405,"date":"1943-07-15","theater":"MTO","aircraft":"B-24 Liberator","takeoff_base":"OUDNA","target_location":"CROTONE","target_country":"GREECE","total_tons":16.5}},{"type":"Feature","geometry":{"type":"LineString","coordinates":[[14.3215,37.131],[14.32,37.13]]},"properties":{"mission_id":171410,"date":"1943-07-16","theater":"MTO","aircraft":"North American A-36 Apache (Invader)","takeoff_base":"PONTE OLIVO AIRFIELD","target_location":"PONTE OLIVO","target_country":"ITALY","total_tons":8.0}},{"type":"Feature","geometry":{"type":"LineString","coordinates":[[10.8359,36.6923],[12.0,36.75]]},"properties":{"mission_id":171411,"date":"1943-07-16","theater":"MTO","aircraft":"North American A-36 Apache (Invader)","takeoff_base":"KORBA AIRFIELD","target_location":"PANTELLERIA","target_country":"PANTELLARIA","total_tons":8.0}},{"type":"Feature","geometry":{"type":"LineString","coordinates":[[14.3215,37.131],[16.1,38.67]]},"properties":{"mission_id":171412,"date":"1943-07-16","theater":"MTO","aircraft":"North American A-36 Apache (Invader)","takeoff_base":"PONTE OLIVO AIRFIELD","target_location":"VIBO VALENTIA","target_country":"ITALY","total_tons":4.0}},{"type":"Feature","geometry":{"type":"LineString","coordinates":[[14.3215,37.131],[14.25,37.07]]},"properties":{"mission_id":171413,"date":"1943-07-16","theater":"MTO","aircraft":"North American A-36 Apache (Invader)","takeoff_base":"PONTE OLIVO AIRFIELD","target_location":"GELA","target_country":"ITALY","total_tons":4.0}},{"type":"Feature","geometry":{"type":"LineString","coordinates":[[14.3215,37.131],[16.25,39.27]]},"properties":{"mission_id":171415,"date":"1943-07-16","theater":"MTO","aircraft":"North American A-36 Apache (Invader)","takeoff_base":"PONTE OLIVO AIRFIELD","target_location":"COSENZA","target_country":"ITALY","total_tons":0.0}},{"type":"Feature","geometry":{"type":"LineString","coordinates":[[14.3215,37.131],[16.25,39.27]]},"properties":{"mission_id":171675,"date":"1943-07-17","theater":"MTO","aircraft":"North American A-36 Apache (Invader)","takeoff_base":"PONTE OLIVO AIRFIELD","target_location":"COSENZA","target_country":"ITALY","total_tons":6.75}},{"type":"Feature","geometry":{"type":"LineString","coordinates":[[14.3215,37.131],[14.0,40.67]]},"properties":{"mission_id":171676,"date":"1943-07-17","theater":"MTO","aircraft":"North American A-36 Apache (Invader)","takeoff_base":"PONTE OLIVO AIRFIELD","target_location":"NAPLES","target_country":"ITALY","total_tons":6.0}},{"type":"Feature","geometry":{"type":"LineString","coordinates":[[10.1219,36.6496],[15.65,38.1]]},"properties":{"mission_id":171681,"date":"1943-07-17","theater":"MTO","aircraft":"B-24 Liberator","takeoff_base":"OUDNA","target_location":"REGGIO DI CALABRIA","target_country":"GREECE","total_tons":20.5}},{"type":"Feature","geometry":{"type":"LineString","coordinates":[[14.3215,37.131],[14.02,37.6]]},"properties":{"mission_id":171989,"date":"1943-07-18","theater":"MTO","aircraft":"North American A-36 Apache (Invader)","takeoff_base":"PONTE OLIVO AIRFIELD","target_location":"SANTA CATERINA","target_country":"ITALY","total_tons":15.0}},{"type":"Feature","geometry":{"type":"LineString","coordinates":[[10.8359,36.6923],[10.9,36.58]]},"properties":{"mission_id":171991,"date":"1943-07-18","theater":"MTO","aircraft":"North American A-36 Apache (Invader)","takeoff_base":"KORBA AIRFIELD","target_location":"KOURBIA","target_country":"TUNISIA","total_tons":14.5}},{"type":"Feature","geometry":{"type":"LineString","coordinates":[[14.3215,37.131],[14.02,37.6]]},"properties":{"mission_id":171993,"date":"1943-07-18","theater":"MTO","aircraft":"North American A-36 Apache (Invader)","takeoff_base":"PONTE OLIVO AIRFIELD","target_location":"SANTA CATERINA","target_country":"ITALY","total_tons":11.0}},{"type":"Feature","geometry":{"type":"LineString","coordinates":[[14.3215,37.131],[14.85,37.65]]},"properties":{"mission_id":171995,"date":"1943-07-18","theater":"MTO","aircraft":"North American A-36 Apache (Invader)","takeoff_base":"PONTE OLIVO AIRFIELD","target_location":"ADRANO","target_country":"ITALY","total_tons":8.0}},{"type":"Feature","geometry":{"type":"LineString","coordinates":[[14.3215,37.131],[16.25,39.27]]},"properties":{"mission_id":172009,"date":"1943-07-18","theater":"MTO","aircraft":"North American A-36 Apache (Invader)","takeoff_base":"PONTE OLIVO AIRFIELD","target_location":"COSENZA","target_country":"ITALY","total_tons":0.0}},{"type":"Feature","geometry":{"type":"LineString","coordinates":[[14.3215,37.131],[14.85,37.65]]},"properties":{"mission_id":172010,"date":"1943-07-18","theater":"MTO","aircraft":"North American A-36 Apache (Invader)","takeoff_base":"PONTE OLIVO AIRFIELD","target_location":"ADRANO","target_country":"ITALY","total_tons":0.0}},{"type":"Feature","geometry":{"type":"LineString","coordinates":[[14.3215,37.131],[14.85,37.65]]},"properties":{"mission_id":172011,"date":"1943-07-18","theater":"MTO","aircraft":"North American A-36 Apache (Invader)","takeoff_base":"PONTE OLIVO AIRFIELD","target_location":"ADRANO","target_country":"ITALY","total_tons":0.0}},{"type":"Feature","geometry":{"type":"LineString","coordinates":[[14.3215,37.131],[13.6,37.75]]},"properties":{"mission_id":172012,"date":"1943-07-18","theater":"MTO","aircraft":"North American A-36 Apache (Invader)","takeoff_base":"PONTE OLIVO AIRFIELD","target_location":"LERCARA","target_country":"ITALY","total_tons":0.0}},{"type":"Feature","geometry":{"type":"LineString","coordinates":[[155.3839,-6.2444],[155.7167,-6.3]]},"properties":{"mission_id":172065,"date":"1944-07-21","theater":"PTO","aircraft":"PV-1 Lockeed Ventura","takeoff_base":"BOUGAINVILLE ISLAND","target_location":"AROPA & MORONI VILLAGES","target_country":null,"total_tons":7.5}},{"type":"Feature","geometry":{"type":"LineString","coordinates":[[10.1219,36.6496],[16.1,38.67]]},"properties":{"mission_id":172252,"date":"1943-07-19","theater":"MTO","aircraft":"B-24 Liberator","takeoff_base":"OUDNA","target_location":"VIBO VALENTIA","target_country":"GREECE","total_tons":21.83}},{"type":"Feature","geometry":{"type":"LineString","coordinates":[[14.3215,37.131],[14.25,37.07]]},"properties":{"mission_id":172337,"date":"1943-07-20","theater":"MTO","aircraft":"North American A-36 Apache (Invader)","takeoff_base":"PONTE OLIVO AIRFIELD","target_location":"GELA","target_country":"ITALY","total_tons":16.0}},{"type":"Feature","geometry":{"type":"LineString","coordinates":[[14.3215,37.131],[14.0,40.0]]},"properties":{"mission_id":172545,"date":"1943-07-20","theater":"MTO","aircraft":"North American A-36 Apache (Invader)","takeoff_base":"PONTE OLIVO AIRFIELD","target_location":"MONTE CORVINO PUGLI","target_country":"ITALY","total_tons":5.25}},{"type":"Feature","geometry":{"type":"LineString","coordinates":[[14.3215,37.131],[14.38,37.75]]},"properties":{"mission_id":172600,"date":"1943-07-21","theater":"MTO","aircraft":"North American A-36 Apache (Invader)","takeoff_base":"PONTE OLIVO AIRFIELD","target_location":"NICOSIA","target_country":"ITALY","total_tons":12.0}},{"type":"Feature","geometry":{"type":"LineString","coordinates":[[14.3215,37.131],[15.08,37.52]]},"properties":{"mission_id":172602,"date":"1943-07-21","theater":"MTO","aircraft":"North American A-36 Apache (Invader)","takeoff_base":"PONTE OLIVO AIRFIELD","target_location":"CATANIA","target_country":"ITALY","total_tons":11.0}},{"type":"Feature","geometry":{"type":"LineString","coordinates":[[14.3215,37.131],[15.08,37.52]]},"properties":{"mission_id":172611,"date":"1943-07-21","theater":"MTO","aircraft":"North American A-36 Apache (Invader)","takeoff_base":"PONTE OLIVO AIRFIELD","target_location":"CATANIA","target_country":"ITALY","total_tons":0.0}},{"type":"Feature","geometry":{"type":"LineString","coordinates":[[14.3215,37.131],[14.93,37.7]]},"properties":{"mission_id":172869,"date":"1943-07-22","theater":"MTO","aircraft":"North American A-36 Apache (Invader)","takeoff_base":"PONTE OLIVO AIRFIELD","target_location":"RANDAZZO","target_country":"ITALY","total_tons":11.0}},{"type":"Feature","geometry":{"type":"LineString","coordinates":[[14.3215,37.131],[14.38,37.75]]},"properties":{"mission_id":172870,"date":"1943-07-22","theater":"MTO","aircraft":"North American A-36 Apache (Invader)","takeoff_base":"PONTE OLIVO AIRFIELD","target_location":"NICOSIA","target_country":"ITALY","total_tons":9.0}},{"type":"Feature","geometry":{"type":"LineString","coordinates":[[14.3215,37.131],[14.1,37.8]]},"properties":{"mission_id":172871,"date":"1943-07-22","theater":"MTO","aircraft":"North American A-36 Apache (Invader)","takeoff_base":"PONTE OLIVO AIRFIELD","target_location":"PETRALIA","target_country":"ITALY","total_tons":9.0}},{"type":"Feature","geometry":{"type":"LineString","coordinates":[[14.3215,37.131],[14.93,37.7]]},"properties":{"mission_id":172872,"date":"1943-07-22","theater":"MTO","aircraft":"North American A-36 Apache (Invader)","takeoff_base":"PONTE OLIVO AIRFIELD","target_location":"RANDAZZO","target_country":"ITALY","total_tons":9.0}},{"type":"Feature","geometry":{"type":"LineString","coordinates":[[14.3215,37.131],[14.25,37.57]]},"properties":{"mission_id":172875,"date":"1943-07-22","theater":"MTO","aircraft":"North American A-36 Apache (Invader)","takeoff_base":"PONTE OLIVO AIRFIELD","target_location":"CERAMI","target_country":"ITALY","total_tons":6.0}},{"type":"Feature","geometry":{"type":"LineString","coordinates":[[14.3215,37.131],[14.97,40.62]]},"properties":{"mission_id":172889,"date":"1943-07-22","theater":"MTO","aircraft":"North American A-36 Apache (Invader)","takeoff_base":"PONTE OLIVO AIRFIELD","target_location":"BATTIPAGLIA","target_country":"ITALY","total_tons":3.0}},{"type":"Feature","geometry":{"type":"LineString","coordinates":[[14.3215,37.131],[14.38,37.75]]},"properties":{"mission_id":172898,"date":"1943-07-22","theater":"MTO","aircraft":"North American A-36 Apache (Invader)","takeoff_base":"PONTE OLIVO AIRFIELD","target_location":"NICOSIA","target_country":"ITALY","total_tons":0.0}},{"type":"Feature","geometry":{"type":"LineString","coordinates":[[14.3215,37.131],[16.25,39.27]]},"properties":{"mission_id":172899,"date":"1943-07-22","theater":"MTO","aircraft":"North American A-36 Apache (Invader)","takeoff_base":"PONTE OLIVO AIRFIELD","target_location":"COSENZA","target_country":"ITALY","total_tons":0.0}},{"type":"Feature","geometry":{"type":"LineString","coordinates":[[14.3215,37.131],[14.38,37.75]]},"properties":{"mission_id":172900,"date":"1943-07-22","theater":"MTO","aircraft":"North American A-36 Apache (Invader)","takeoff_base":"PONTE OLIVO AIRFIELD","target_location":"NICOSIA","target_country":"ITALY","total_tons":0.0}},{"type":"Feature","geometry":{"type":"LineString","coordinates":[[14.3215,37.131],[14.35,38.02]]},"properties":{"mission_id":172935,"date":"1943-07-23","theater":"MTO","aircraft":"North American A-36 Apache (Invader)","takeoff_base":"PONTE OLIVO AIRFIELD","target_location":"SANTO STEFANO CAMAS","target_country":"ITALY","total_tons":25.5}},{"type":"Feature","geometry":{"type":"LineString","coordinates":[[14.3215,37.131],[14.73,38.15]]},"properties":{"mission_id":172936,"date":"1943-07-23","theater":"MTO","aircraft":"North American A-36 Apache (Invader)","takeoff_base":"PONTE OLIVO AIRFIELD","target_location":"ORLANDO","target_country":"ITALY","total_tons":18.5}},{"type":"Feature","geometry":{"type":"LineString","coordinates":[[14.3215,37.131],[14.73,38.15]]},"properties":{"mission_id":172938,"date":"1943-07-23","theater":"MTO","aircraft":"North American A-36 Apache (Invader)","takeoff_base":"PONTE OLIVO AIRFIELD","target_location":"ORLANDO","target_country":"ITALY","total_tons":12.0}},{"type":"Feature","geometry":{"type":"LineString","coordinates":[[14.3215,37.131],[16.25,39.27]]},"properties":{"mission_id":173144,"date":"1943-07-23","theater":"MTO","aircraft":"North American A-36 Apache (Invader)","takeoff_base":"PONTE OLIVO AIRFIELD","target_location":"COSENZA","target_country":"ITALY","total_tons":6.75}},{"type":"Feature","geometry":{"type":"LineString","coordinates":[[14.3215,37.131],[17.13,39.08]]},"properties":{"mission_id":173146,"date":"1943-07-23","theater":"MTO","aircraft":"North American A-36 Apache (Invader)","takeoff_base":"PONTE OLIVO AIRFIELD","target_location":"CROTONE","target_country":"ITALY","total_tons":5.75}},{"type":"Feature","geometry":{"type":"LineString","coordinates":[[14.3215,37.131],[16.53,38.08]]},"properties":{"mission_id":173150,"date":"1943-07-23","theater":"MTO","aircraft":"North American A-36 Apache (Invader)","takeoff_base":"PONTE OLIVO AIRFIELD","target_location":"SAN GATA","target_country":"ITALY","total_tons":0.0}},{"type":"Feature","geometry":{"type":"LineString","coordinates":[[14.3215,37.131],[14.73,38.15]]},"properties":{"mission_id":173151,"date":"1943-07-23","theater":"MTO","aircraft":"North American A-36 Apache (Invader)","takeoff_base":"PONTE OLIVO AIRFIELD","target_location":"ORLANDO","target_country":"ITALY","total_tons":0.0}},{"type":"Feature","geometry":{"type":"LineString","coordinates":[[14.3215,37.131],[13.68,37.98]]},"properties":{"mission_id":173152,"date":"1943-07-23","theater":"MTO","aircraft":"North American A-36 Apache (Invader)","takeoff_base":"PONTE OLIVO AIRFIELD","target_location":"TERMINI","target_country":"ITALY","total_tons":0.0}},{"type":"Feature","geometry":{"type":"LineString","coordinates":[[14.3215,37.131],[12.65,41.77]]},"properties":{"mission_id":173153,"date":"1943-07-23","theater":"MTO","aircraft":"North American A-36 Apache (Invader)","takeoff_base":"PONTE OLIVO AIRFIELD","target_location":"MARINO","target_country":"ITALY","total_tons":0.0}},{"type":"Feature","geometry":{"type":"LineString","coordinates":[[14.3215,37.131],[14.73,38.15]]},"properties":{"mission_id":173154,"date":"1943-07-23","theater":"MTO","aircraft":"North American A-36 Apache (Invader)","takeoff_base":"PONTE OLIVO AIRFIELD","target_location":"ORLANDO","target_country":"ITALY","total_tons":0.0}},{"type":"Feature","geometry":{"type":"LineString","coordinates":[[10.1219,36.6496],[15.65,38.1]]},"properties":{"mission_id":173155,"date":"1943-07-23","theater":"MTO","aircraft":"Handley Page Halifax","takeoff_base":"OUDNA","target_location":"REGGIO DI CALABRIA","target_country":"GREECE","total_tons":12.59}},{"type":"Feature","geometry":{"type":"LineString","coordinates":[[10.1219,36.6496],[15.65,38.1]]},"properties":{"mission_id":173156,"date":"1943-07-23","theater":"MTO","aircraft":"B-24 Liberator","takeoff_base":"OUDNA","target_location":"REGGIO DI CALABRIA","target_country":"GREECE","total_tons":19.72}},{"type":"Feature","geometry":{"type":"LineString","coordinates":[[14.3215,37.131],[14.35,38.02]]},"properties":{"mission_id":173218,"date":"1943-07-24","theater":"MTO","aircraft":"North American A-36 Apache (Invader)","takeoff_base":"PONTE OLIVO AIRFIELD","target_location":"SANTO STEFANO CAMAS","target_country":"ITALY","total_tons":23.5}},{"type":"Feature","geometry":{"type":"LineString","coordinates":[[14.3215,37.131],[14.35,38.02]]},"properties":{"mission_id":173221,"date":"1943-07-24","theater":"MTO","aircraft":"North American A-36 Apache (Invader)","takeoff_base":"PONTE OLIVO AIRFIELD","target_location":"SANTO STEFANO CAMAS","target_country":"ITALY","total_tons":12.0}},{"type":"Feature","geometry":{"type":"LineString","coordinates":[[14.3215,37.131],[15.25,38.2]]},"properties":{"mission_id":173222,"date":"1943-07-24","theater":"MTO","aircraft":"North American A-36 Apache (Invader)","takeoff_base":"PONTE OLIVO AIRFIELD","target_location":"MILAZZO","target_country":"ITALY","total_tons":12.0}},{"type":"Feature","geometry":{"type":"LineString","coordinates":[[14.3215,37.131],[15.25,38.2]]},"properties":{"mission_id":173223,"date":"1943-07-24","theater":"MTO","aircraft":"North American A-36 Apache (Invader)","takeoff_base":"PONTE OLIVO AIRFIELD","target_location":"MILAZZO","target_country":"ITALY","total_tons":6.0}},{"type":"Feature","geometry":{"type":"LineString","coordinates":[[14.3215,37.131],[14.73,38.15]]},"properties":{"mission_id":173444,"date":"1943-07-24","theater":"MTO","aircraft":"North American A-36 Apache (Invader)","takeoff_base":"PONTE OLIVO AIRFIELD","target_location":"ORLANDO","target_country":"ITALY","total_tons":0.0}},{"type":"Feature","geometry":{"type":"LineString","coordinates":[[14.3215,37.131],[16.25,39.27]]},"properties":{"mission_id":173445,"date":"1943-07-24","theater":"MTO","aircraft":"North American A-36 Apache (Invader)","takeoff_base":"PONTE OLIVO AIRFIELD","target_location":"COSENZA","target_country":"ITALY","total_tons":0.0}},{"type":"Feature","geometry":{"type":"LineString","coordinates":[[14.3215,37.131],[15.57,38.18]]},"properties":{"mission_id":173511,"date":"1943-07-25","theater":"MTO","aircraft":"North American A-36 Apache (Invader)","takeoff_base":"PONTE OLIVO AIRFIELD","target_location":"MESSINA","target_country":"ITALY","total_tons":14.0}},{"type":"Feature","geometry":{"type":"LineString","coordinates":[[14.3215,37.131],[14.35,37.63]]},"properties":{"mission_id":173513,"date":"1943-07-25","theater":"MTO","aircraft":"North American A-36 Apache (Invader)","takeoff_base":"PONTE OLIVO AIRFIELD","target_location":"LEONFORTE","target_country":"ITALY","total_tons":12.0}},{"type":"Feature","geometry":{"type":"LineString","coordinates":[[14.3215,37.131],[15.25,38.2]]},"properties":{"mission_id":173514,"date":"1943-07-25","theater":"MTO","aircraft":"North American A-36 Apache (Invader)","takeoff_base":"PONTE OLIVO AIRFIELD","target_location":"MILAZZO","target_country":"ITALY","total_tons":6.0}},{"type":"Feature","geometry":{"type":"LineString","coordinates":[[14.3215,37.131],[14.35,38.02]]},"properties":{"mission_id":173515,"date":"1943-07-25","theater":"MTO","aircraft":"North American A-36 Apache (Invader)","takeoff_base":"PONTE OLIVO AIRFIELD","target_location":"SANTO STEFANO CAMAS","target_country":"ITALY","total_tons":5.5}},{"type":"Feature","geometry":{"type":"LineString","coordinates":[[14.3215,37.131],[9.15,45.45]]},"properties":{"mission_id":173519,"date":"1943-07-25","theater":"MTO","aircraft":"North American A-36 Apache (Invader)","takeoff_base":"PONTE OLIVO AIRFIELD","target_location":"MILAN","target_country":"ITALY","total_tons":0.0}},{"type":"Feature","geometry":{"type":"LineString","coordinates":[[14.3215,37.131],[15.25,38.2]]},"properties":{"mission_id":173803,"date":"1943-07-26","theater":"MTO","aircraft":"North American A-36 Apache (Invader)","takeoff_base":"PONTE OLIVO AIRFIELD","target_location":"MILAZZO","target_country":"ITALY","total_tons":6.0}},{"type":"Feature","geometry":{"type":"LineString","coordinates":[[14.3215,37.131],[15.25,38.2]]},"properties":{"mission_id":173804,"date":"1943-07-26","theater":"MTO","aircraft":"North American A-36 Apache (Invader)","takeoff_base":"PONTE OLIVO AIRFIELD","target_location":"MILAZZO","target_country":"ITALY","total_tons":6.0}},{"type":"Feature","geometry":{"type":"LineString","coordinates":[[14.3215,37.131],[13.43,40.78]]},"properties":{"mission_id":173805,"date":"1943-07-26","theater":"MTO","aircraft":"North American A-36 Apache (Invader)","takeoff_base":"PONTE OLIVO AIRFIELD","target_location":"STEFANO","target_country":"ITALY","total_tons":6.0}},{"type":"Feature","geometry":{"type":"LineString","coordinates":[[14.3215,37.131],[9.15,45.45]]},"properties":{"mission_id":173809,"date":"1943-07-26","theater":"MTO","aircraft":"North American A-36 Apache (Invader)","takeoff_base":"PONTE OLIVO AIRFIELD","target_location":"MILAN","target_country":"ITALY","total_tons":3.0}},{"type":"Feature","geometry":{"type":"LineString","coordinates":[[10.1219,36.6496],[15.65,38.1]]},"properties":{"mission_id":173820,"date":"1943-07-26","theater":"MTO","aircraft":"B-24 Liberator","takeoff_base":"OUDNA","target_location":"REGGIO DI CALABRIA","target_country":"GREECE","total_tons":38.01}},{"type":"Feature","geometry":{"type":"LineString","coordinates":[[14.3215,37.131],[15.25,38.2]]},"properties":{"mission_id":174072,"date":"1943-07-27","theater":"MTO","aircraft":"North American A-36 Apache (Invader)","takeoff_base":"PONTE OLIVO AIRFIELD","target_location":"MILAZZO","target_country":"ITALY","total_tons":11.0}},{"type":"Feature","geometry":{"type":"LineString","coordinates":[[14.3215,37.131],[15.25,38.2]]},"properties":{"mission_id":174077,"date":"1943-07-27","theater":"MTO","aircraft":"North American A-36 Apache (Invader)","takeoff_base":"PONTE OLIVO AIRFIELD","target_location":"MILAZZO","target_country":"ITALY","total_tons":6.0}},{"type":"Feature","geometry":{"type":"LineString","coordinates":[[14.3215,37.131],[15.58,38.0]]},"properties":{"mission_id":174078,"date":"1943-07-27","theater":"MTO","aircraft":"North American A-36 Apache (Invader)","takeoff_base":"PONTE OLIVO AIRFIELD","target_location":"MESSINA STRAITS","target_country":"ITALY","total_tons":6.0}},{"type":"Feature","geometry":{"type":"LineString","coordinates":[[14.3215,37.131],[15.25,38.2]]},"properties":{"mission_id":174088,"date":"1943-07-27","theater":"MTO","aircraft":"North American A-36 Apache (Invader)","takeoff_base":"PONTE OLIVO AIRFIELD","target_location":"MILAZZO","target_country":"ITALY","total_tons":0.0}},{"type":"Feature","geometry":{"type":"LineString","coordinates":[[14.3215,37.131],[14.7,37.83]]},"properties":{"mission_id":174349,"date":"1943-07-28","theater":"MTO","aircraft":"North American A-36 Apache (Invader)","takeoff_base":"PONTE OLIVO AIRFIELD","target_location":"CESARO","target_country":"ITALY","total_tons":11.0}},{"type":"Feature","geometry":{"type":"LineString","coordinates":[[14.3215,37.131],[14.6,37.78]]},"properties":{"mission_id":174351,"date":"1943-07-28","theater":"MTO","aircraft":"North American A-36 Apache (Invader)","takeoff_base":"PONTE OLIVO AIRFIELD","target_location":"TROINA","target_country":"ITALY","total_tons":10.0}},{"type":"Feature","geometry":{"type":"LineString","coordinates":[[14.3215,37.131],[14.6,37.78]]},"properties":{"mission_id":174355,"date":"1943-07-28","theater":"MTO","aircraft":"North American A-36 Apache (Invader)","takeoff_base":"PONTE OLIVO AIRFIELD","target_location":"TROINA","target_country":"ITALY","total_tons":6.0}},{"type":"Feature","geometry":{"type":"LineString","coordinates":[[14.3215,37.131],[14.7,37.83]]},"properties":{"mission_id":174365,"date":"1943-07-28","theater":"MTO","aircraft":"North American A-36 Apache (Invader)","takeoff_base":"PONTE OLIVO AIRFIELD","target_location":"CESARO","target_country":"ITALY","total_tons":0.0}},{"type":"Feature","geometry":{"type":"LineString","coordinates":[[10.1219,36.6496],[15.65,38.1]]},"properties":{"mission_id":174845,"date":"1943-07-30","theater":"MTO","aircraft":"Handley Page Halifax","takeoff_base":"OUDNA","target_location":"REGGIO DI CALABRIA/ RAILWAY INSTALLATIONS","target_country":"GREECE","total_tons":10.0}},{"type":"Feature","geometry":{"type":"LineString","coordinates":[[10.1219,36.6496],[15.65,38.1]]},"properties":{"mission_id":174846,"date":"1943-07-30","theater":"MTO","aircraft":"B-24 Liberator","takeoff_base":"OUDNA","target_location":"REGGIO DI CALABRIA/ RAILWAY INSTALLATIONS","target_country":"GREECE","total_tons":28.8}},{"type":"Feature","geometry":{"type":"LineString","coordinates":[[14.3215,37.131],[14.6,37.78]]},"properties":{"mission_id":175146,"date":"1943-07-31","theater":"MTO","aircraft":"North American A-36 Apache (Invader)","takeoff_base":"PONTE OLIVO AIRFIELD","target_location":"TROINA","target_country":"ITALY","total_tons":12.0}},{"type":"Feature","geometry":{"type":"LineString","coordinates":[[14.3215,37.131],[13.33,46.33]]},"properties":{"mission_id":175150,"date":"1943-07-31","theater":"MTO","aircraft":"North American A-36 Apache (Invader)","takeoff_base":"PONTE OLIVO AIRFIELD","target_location":"46 20 N 013 20 E","target_country":"ITALY","total_tons":3.0}},{"type":"Feature","geometry":{"type":"LineString","coordinates":[[14.3215,37.131],[14.7,37.83]]},"properties":{"mission_id":175202,"date":"1943-08-01","theater":"MTO","aircraft":"North American A-36 Apache (Invader)","takeoff_base":"PONTE OLIVO AIRFIELD","target_location":"CESARO","target_country":"ITALY","total_tons":7.5}},{"type":"Feature","geometry":{"type":"LineString","coordinates":[[14.3215,37.131],[14.73,38.15]]},"properties":{"mission_id":175203,"date":"1943-08-01","theater":"MTO","aircraft":"North American A-36 Apache (Invader)","takeoff_base":"PONTE OLIVO AIRFIELD","target_location":"CAPE ORLANDO","target_country":"ITALY","total_tons":6.0}},{"type":"Feature","geometry":{"type":"LineString","coordinates":[[14.3215,37.131],[14.6,37.78]]},"properties":{"mission_id":175204,"date":"1943-08-01","theater":"MTO","aircraft":"North American A-36 Apache (Invader)","takeoff_base":"PONTE OLIVO AIRFIELD","target_location":"TROINA","target_country":"ITALY","total_tons":5.5}},{"type":"Feature","geometry":{"type":"LineString","coordinates":[[9.4847,42.55],[11.67,45.0]]},"properties":{"mission_id":175414,"date":"1944-07-25","theater":"MTO","aircraft":"North American A-36 Apache (Invader)","takeoff_base":"PORETTA AIRFIELD","target_location":"45 00 N 011 40 E","target_country":"ITALY","total_tons":0.5}},{"type":"Feature","geometry":{"type":"LineString","coordinates":[[14.3215,37.131],[14.7,37.83]]},"properties":{"mission_id":175523,"date":"1943-08-02","theater":"MTO","aircraft":"North American A-36 Apache (Invader)","takeoff_base":"PONTE OLIVO AIRFIELD","target_location":"CESARO","target_country":"ITALY","total_tons":14.0}},{"type":"Feature","geometry":{"type":"LineString","coordinates":[[14.3215,37.131],[14.73,38.15]]},"properties":{"mission_id":175524,"date":"1943-08-02","theater":"MTO","aircraft":"North American A-36 Apache (Invader)","takeoff_base":"PONTE OLIVO AIRFIELD","target_location":"CAPE ORLANDO","target_country":"ITALY","total_tons":13.0}},{"type":"Feature","geometry":{"type":"LineString","coordinates":[[14.3215,37.131],[14.73,38.15]]},"properties":{"mission_id":175535,"date":"1943-08-02","theater":"MTO","aircraft":"North American A-36 Apache (Invader)","takeoff_base":"PONTE OLIVO AIRFIELD","target_location":"ORLANDO","target_country":"ITALY","total_tons":4.5}},{"type":"Feature","geometry":{"type":"LineString","coordinates":[[14.3215,37.131],[14.6,37.78]]},"properties":{"mission_id":175538,"date":"1943-08-02","theater":"MTO","aircraft":"North American A-36 Apache (Invader)","takeoff_base":"PONTE OLIVO AIRFIELD","target_location":"TROINA","target_country":"ITALY","total_tons":0.0}},{"type":"Feature","geometry":{"type":"LineString","coordinates":[[10.1219,36.6496],[15.65,38.1]]},"properties":{"mission_id":175539,"date":"1943-08-02","theater":"MTO","aircraft":"B-24 Liberator","takeoff_base":"OUDNA","target_location":"REGGIO DI CALABRIA/ RAILWAY INSTALLATIONS","target_country":"GREECE","total_tons":44.59}},{"type":"Feature","geometry":{"type":"LineString","coordinates":[[14.3215,37.131],[14.7,37.83]]},"properties":{"mission_id":175807,"date":"1943-08-03","theater":"MTO","aircraft":"North American A-36 Apache (Invader)","takeoff_base":"PONTE OLIVO AIRFIELD","target_location":"CESARO","target_country":"ITALY","total_tons":12.0}},{"type":"Feature","geometry":{"type":"LineString","coordinates":[[14.3215,37.131],[14.7,37.83]]},"properties":{"mission_id":175810,"date":"1943-08-03","theater":"MTO","aircraft":"North American A-36 Apache (Invader)","takeoff_base":"PONTE OLIVO AIRFIELD","target_location":"CESARO","target_country":"ITALY","total_tons":5.5}},{"type":"Feature","geometry":{"type":"LineString","coordinates":[[14.3215,37.131],[14.6,38.02]]},"properties":{"mission_id":175816,"date":"1943-08-03","theater":"MTO","aircraft":"North American A-36 Apache (Invader)","takeoff_base":"PONTE OLIVO AIRFIELD","target_location":"SAN FRATELLO","target_country":"ITALY","total_tons":0.0}},{"type":"Feature","geometry":{"type":"LineString","coordinates":[[14.3215,37.131],[14.6,37.78]]},"properties":{"mission_id":176056,"date":"1943-08-04","theater":"MTO","aircraft":"North American A-36 Apache (Invader)","takeoff_base":"PONTE OLIVO AIRFIELD","target_location":"TROINA","target_country":"ITALY","total_tons":70.5}},{"type":"Feature","geometry":{"type":"LineString","coordinates":[[14.3215,37.131],[15.8,38.27]]},"properties":{"mission_id":176059,"date":"1943-08-04","theater":"MTO","aircraft":"North American A-36 Apache (Invader)","takeoff_base":"PONTE OLIVO AIRFIELD","target_location":"BAGNARA","target_country":"ITALY","total_tons":12.0}},{"type":"Feature","geometry":{"type":"LineString","coordinates":[[14.3215,37.131],[15.97,38.48]]},"properties":{"mission_id":176082,"date":"1943-08-04","theater":"MTO","aircraft":"North American A-36 Apache (Invader)","takeoff_base":"PONTE OLIVO AIRFIELD","target_location":"ROSARNO","target_country":"ITALY","total_tons":0.0}},{"type":"Feature","geometry":{"type":"LineString","coordinates":[[14.3215,37.131],[15.9,38.43]]},"properties":{"mission_id":176083,"date":"1943-08-04","theater":"MTO","aircraft":"North American A-36 Apache (Invader)","takeoff_base":"PONTE OLIVO AIRFIELD","target_location":"GIOJA TAURO","target_country":"ITALY","total_tons":0.0}},{"type":"Feature","geometry":{"type":"LineString","coordinates":[[14.3215,37.131],[14.6,37.78]]},"properties":{"mission_id":176352,"date":"1943-08-05","theater":"MTO","aircraft":"North American A-36 Apache (Invader)","takeoff_base":"PONTE OLIVO AIRFIELD","target_location":"TROINA","target_country":"ITALY","total_tons":15.5}},{"type":"Feature","geometry":{"type":"LineString","coordinates":[[14.3215,37.131],[14.6,37.78]]},"properties":{"mission_id":176353,"date":"1943-08-05","theater":"MTO","aircraft":"North American A-36 Apache (Invader)","takeoff_base":"PONTE OLIVO AIRFIELD","target_location":"TROINA","target_country":"ITALY","total_tons":15.0}},{"type":"Feature","geometry":{"type":"LineString","coordinates":[[14.3215,37.131],[14.6,37.78]]},"properties":{"mission_id":176354,"date":"1943-08-05","theater":"MTO","aircraft":"North American A-36 Apache (Invader)","takeoff_base":"PONTE OLIVO AIRFIELD","target_location":"TROINA","target_country":"ITALY","total_tons":10.0}},{"type":"Feature","geometry":{"type":"LineString","coordinates":[[14.3215,37.131],[15.97,38.48]]},"properties":{"mission_id":176357,"date":"1943-08-05","theater":"MTO","aircraft":"North American A-36 Apache (Invader)","takeoff_base":"PONTE OLIVO AIRFIELD","target_location":"ROSARNO","target_country":"ITALY","total_tons":0.0}},{"type":"Feature","geometry":{"type":"LineString","coordinates":[[10.1219,36.6496],[15.22,38.22]]},"properties":{"mission_id":176358,"date":"1943-08-05","theater":"MTO","aircraft":"B-24 Liberator","takeoff_base":"OUDNA","target_location":"SAN GIOVANNI","target_country":"GREECE","total_tons":48.65}},{"type":"Feature","geometry":{"type":"LineString","coordinates":[[14.3215,37.131],[14.7,37.83]]},"properties":{"mission_id":176377,"date":"1943-08-06","theater":"MTO","aircraft":"North American A-36 Apache (Invader)","takeoff_base":"PONTE OLIVO AIRFIELD","target_location":"CESARO","target_country":"ITALY","total_tons":46.0}},{"type":"Feature","geometry":{"type":"LineString","coordinates":[[14.3215,37.131],[14.6,37.78]]},"properties":{"mission_id":176378,"date":"1943-08-06","theater":"MTO","aircraft":"North American A-36 Apache (Invader)","takeoff_base":"PONTE OLIVO AIRFIELD","target_location":"TROINA","target_country":"ITALY","total_tons":22.0}},{"type":"Feature","geometry":{"type":"LineString","coordinates":[[14.3215,37.131],[14.7,37.83]]},"properties":{"mission_id":176379,"date":"1943-08-06","theater":"MTO","aircraft":"North American A-36 Apache (Invader)","takeoff_base":"PONTE OLIVO AIRFIELD","target_location":"CESARO","target_country":"ITALY","total_tons":18.5}},{"type":"Feature","geometry":{"type":"LineString","coordinates":[[14.3215,37.131],[14.6,37.78]]},"properties":{"mission_id":176382,"date":"1943-08-06","theater":"MTO","aircraft":"North American A-36 Apache (Invader)","takeoff_base":"PONTE OLIVO AIRFIELD","target_location":"TROINA","target_country":"ITALY","total_tons":0.0}},{"type":"Feature","geometry":{"type":"LineString","coordinates":[[14.3215,37.131],[14.83,37.77]]},"properties":{"mission_id":176383,"date":"1943-08-06","theater":"MTO","aircraft":"North American A-36 Apache (Invader)","takeoff_base":"PONTE OLIVO AIRFIELD","target_location":"BRONTE","target_country":"ITALY","total_tons":0.0}},{"type":"Feature","geometry":{"type":"LineString","coordinates":[[14.3215,37.131],[14.6,37.78]]},"properties":{"mission_id":176384,"date":"1943-08-06","theater":"MTO","aircraft":"North American A-36 Apache (Invader)","takeoff_base":"PONTE OLIVO AIRFIELD","target_location":"TROINA","target_country":"ITALY","total_tons":0.0}},{"type":"Feature","geometry":{"type":"LineString","coordinates":[[14.3215,37.131],[14.63,38.08]]},"properties":{"mission_id":176656,"date":"1943-08-07","theater":"MTO","aircraft":"North American A-36 Apache (Invader)","takeoff_base":"PONTE OLIVO AIRFIELD","target_location":"AGATA","target_country":"ITALY","total_tons":13.5}},{"type":"Feature","geometry":{"type":"LineString","coordinates":[[14.3215,37.131],[14.6,38.02]]},"properties":{"mission_id":176659,"date":"1943-08-07","theater":"MTO","aircraft":"North American A-36 Apache (Invader)","takeoff_base":"PONTE OLIVO AIRFIELD","target_location":"SAN FRATELLO","target_country":"ITALY","total_tons":10.0}},{"type":"Feature","geometry":{"type":"LineString","coordinates":[[14.3215,37.131],[14.6,38.02]]},"properties":{"mission_id":176662,"date":"1943-08-07","theater":"MTO","aircraft":"North American A-36 Apache (Invader)","takeoff_base":"PONTE OLIVO AIRFIELD","target_location":"SAN FRATELLO","target_country":"ITALY","total_tons":0.0}},{"type":"Feature","geometry":{"type":"LineString","coordinates":[[14.3215,37.131],[12.65,41.77]]},"properties":{"mission_id":176663,"date":"1943-08-07","theater":"MTO","aircraft":"North American A-36 Apache (Invader)","takeoff_base":"PONTE OLIVO AIRFIELD","target_location":"MARINO","target_country":"ITALY","total_tons":0.0}},{"type":"Feature","geometry":{"type":"LineString","coordinates":[[14.3215,37.131],[15.12,38.02]]},"properties":{"mission_id":176952,"date":"1943-08-08","theater":"MTO","aircraft":"North American A-36 Apache (Invader)","takeoff_base":"PONTE OLIVO AIRFIELD","target_location":"NOVARA DI SICILIA","target_country":"ITALY","total_tons":7.0}},{"type":"Feature","geometry":{"type":"LineString","coordinates":[[14.3215,37.131],[14.7,37.83]]},"properties":{"mission_id":176954,"date":"1943-08-08","theater":"MTO","aircraft":"North American A-36 Apache (Invader)","takeoff_base":"PONTE OLIVO AIRFIELD","target_location":"CESARO","target_country":"ITALY","total_tons":6.0}},{"type":"Feature","geometry":{"type":"LineString","coordinates":[[10.1219,36.6496],[15.22,38.22]]},"properties":{"mission_id":176958,"date":"1943-08-08","theater":"MTO","aircraft":"Handley Page Halifax","takeoff_base":"OUDNA","target_location":"SAN GIOVANNI","target_country":"GREECE","total_tons":42.29}},{"type":"Feature","geometry":{"type":"LineString","coordinates":[[14.3215,37.131],[15.22,38.13]]},"properties":{"mission_id":176998,"date":"1943-08-09","theater":"MTO","aircraft":"North American A-36 Apache (Invader)","takeoff_base":"PONTE OLIVO AIRFIELD","target_location":"BARCELLONA","target_country":"ITALY","total_tons":20.0}},{"type":"Feature","geometry":{"type":"LineString","coordinates":[[14.3215,37.131],[14.95,38.13]]},"properties":{"mission_id":177001,"date":"1943-08-09","theater":"MTO","aircraft":"North American A-36 Apache (Invader)","takeoff_base":"PONTE OLIVO AIRFIELD","target_location":"PATTI","target_country":"ITALY","total_tons":14.0}},{"type":"Feature","geometry":{"type":"LineString","coordinates":[[14.3215,37.131],[13.7,41.48]]},"properties":{"mission_id":177018,"date":"1943-08-09","theater":"MTO","aircraft":"North American A-36 Apache (Invader)","takeoff_base":"PONTE OLIVO AIRFIELD","target_location":"AQUINO","target_country":"ITALY","total_tons":0.0}},{"type":"Feature","geometry":{"type":"LineString","coordinates":[[14.3215,37.131],[14.73,38.15]]},"properties":{"mission_id":177019,"date":"1943-08-09","theater":"MTO","aircraft":"North American A-36 Apache (Invader)","takeoff_base":"PONTE OLIVO AIRFIELD","target_location":"ORLANDO","target_country":"ITALY","total_tons":0.0}},{"type":"Feature","geometry":{"type":"LineString","coordinates":[[14.3215,37.131],[14.73,38.15]]},"properties":{"mission_id":177020,"date":"1943-08-09","theater":"MTO","aircraft":"North American A-36 Apache (Invader)","takeoff_base":"PONTE OLIVO AIRFIELD","target_location":"CAPE ORLANDO","target_country":"ITALY","total_tons":0.0}},{"type":"Feature","geometry":{"type":"LineString","coordinates":[[14.3215,37.131],[14.73,38.15]]},"properties":{"mission_id":177021,"date":"1943-08-09","theater":"MTO","aircraft":"North American A-36 Apache (Invader)","takeoff_base":"PONTE OLIVO AIRFIELD","target_location":"ORLANDO","target_country":"ITALY","total_tons":0.0}},{"type":"Feature","geometry":{"type":"LineString","coordinates":[[14.3215,37.131],[14.73,38.15]]},"properties":{"mission_id":177022,"date":"1943-08-09","theater":"MTO","aircraft":"North American A-36 Apache (Invader)","takeoff_base":"PONTE OLIVO AIRFIELD","target_location":"ORLANDO","target_country":"ITALY","total_tons":0.0}},{"type":"Feature","geometry":{"type":"LineString","coordinates":[[14.3215,37.131],[14.73,38.15]]},"properties":{"mission_id":177289,"date":"1943-08-10","theater":"MTO","aircraft":"North American A-36 Apache (Invader)","takeoff_base":"PONTE OLIVO AIRFIELD","target_location":"ORLANDO","target_country":"ITALY","total_tons":0.0}},{"type":"Feature","geometry":{"type":"LineString","coordinates":[[14.3215,37.131],[14.73,38.15]]},"properties":{"mission_id":177290,"date":"1943-08-10","theater":"MTO","aircraft":"North American A-36 Apache (Invader)","takeoff_base":"PONTE OLIVO AIRFIELD","target_location":"ORLANDO","target_country":"ITALY","total_tons":0.0}},{"type":"Feature","geometry":{"type":"LineString","coordinates":[[14.3215,37.131],[14.73,38.15]]},"properties":{"mission_id":177291,"date":"1943-08-10","theater":"MTO","aircraft":"North American A-36 Apache (Invader)","takeoff_base":"PONTE OLIVO AIRFIELD","target_location":"ORLANDO","target_country":"ITALY","total_tons":0.0}},{"type":"Feature","geometry":{"type":"LineString","coordinates":[[14.3215,37.131],[15.22,38.13]]},"properties":{"mission_id":177292,"date":"1943-08-10","theater":"MTO","aircraft":"North American A-36 Apache (Invader)","takeoff_base":"PONTE OLIVO AIRFIELD","target_location":"BARCELLONA","target_country":"ITALY","total_tons":0.0}},{"type":"Feature","geometry":{"type":"LineString","coordinates":[[14.3215,37.131],[15.05,38.15]]},"properties":{"mission_id":177334,"date":"1943-08-11","theater":"MTO","aircraft":"North American A-36 Apache (Invader)","takeoff_base":"PONTE OLIVO AIRFIELD","target_location":"TINDARO","target_country":"ITALY","total_tons":12.0}},{"type":"Feature","geometry":{"type":"LineString","coordinates":[[14.3215,37.131],[14.73,38.15]]},"properties":{"mission_id":177555,"date":"1943-08-11","theater":"MTO","aircraft":"North American A-36 Apache (Invader)","takeoff_base":"PONTE OLIVO AIRFIELD","target_location":"ORLANDO","target_country":"ITALY","total_tons":0.0}},{"type":"Feature","geometry":{"type":"LineString","coordinates":[[14.3215,37.131],[16.28,38.35]]},"properties":{"mission_id":177556,"date":"1943-08-11","theater":"MTO","aircraft":"North American A-36 Apache (Invader)","takeoff_base":"PONTE OLIVO AIRFIELD","target_location":"GIOJOSA","target_country":"ITALY","total_tons":0.0}},{"type":"Feature","geometry":{"type":"LineString","coordinates":[[14.3215,37.131],[13.55,45.53]]},"properties":{"mission_id":177557,"date":"1943-08-11","theater":"MTO","aircraft":"North American A-36 Apache (Invader)","takeoff_base":"PONTE OLIVO AIRFIELD","target_location":"PIROMO","target_country":"ITALY","total_tons":0.0}},{"type":"Feature","geometry":{"type":"LineString","coordinates":[[10.1219,36.6496],[15.22,38.22]]},"properties":{"mission_id":177558,"date":"1943-08-11","theater":"MTO","aircraft":"B-24 Liberator","takeoff_base":"OUDNA","target_location":"SAN GIOVANNI","target_country":"GREECE","total_tons":51.51}},{"type":"Feature","geometry":{"type":"LineString","coordinates":[[14.3215,37.131],[14.95,38.13]]},"properties":{"mission_id":177620,"date":"1943-08-12","theater":"MTO","aircraft":"North American A-36 Apache (Invader)","takeoff_base":"PONTE OLIVO AIRFIELD","target_location":"PATTI","target_country":"ITALY","total_tons":6.0}},{"type":"Feature","geometry":{"type":"LineString","coordinates":[[14.3215,37.131],[15.37,38.22]]},"properties":{"mission_id":178147,"date":"1943-08-13","theater":"MTO","aircraft":"North American A-36 Apache (Invader)","takeoff_base":"PONTE OLIVO AIRFIELD","target_location":"SPADAFORA","target_country":"ITALY","total_tons":13.0}},{"type":"Feature","geometry":{"type":"LineString","coordinates":[[14.3215,37.131],[15.72,38.23]]},"properties":{"mission_id":178148,"date":"1943-08-13","theater":"MTO","aircraft":"North American A-36 Apache (Invader)","takeoff_base":"PONTE OLIVO AIRFIELD","target_location":"SCILLA","target_country":"ITALY","total_tons":12.0}},{"type":"Feature","geometry":{"type":"LineString","coordinates":[[14.3215,37.131],[15.25,38.2]]},"properties":{"mission_id":178154,"date":"1943-08-13","theater":"MTO","aircraft":"North American A-36 Apache (Invader)","takeoff_base":"PONTE OLIVO AIRFIELD","target_location":"MILAZZO","target_country":"ITALY","total_tons":10.0}},{"type":"Feature","geometry":{"type":"LineString","coordinates":[[14.3215,37.131],[15.05,38.15]]},"properties":{"mission_id":178155,"date":"1943-08-13","theater":"MTO","aircraft":"North American A-36 Apache (Invader)","takeoff_base":"PONTE OLIVO AIRFIELD","target_location":"TINDARO","target_country":"ITALY","total_tons":10.0}},{"type":"Feature","geometry":{"type":"LineString","coordinates":[[14.3215,37.131],[15.05,38.15]]},"properties":{"mission_id":178160,"date":"1943-08-13","theater":"MTO","aircraft":"North American A-36 Apache (Invader)","takeoff_base":"PONTE OLIVO AIRFIELD","target_location":"CAPE TINDARO","target_country":"ITALY","total_tons":8.0}},{"type":"Feature","geometry":{"type":"LineString","coordinates":[[14.3215,37.131],[15.57,38.18]]},"properties":{"mission_id":178178,"date":"1943-08-13","theater":"MTO","aircraft":"North American A-36 Apache (Invader)","takeoff_base":"PONTE OLIVO AIRFIELD","target_location":"MESSINA","target_country":"ITALY","total_tons":0.0}},{"type":"Feature","geometry":{"type":"LineString","coordinates":[[14.3215,37.131],[15.9,38.43]]},"properties":{"mission_id":178481,"date":"1943-08-14","theater":"MTO","aircraft":"North American A-36 Apache (Invader)","takeoff_base":"PONTE OLIVO AIRFIELD","target_location":"GIOJA TAURO","target_country":"ITALY","total_tons":16.5}},{"type":"Feature","geometry":{"type":"LineString","coordinates":[[14.3215,37.131],[11.42,44.62]]},"properties":{"mission_id":178491,"date":"1943-08-14","theater":"MTO","aircraft":"North American A-36 Apache (Invader)","takeoff_base":"PONTE OLIVO AIRFIELD","target_location":"S MARINO","target_country":"ITALY","total_tons":4.0}},{"type":"Feature","geometry":{"type":"LineString","coordinates":[[14.3215,37.131],[15.37,38.22]]},"properties":{"mission_id":178494,"date":"1943-08-14","theater":"MTO","aircraft":"North American A-36 Apache (Invader)","takeoff_base":"PONTE OLIVO AIRFIELD","target_location":"SPADAFORA","target_country":"ITALY","total_tons":0.0}},{"type":"Feature","geometry":{"type":"LineString","coordinates":[[14.3215,37.131],[15.25,38.2]]},"properties":{"mission_id":178495,"date":"1943-08-14","theater":"MTO","aircraft":"North American A-36 Apache (Invader)","takeoff_base":"PONTE OLIVO AIRFIELD","target_location":"MILAZZO","target_country":"ITALY","total_tons":0.0}},{"type":"Feature","geometry":{"type":"LineString","coordinates":[[14.3215,37.131],[14.73,38.15]]},"properties":{"mission_id":178496,"date":"1943-08-14","theater":"MTO","aircraft":"North American A-36 Apache (Invader)","takeoff_base":"PONTE OLIVO AIRFIELD","target_location":"ORLANDO","target_country":"ITALY","total_tons":0.0}},{"type":"Feature","geometry":{"type":"LineString","coordinates":[[10.1219,36.6496],[15.22,38.22]]},"properties":{"mission_id":178497,"date":"1943-08-14","theater":"MTO","aircraft":"B-24 Liberator","takeoff_base":"OUDNA","target_location":"SAN GIOVANNI","target_country":"GREECE","total_tons":50.76}},{"type":"Feature","geometry":{"type":"LineString","coordinates":[[14.3215,37.131],[15.72,38.23]]},"properties":{"mission_id":178542,"date":"1943-08-15","theater":"MTO","aircraft":"North American A-36 Apache (Invader)","takeoff_base":"PONTE OLIVO AIRFIELD","target_location":"SCILLA","target_country":"ITALY","total_tons":42.5}},{"type":"Feature","geometry":{"type":"LineString","coordinates":[[32.52,15.58],[36.8333,11.2667]]},"properties":{"mission_id":74589,"date":"1941-02-07","theater":"MTO","aircraft":"Vickers Wellington","takeoff_base":"KHARTOUM","target_location":"DANGILA","target_country":"ETHIOPIA","total_tons":1.0}},{"type":"Feature","geometry":{"type":"LineString","coordinates":[[36.8167,-1.2833],[45.3426,2.0411]]},"properties":{"mission_id":51039,"date":"1940-08-21","theater":"EAST AFRICA","aircraft":"Fairey Battle","takeoff_base":"NAIROBI","target_location":"MOGADISHU","target_country":"SOMALIA","total_tons":0.0}},{"type":"Feature","geometry":{"type":"LineString","coordinates":[[36.8167,-1.2833],[38.6,7.2]]},"properties":{"mission_id":54476,"date":"1940-09-09","theater":"MTO","aircraft":"Fairey Battle","takeoff_base":"NAIROBI","target_location":"SHASHAMANA (ABYSSINIA)","target_country":"ETHIOPIA","total_tons":6.0}},{"type":"Feature","geometry":{"type":"LineString","coordinates":[[36.8167,-1.2833],[38.0833,4.8833]]},"properties":{"mission_id":55692,"date":"1940-09-18","theater":"MTO","aircraft":"Junkers Ju 86","takeoff_base":"NAIROBI","target_location":"YAVELLO","target_country":"ETHIOPIA","total_tons":0.0}}]}