event_id,date,year,month,theater_standard,theater_raw,air_force,command_or_task_force,sub_region,mission_number,aircraft_models,has_claims,has_losses,has_casualties,event_text
EVT_19430402_00052,1943-04-02,1943,4,MTO,MEDITERRANEAN THEATER OF OPERATIONS,Eleventh Air Force,,Tunisia,,"P-40, P-38, B-25, A-20",0,0,0,"WESTERN MEDITERRANEAN (Northwest African Air Force) In Tunisia, B-25's and A-20's bomb the airfield at La Fauconnerie. SOUTH PACIFIC THEATER OF OPERATIONS (Thirteenth Air Force) In the Solomons, P-38's and P-40's attack and set fire to a small cargo vessel in Kokolope Bay."
EVT_19430403_00056,1943-04-03,1943,4,MTO,MEDITERRANEAN THEATER OF OPERATIONS,Ninth Air Force,,Tunisia,,"P-40, B-25",0,0,0,"EASTERN MEDITERRANEAN (Ninth Air Force) In Tunisia, B-25's the bomb Sfax-El Maou area during the night of 2/3 Apr. P-40's fly fighter-bomber missions N of Gabes. HQ, 12th Bombardment Group (Medium) and it's 434th Bombardment Squadron (Medium) with B-25's transfer from El Assa, Libya to Medenine, Tunisia."
EVT_19430403_00057,1943-04-03,1943,4,MTO,MEDITERRANEAN THEATER OF OPERATIONS,NASAF,,Tunisia,,"P-39, B-25",0,0,0,"WESTERN MEDITERRANEAN (Northwest African Air Force) Weather cancels Northwest African Strategic Air Force (NASAF) bomber operations. In Tunisia, Northwest African Tactical Air Force (NATAF) fighters strafe tanks and trucks at Kebira and Jabal Nasir Allah, and claim 14 aircraft downed in aerial combat over Djebel Berda. B-25's bomb the airfield at Sainte-Marie du Zit. Western Desert Air Force (WDAF) light bombers hit motor transport and gun positions N of Oued el Akarit. HQ, 81st Fighter Group and its 93d Fighter Squadron with P-39's transfer from Thelepte, Tunisia to Bone, Algeria to patrol the coast of Africa and protect Allied shipping in the Mediterranean."
EVT_19430405_00069,1943-04-05,1943,4,MTO,MEDITERRANEAN THEATER OF OPERATIONS,NASAF,,Sicily,,"WELLINGTON, P-38, A-20, P-39, B-25, B-17",1,0,0,"WESTERN MEDITERRANEAN (Northwest African Air Force) In Sicily during the night of 4/5 Apr, Northwest African Strategic Air Force (NASAF) Wellingtons bomb the Trapani docks and shipping. During the day, B-17's bomb the airfields at Boccadifalco and Milo. In Tunisia, B-17's bomb airfields at Sidi Ahmed and Tunis. B-25's hit the airfield at Bo Rizzo and attack a convoy off Cap Bon. P-38's fly several fighter sweeps over the Straits of Sicily. One force of fighters claims 16 airplanes destroyed. Northwest African Tactical Air Force (NATAF) A-20's hit the Airfield at El Djem and La Fauconnerie. Fighters attack E-boats off Pont-du-Fahs and vehicles S of Bou Hamran, and fly sweeps, reconnaissance, and patrol over the battle area in Tunisia. Western Desert Air Force (WDAF) and Northwest African Coastal Air Force (NACAF) aircraft hit motor transport W of Cekhira, bomb Djebel Zitouna Airfield, and strike shipping in the Straits of Sicily. During the day Northwest African Air Force (NAAF) aircraft claim destruction of nearly 50 aircraft in aerial combat. Today starts Operations FLAX (5-22 Apr) which is designed to destroy, in the air and on the ground, enemy air transports and escorts employed in ferrying personnel and supplies to Tunisia. HQ 325th Fighter Group transfers from Tafaraoui, Algeria to Montesquieu, Algeria. The 84th Bombardment Squadron (Light), 47th Bombardment Group (Light) with A-20's transfers from Canrobert, Algeria to Thelepte, Tunisia. The 91st and 93d Fighter Squadrons, 81st Fighter Group with P-39's transfer from Thelepte, Tunisia to Bone, Algeria."
EVT_19430406_00074,1943-04-06,1943,4,MTO,MEDITERRANEAN THEATER OF OPERATIONS,Seventh Air Force,,Sicily,,"WELLINGTON, P-38, A-20, P-51, P-39, B-25, B-17",0,0,0,"WESTERN MEDITERRANEAN (Northwest African Air Force) In Sicily, B-17's bomb the docks and ships at Trapani. In Tunisia during the night of 5/6 April, Wellingtons bomb the dock and shipping at Tunis. During the day, B-25's and P-38's attack shipping in the Straits of Sicily. Two forces of B-17's bomb a convoy further W, near Zembra Island and hit a convoy off Bizerte. B-25's and A-20's attack landing grounds and airfields at Enfidaville, La Fauconnerie, and El Djem. La Fauconnerie bears the brunt of the attacks and is well covered. Fighters escort the bombing raids, fly reconnaissance missions, and attack scattered enemy movement. HQ 27th Bombardment Group (Light) and it's 91st Bombardment Squadron (Light) with A-20's transfer from Nouvion, Algeria to Ras el Ma, French Morocco. The 92d Fighter Squadron, 81st Fighter Group with P-39's transfers from Youks-les-Bains, Algeria to Maison Blanche, Algeria. The 154th Observation Squadron, 68th Observation Group with P-39's and P-51's transfers from Thelepte, Tunisia to Sbeitla, Tunisia."
EVT_19430407_00080,1943-04-07,1943,4,MTO,MEDITERRANEAN THEATER OF OPERATIONS,NASAF,,Tunisia,,"WELLINGTON, SPITFIRE",0,0,0,"WESTERN MEDITERRANEAN (Northwest African Air Force) In Tunisia, Northwest African Strategic Air Force (NASAF) Wellingtons attack Tunis and the Jabal al Jallud Marshalling Yard. Weather cancels all other NASAF missions except for 2 reconnaissance sorties. All available airplanes of the XII Air Support Command and Western Desert Air Force (WDAF) hit ground forces which are retreating in all sectors. Fighters fly sweeps over Medjez el Bab (claiming 3 fighters downed), a scramble mission NW of Oued Zarga (5 fighters are claimed destroyed), and over 100 other sorties (no encounters). Highway and motor transport are bombed between Sfax and Sousse. Light and medium bombers, and fighter-bombers attack concentrations N of the Oued el Akarit line. Units of the US II Corps make contact with the British Eighth Army on the Gabes-Gafsa road. HQ 31st Fighter Group and it's 307th, 308th and 309th Fighter Squadrons with Spitfires transfer from Thelepte, Tunisia to Djilma, Tunisia. The 318th Fighter Squadron, 325th Fighter Group with P-40F's transfers from Tafaraoui, Algeria to Montesquieu, Algeria.  The squadron will fly it's first combat mission on 17 Apr 43."
EVT_19430408_00086,1943-04-08,1943,4,MTO,MEDITERRANEAN THEATER OF OPERATIONS,Ninth Air Force,,Tunisia,,P-40,0,0,0,"EASTERN MEDITERRANEAN (Ninth Air Force) In Tunisia, P-40's fly 29 bomber escort, armed reconnaissance, and fighter-bomber missions against retreating column along coast N of Gabes."
EVT_19430408_00087,1943-04-08,1943,4,MTO,MEDITERRANEAN THEATER OF OPERATIONS,NASAF,,Tunisia,,"P-40, SPITFIRE",0,0,0,"WESTERN MEDITERRANEAN (Northwest African Air Force) Weather prevents all Northwest African Strategic Air Force (NASAF) operations except minimum weather reconnaissance. In Tunisia, Northwest African Tactical Air Force (NATAF) P-40's and Spitfires fly sweeps and armed reconnaissance over the Faid Pass-Fondouk el Aouareb-Kairouan-Ousseltia area as the British X Corps attacks Fondouk. Other fighters fly widespread reconnaissance and sweeps, attacking motor transport S of Zaghouan. Western Desert Air Force (WDAF) fighters hit retreating columns in the Cekhira-Sfax area."
EVT_19430409_00091,1943-04-09,1943,4,MTO,MEDITERRANEAN THEATER OF OPERATIONS,Ninth Air Force,,Tunisia,,P-40,0,0,0,"EASTERN MEDITERRANEAN (Ninth Air Force) In Tunisia, P-40's in a fighter-bomber role attack Sfax, as the British Eighth Army, in pursuit of the retreating enemy, reaches a position a few miles to the SW of the coast."
EVT_19430409_00092,1943-04-09,1943,4,MTO,MEDITERRANEAN THEATER OF OPERATIONS,Eleventh Air Force,,Tunisia,,,0,0,0,"WESTERN MEDITERRANEAN (Northwest African Air Force) In Tunisia, fighters continue reconnaissance of the N half of Tunisia and the Straits of Sicily and hit enemy movement and defenses over wide areas between Sfax and Enfidaville. HQ 320th Bombardment Group (Medium) and it's 443d Bombardment Squadron (Medium) with B-26B's transfer from Tafaraoui, Algeria to Montesquieu, Algeria. The 319th Fighter Squadron, 325th Fighter Group with P-40F's transfers from Tafaraoui, Algeria to Montesquieu, Algeria. The squadron will fly it's first mission on 17 Apr 43."
EVT_19430410_00095,1943-04-10,1943,4,MTO,MEDITERRANEAN THEATER OF OPERATIONS,Ninth Air Force,,Italy,,B-24,0,0,0,"EASTERN MEDITERRANEAN (Ninth Air Force) In Italy, B-24's bomb the harbor at Naples. In Sicily, RAF Liberators, under operation control of the IX Bomber Command, hit Palermo. In Tunisia, Allied ground forces take Sfax and continue N to La Hencha. HQ IX Fighter Command is transferred from Egypt to Tripoli, Libya. Personnel are to be moved from Egypt over a period of several weeks."
EVT_19430410_00096,1943-04-10,1943,4,MTO,MEDITERRANEAN THEATER OF OPERATIONS,Eleventh Air Force,,Sardinia,,"WELLINGTON, B-26, B-17",0,0,0,"WESTERN MEDITERRANEAN (Northwest African Air Force) In Sardinia, B-17's hit ships at La Madallena. In Tunisia during the night of 9/10 Apr, Wellingtons bomb troops and transport on roads in the area surrounding Enfidaville. The following day, B-26's follow up the Wellingtons with raids on roads and military concentrations near Enfidaville. Fighter-bombers also hit ground targets in the Enfidaville areas. Fighters escort bombers, carry out reconnaissance, and fly sweeps over the battle area from Medjez el Rah to Sousse."
EVT_19430411_00100,1943-04-11,1943,4,MTO,MEDITERRANEAN THEATER OF OPERATIONS,Ninth Air Force,,Italy,,"B-25, B-24",0,0,0,"EASTERN MEDITERRANEAN (Ninth Air Force) In Italy, B-24's attack Naples harbor. AA is intense and fighters attack B-24's from all sides, knocking 1 down. The B-24's claim destruction of 3 fighters. In Tunisia, B-25's attack motor transport and concentrations N of Sfax as Allied ground troops push toward Sousse. HQ 340th Bombardment Group (Medium) and it's 486th and 487th Bombardment Squadrons (Medium) with B-25C's transfer from El Kabrit, Egypt to Medenine, Tunisia."
EVT_19430411_00101,1943-04-11,1943,4,MTO,MEDITERRANEAN THEATER OF OPERATIONS,Eleventh Air Force,,Sardinia,,"WELLINGTON, B-26, P-38, B-25, B-17",0,0,0,"WESTERN MEDITERRANEAN (Northwest African Air Force) In Sardinia during the night of 10/11 Apr, Wellingtons bomb airfields at Decimomannu and Monserrato. In Sicily, B-17's strike the harbors of Marsala and Trapani. In Tunisia, P-38's carry out fighter sweeps and reconnaissance flights, claiming numerous aircraft shot down, including 21 transports destroyed between Cap Bon and Marsala. B-26's bomb Oudna Airfield, B-25's hit Sainte-Marie du Zit Airfield, and B-17's strike the harbor of Tunis. Fighter-bombers and light bombers blast trucks S of the Enfidaville road, trucks E of Kairouan, the Sousse docks, and numerous other targets in the NE quarter of Tunisia."
EVT_19430412_00109,1943-04-12,1943,4,MTO,MEDITERRANEAN THEATER OF OPERATIONS,Ninth Air Force,,Italy,,B-24,0,0,0,"EASTERN MEDITERRANEAN (Ninth Air Force) In Italy, B-24's of the 376th Bombardment Group (Heavy) sent to attack Naples harbor, are prevented by bad weather from bombing the primary target. About half return without bombing while the others hit Cosenza and Crotone. Other heavy bombers of the same group, in a subsequent mission, bomb Naples and the secondary target of Pizzo. In Sicily, RAF Liberators, under operational control of the IX Bomber Command, are dispatched against Palermo. The primary target is attacked, in spite of total cloud cover, but most of bomb tonnage is dropped in Messina, Italy harbor. In ground action in Tunisia, the British 10 Corps captures Sousse and heads north."
EVT_19430412_00110,1943-04-12,1943,4,MTO,MEDITERRANEAN THEATER OF OPERATIONS,Eighth Air Force,,Sicily,,"SPITFIRE, A-20, P-51, P-39, B-25, B-17",0,0,0,"WESTERN MEDITERRANEAN (Northwest African Air Force) In Sicily, B-17's bomb the harbor at Trapani and hit shipping in the Straits of Sicily. In Tunisia, B-17's bomb the harbor at Bizerte. B-25's and A-20's bomb airfields at Oudna and Sainte-Made du Zit. Aircraft of tactical units hit enemy movements and fly sweep and reconnaissance throughout NE Tunisia following the attack during the night of 11/12 Apr by British aircraft, mainly in the Enfidaville, Zaghouan, and Bou Ficha areas. HQ 31st Fighter Group and it's 307th, 308th and 309th Fighter Squadrons with Spitfires transfer from Djilma, Tunisia to Le Sers, Tunisia. HQ 33d Fighter Group and it's 59th and 60th Fighter Squadrons with P- 40's transfer from Berteaux, Algeria to Ebba Ksour, Tunisia. The 59th has been operating from Thelepte, Tunisia since 20 Mar. The 2d, 4th and 5th Fighter Squadrons, 52d Fighter Group with Spitfires transfer from Youks-les-Bains, Algeria to Le Sers, Tunisia. The 154th Observation Squadron, 68th Observation Group with P-39's and P-51's transfers from Sbeitla, Tunisia to Le Sers, Tunisia."
EVT_19430414_00123,1943-04-14,1943,4,MTO,MEDITERRANEAN THEATER OF OPERATIONS,Ninth Air Force,,Tunisia,,P-40,0,0,0,"EASTERN MEDITERRANEAN (Ninth Air Force) In Tunisia, P-40's fly convoy escort, and carry out fighter sweeps over the battle area as the British Eighth Army's 10 Corps continues to make quick jabs at positions at Enfidaville. These attempts to force an enemy retreat are unsuccessful. The 314th, 315th and 316th Fighter Squadrons, 324th Fighter Group with P-40's transfer from Libya to Tunisia."
EVT_19430414_00124,1943-04-14,1943,4,MTO,MEDITERRANEAN THEATER OF OPERATIONS,,,Sardinia,,"A-20, P-38, B-17",0,0,0,"WESTERN MEDITERRANEAN (Northwest African Air Force) In Sardinia, B-17's bomb the Elmas and Monserrato Airfields. In Tunisia during the night of 13/14 Apr, Northwest African Tactical Air Force (NATAF) Hurricanes and Blenheims bomb La Sebala Airfield and attack transport on the Tunis-Pont-du-Fahs road, and Western Desert Air Force (WDAF) light and medium bombers hit the Airfields at Sainte-Marie du Zit and Korba. During the day, B-17's bomb El Aouina Airfield. P-38's escort the heavy bombers and fly a bombing and strafing mission against a beached vessel SE of Cape Zebib. A-20's bomb Bordj Toum. Fighter-bombers hit a motor convoy near Grich el Oued and trucks NE of Dechret Ben Saidane and a battery E of Djedeida. Fighters fly reconnaissance and sweeps throughout the Tunisian battle area. Northwest African Coastal Air Force (NACAF) planes maintain sea reconnaissance and patrols. HQ 52d Fighter Group transfers from Youks-les-Bains, Algeria to Le Sers, Tunisia. The 441st, 442d and 444th Bombardment Squadrons (Medium), 320th Bombardment Group (Medium) with B-26B's transfer from Tafaraoui, Algeria to Montesquieu, Algeria."
EVT_19430415_00128,1943-04-15,1943,4,MTO,MEDITERRANEAN THEATER OF OPERATIONS,Ninth Air Force,,Italy,,"B-25, P-40, B-24",0,0,0,"EASTERN MEDITERRANEAN (Ninth Air Force) In Italy, RAF Liberators, under operational control of the IX Bomber Command, hit Naples and Messina. In Sicily, B-24's attack Catania and Palermo. In Tunisia, B-25's hit the airfield and area near a fuel dump at Sainte-Marie du Zit. P-40's fly reconnaissance and sea patrol. HQ 12th Bombardment Group (Medium) transfers from Medenine, Tunisia to Sfax, Tunisia. The 515th Bombardment Squadron (Heavy), 376th Bombardment Group (Heavy) with B-24D's transfers from Soluch, Libya to Bengasi, Libya."
EVT_19430416_00136,1943-04-16,1943,4,MTO,MEDITERRANEAN THEATER OF OPERATIONS,Ninth Air Force,,Sicily,,"B-25, B-24",0,0,0,"EASTERN MEDITERRANEAN (Ninth Air Force) In Sicily, B-24's attack a tanker in Catania harbor, scoring several hits on the target and in surrounding areas. In Tunisia, fighters fly sea patrol. The British Eighth Army abandons their attempts to force a German retreat from Enfidaville by quick jabs and prepares to launch a full-scale assault during the night of 19/20 Apr. The 83d Bombardment Squadron (Medium), 12th Bombardment Group (Medium) and 488th Bombardment Squadron (Medium), 340th Bombardment Group (Medium), both with B-25's, transfer from Medenine, Tunisia to Sfax, Tunisia. The 512th and 513th Bombardment Squadrons (Heavy), 376th Bombardment Group (Heavy) with B-24's transfer from Soluch, Libya to Bengasi, Libya;."
EVT_19430417_00143,1943-04-17,1943,4,MTO,MEDITERRANEAN THEATER OF OPERATIONS,Ninth Air Force,,Sicily,,"B-25, P-40, B-24",0,0,0,"EASTERN MEDITERRANEAN (Ninth Air Force) In Sicily, B-24's (including Liberator Mk II's of the RAF 178 Squadron, under operational control of the IX Bomber Command) bomb Catania. In Tunisia, P-40's fly sweeps, sea patrol, and fighter-bomber missions. HQ 340th Bombardment Group (Medium) and it's 486th and 487th Bombardment Squadrons (Medium) with B-25's and the 434th Bombardment Squadron (Medium), 12th Bombardment Group (Medium) with B-25's transfer from Medenine, Tunisia to Sfax, Tunisia."
EVT_19430417_00144,1943-04-17,1943,4,MTO,MEDITERRANEAN THEATER OF OPERATIONS,Eighth Air Force,,Sicily,,"WELLINGTON, A-20, B-25, B-17",0,0,0,"WESTERN MEDITERRANEAN (Northwest African Air Force) In Sicily, B-17's bomb shipping and docks at Palermo. In Tunisia during the night of 16/17 April, Northwest African Strategic Air Force (NASAF) Wellington's bomb the N quay in Bizerte harbor. Shortly after noon, B-17's bomb shipping and docks at Ferryville. B-25's hit  the town area and marshaling yard at Mateur. Fighters provide escort. Northwest African Tactical Air Force (NATAF) Blenheims bomb La Sebala Airfield and A-20's hit Ksar Tyr and concentrations NE of Grich el Oued. Fighters fly escort and reconnaissance missions. Northwest African Coastal Air Force (NACAF) airplanes fly sea patrol and reconnaissance and attack shipping in the Strait of Sicily."
EVT_19430418_00150,1943-04-18,1943,4,MTO,MEDITERRANEAN THEATER OF OPERATIONS,Ninth Air Force,,,,"B-25, SPITFIRE, P-40, B-24",0,0,0,"EASTERN MEDITERRANEAN (Ninth Air Force) Off Cap Bon, 46 P-40F's of the 57th Fighter Group's three squadrons (64th, 65th and 66th Fighter Squadrons) and the attached 314th Fighter Squadron, 324th Fighter Group, plus 11 Spitfires of the RAF 92 Squadron flying top cover, take off to patrol. At approximately 1800 hours, they spot 2 Bf 109's and an armada of 65 Ju 52/3m transports heading back to Sicily for more supplies. The transports are in three great vees, covered by 16 Bf 109's and Mc 202's and 5 Bf 110's. The 64th Fighter Squadron and the RAF Spitfires stay high; the remaining 3 squadrons of P-40's attack the Luftwaffe formation and down 24 Ju 53/3m's and 16 fighters; another 35 Ju 52/3m's crash along the coast. In Sicily, B-24's attack Catania. In Tunisia, P-40's fly sweeps, armored reconnaissance, escort, and fighter-bomber missions. B-25's hit landing grounds."
EVT_19430418_00151,1943-04-18,1943,4,MTO,MEDITERRANEAN THEATER OF OPERATIONS,Seventh Air Force,,Tunisia,,"WELLINGTON, P-38, BEAUFIGHTER, B-25, B-17",0,0,0,"WESTERN MEDITERRANEAN (Northwest African Air Force) In Tunisia during the night of 17/18 Ap, RAF Wellingtons bomb the Tunis docks and marshaling yard. Northwest African Tactical Air Force (NATAF) Blenheims hit the La Marsa landing ground while fighter fly reconnaissance and scramble missions. Northwest African Coastal Air Force (NACAF) fighters fly reconnaissance and patrols, attacking vessels, troop columns, and truck in the Tunisian coastal area, In Sicily, over 75 B-17's, escorted by P-38's, attack Boccadifalco Airfield and the Palermo Marshaling Yard. In Sardinia, B-25's, escorted by P-38's, hit the Alghero-Fertilia Airfield and shipping at Porto Torres while Beaufighters attack the Decimomannu Airfield."
EVT_19430419_00156,1943-04-19,1943,4,MTO,MEDITERRANEAN THEATER OF OPERATIONS,Ninth Air Force,,Tunisia,,"P-40, B-25",0,0,0,"EASTERN MEDITERRANEAN (Ninth Air Force) In Tunisia, B-25's hit landing grounds and defensive positions, and P-40's escort bombers and fly fighter sweeps as the British Eighth Army opens an assault on Enfidaville positions."
EVT_19430419_00157,1943-04-19,1943,4,MTO,MEDITERRANEAN THEATER OF OPERATIONS,NATAF,,Tunisia,,"B-25, B-17",0,0,0,"WESTERN MEDITERRANEAN (Northwest African Air Force) In Tunisia during the night of 18/19 Apr, Northwest African Tactical Air Force (NATAF) Blenheims bomb La Marsa landing ground and roads nearby, and attack activity on beach at Reyville. During the day, Northwest African Strategic Air Force (NASAF) B-17's bomb shipping at Tunis. B-25's and A -20's raid the La Sebala Airfield. Fighter-bombers attack tanks in the battle area. Northwest African Coastal Air Force (NACAF) maintains sea reconnaissance and patrols as far as Sardinia and sea approaches to Naples. NAAF aircraft claim over 100 aircraft destroyed during the day."
EVT_19430420_00163,1943-04-20,1943,4,MTO,MEDITERRANEAN THEATER OF OPERATIONS,Ninth Air Force,,Tunisia,,P-40,0,0,0,"EASTERN MEDITERRANEAN (Ninth Air Force) In Tunisia, P-40's fly sweeps, reconnaissance, and fighter-bomber missions as British ground forces take Enfidaville E and push N. Forces on the left are checked by stubborn enemy resistance at Djebel Garci."
EVT_19430420_00164,1943-04-20,1943,4,MTO,MEDITERRANEAN THEATER OF OPERATIONS,NASAF,,Tunisia,,"B-25, B-17",0,0,0,"WESTERN MEDITERRANEAN (Northwest African Air Force) In Tunisia, Northwest African Strategic Air Force (NASAF) B-17's and B-25's bomb the landing grounds of Mabtouha, La Marsa, La Sebala, Sidi Ahmed, Creteville, and near Protville. Northwest African Tactical Air Force (NATAF) fighters fly escort, carry out reconnaissance, and attack various Tunisian airfields. The Northwest African Coastal Air Force (NACAF) continues sea patrols and reconnaissance as far-reaching as the approaches to Naples, Italy."
EVT_19430421_00169,1943-04-21,1943,4,MTO,MEDITERRANEAN THEATER OF OPERATIONS,Eleventh Air Force,,Tunisia,,"P-39, A-20",0,0,0,"WESTERN MEDITERRANEAN (Northwest African Air Force) In Tunisia, weather prevents completion of any missions by the Northwest African Strategic Air Force (NASAF). Northwest African Tactical Air Force (NATAF) fighters and A-20's hit landing grounds and military traffic on roads, fly sweeps and armed reconnaissance, and attack ground forces and aircraft in the Medjez el Bab-Goubellat area where an enemy counterattack by armored and infantry columns during the night of 20/21 Apr ends in costly failure. The 346th and 347th Fighter Squadrons, 350th Fighter Group with P-39's swap bases; the 346th moves from La Senia, Algeria to Orleansville, Algeria; the 347th moves from Orleansville to Le Sers, Tunisia."
EVT_19430422_00172,1943-04-22,1943,4,MTO,MEDITERRANEAN THEATER OF OPERATIONS,Ninth Air Force,,Tunisia,,P-40,0,0,0,"EASTERN MEDITERRANEAN (Ninth Air Force) In Tunisia, P-40's fly fighter sweeps over the battle area along the Gulf of Hammamet."
EVT_19430422_00173,1943-04-22,1943,4,MTO,MEDITERRANEAN THEATER OF OPERATIONS,NASAF,,Tunisia,,"B-26, A-20",0,0,0,"WESTERN MEDITERRANEAN (Northwest African Air Force) In Tunisia, Northwest African Strategic Air Force (NASAF) B-26's bomb 2 landing grounds near Protville. Northwest African Tactical Air Force (NATAF) fighters and A-20's fly sweeps, reconnaissance, and patrols and attack positions at Djebel el Ahmera (Longstop Ridge), Sidi Nsir, Djebel el Ajred (Bald Hill), and other points as the British First Army's 5 Corps launches the start of the final phase of the assault on Tunis and Bizerte, attacking on a front N and S of Medjez el Bab. In Italy, B-26's hit the harbor at Carloforte on San Pietro Island."
EVT_19430423_00180,1943-04-23,1943,4,MTO,MEDITERRANEAN THEATER OF OPERATIONS,Ninth Air Force,,Tunisia,,"P-40, B-25",0,0,0,"EASTERN MEDITERRANEAN (Ninth Air Force) In Tunisia, B-25's attack a landing ground, troops, and artillery N of Enfidaville. P-40's fly escort, sweeps, and fighter-bomber missions in the battle area."
EVT_19430423_00181,1943-04-23,1943,4,MTO,MEDITERRANEAN THEATER OF OPERATIONS,NASAF,,Tunisia,,"B-17, B-26, B-25, A-20",0,0,0,"WESTERN MEDITERRANEAN (Northwest African Air Force) In Tunisia, Northwest African Strategic Air Force (NASAF) B-25's and B-26's bomb vehicles and the railroad at Mateur, the Mateur-Bedja road and Arbatax harbor in Italy. Northwest African Tactical Air Force (NATAF) fighters, A-20's, and medium bombers carry out a large number of missions against positions in NE Tunisia and particularly along the battleline area from near Pont-du-Fahs N to the Mediterranean as the US II Corps begins a drive on Bizerte in the Jefna-Sidi Meftah area. In the Mediterranean, B-17's attack vessels N of Sicily."
EVT_19430424_00188,1943-04-24,1943,4,MTO,MEDITERRANEAN THEATER OF OPERATIONS,NASAF,,Tunisia,,"WELLINGTON, P-40",0,0,0,"WESTERN MEDITERRANEAN (Northwest African Air Force) In Tunisia, Northwest African Strategic Air Force (NASAF) Wellingtons bomb the N quay at Bizerte harbor during the night of 23/24 Apr. Bad weather the following morning cancels NASAF operations. Northwest African Tactical Air Force (NATAF) fighters, although hampered by bad weather, attack guns, troops, and trucks in the battle area from Pont-du-Fahs N to the sea. Fierce ground fighting continues in the Jefna area. The 99th Fighter Squadron, Twelfth Air Force with P-40's arrives at Casablanca, French Morocco from the U.S. The 99th is the first black USAAF unit to serve overseas."
EVT_19430425_00192,1943-04-25,1943,4,MTO,MEDITERRANEAN THEATER OF OPERATIONS,Ninth Air Force,,Tunisia,,"P-40, B-25",0,0,0,"EASTERN MEDITERRANEAN (Ninth Air Force) In Tunisia, B-25's attack landings grounds, concentrations, and vehicles N and NW of Enfidaville. P-40's escort bombers and fly fighter sweeps over the battle area."
EVT_19430425_00193,1943-04-25,1943,4,MTO,MEDITERRANEAN THEATER OF OPERATIONS,NASAF,,Tunisia,,"B-17, A-20",0,0,0,"WESTERN MEDITERRANEAN (Northwest African Air Force) In Tunisia, weather prevents Northwest African Strategic Air Force (NASAF) bombing missions. Northwest African Tactical Air Force (NATAF) fighters attack positions and vehicles in the battle area. A-20's and medium bombers bomb the S landing ground at Soliman, positions NW of Enfidaville, and several other points in the battle area as Allied ground forces continue their advance on Bizerte and Tunis. HQ 2d Bombardment Group (Heavy) and it's 20th, 49th, and 96th Bombardment Squadrons (Heavy) with B-17's arrive at Navarin, Algeria from the US. HQ 319th Bombardment Group (Medium) and it's 437, and 438th, 439th and 440th Bombardment Squadrons (Medium) with B-26B's transfer from Oujda, French Morocco to Rabat Sale, French Morocco. The group has been undergoing reorganization and training since Feb 43."
EVT_19430427_00198,1943-04-27,1943,4,MTO,MEDITERRANEAN THEATER OF OPERATIONS,Ninth Air Force,,Tunisia,,P-40,0,0,0,"EASTERN MEDITERRANEAN (Ninth Air Force) In Tunisia, P-40's bomb and strafe concentrations N and NW of Enfidaville."
EVT_19430427_00199,1943-04-27,1943,4,MTO,MEDITERRANEAN THEATER OF OPERATIONS,NASAF,,Sardinia,,"A-20, P-38, B-25, B-17",0,0,0,"WESTERN MEDITERRANEAN (Northwest African Air Force) In Sardinia, Northwest African Strategic Air Force (NASAF) B-17's, with P-38 escort, bomb Villacidro Airfield. In Tunisia, NASAF B-25's hit shipping W of Zembra Island off Cap Bon. Northwest African Tactical Air Force (NATAF) planes (fighters, A-20's, and medium bombers) hit numerous tactical targets in NE Tunisia, including Sidi Ahmed Airfield and troops, tank, trucks, and gun positions at Massicault, on the Pont-du-Fahs road, Ksar Tyr, Bir Meherga, and other points along the battleline. HQ 2d Bombardment Group (Heavy) and it's 20th, 49th and 96th Bombardment Squadrons (Heavy) with B-17's transfer from Navarin, Algeria to Chateaudun-du-Rhumel, Algeria. The Group's fourth squadron, the 429th Bombardment Squadron (Heavy), arrives at Chateaudun-du-Rhumel from the US today. The group will fly it's first combat mission tomorrow."
EVT_19430428_00205,1943-04-28,1943,4,MTO,MEDITERRANEAN THEATER OF OPERATIONS,NASAF,,Tunisia,,"B-26, P-38, B-25",0,0,0,"WESTERN MEDITERRANEAN (Northwest African Air Force) In Tunisia, Northwest African Strategic Air Force (NASAF) B-25's and P-38's attack 2 vessels off NE Tunisia in the Straits of Sicily. Other B-25's hit Tunis shipping while B-26's bomb the landing grounds at Mabouban and Mabtouha. Northwest African Tactical Air Force (NATAF) aircraft bomb concentrations near Saint-Cyprien and Ksar Tyr, shipping off Tunis, and numerous positions and vehicles along the Tunisian battleline and surrounding areas as the US 9th Infantry Division continues W astride the Sedjenane River and the 1st and 34th Infantry Divisions continue to face fierce opposition S of Jefna in Sidi Meftah area."
EVT_19430430_00212,1943-04-30,1943,4,MTO,MEDITERRANEAN THEATER OF OPERATIONS,NASAF,,Tunisia,,"B-26, P-38, A-20",0,0,0,"WESTERN MEDITERRANEAN (Northwest African Air Force) In Tunisia, Northwest Strategic Air Force (NASAF) B-26's and P-38's hit shipping off Tunisia while B-26's strike shipping near Cap Bon and the Tunis-Medjez el Bab highway. Northwest African Tactical Air Force (NATAF) fighters, A-20's, and medium bombers, hit positions near Mateur, Bir Meherga, and Ksar Tyr, concentrations near Furna, shipping in the Gulf of Tunis and near Cap Bon, and attack isolated vehicles and troops along the battleline as the US II Corps makes substantial gains in the Jefna area. The 97th Bombardment Squadron (Light), 47th Bombardment Group (Light) with A-20's transfers from Thelepte, Tunisia to Souk-el-Arba, Tunisia."
EVT_19430805_00914,1943-08-05,1943,8,MTO,MEDITERRANEAN THEATER OF OPERATIONS,NATAF,,Sicily,,"P-40, SPITFIRE, P-39, B-25, B-17",0,0,0,"WESTERN MEDITERRANEAN (Northwest African Air Force): In Sicily, Northwest African Tactical Air Force (NATAF) fighters and light and medium bombers attack troops, roads, and gun positions at Adrano and Troina and surround- ing areas in support of Allied ground forces, hit motor transport behind enemy lines in Sicily and on the toe of Italy, and sink or damage over 20 small vessels and barges at Milazzo and in the Straits of Messina; and Northwest African Strategic Air Force (NASAF) B-17's, operating in 2 forces, hit the docks and railroad yards at Messina. B-25's bomb a switching station at Guspini, Sardinia, and P-40's, after escorting the B-25's, attack and probably sink a U-boat off SW Sardinia. On the ground in Sicily, US forces open an assault on the San Fratello ridge, and further inland gain positions overlooking Troina. The enemy withdraws from the town during the night. The British 13 Corps overruns Paterno, Misterbianco, and Catania; the British 30 Corps continues toward Adrano. HQ 310th Bombardment Group (Medium) and it's 379th, 380th, 381st and 428th Bombardment Squadrons (Medium) transfer with B-25's from Dar el Koudia to Menzel Temime, Tunisia. The 91st Fighter Squadron, 81st Fighter Group, transfers with P-39's from Sfax to Sidi Ahmed, Tunisia. The 309th Fighter Squadron, 31st Fighter Group, transfers with Spitfires from Agrigento to Termini, Sicily. The 346th and 416th Bombardment Squadrons (Heavy), 99th Bombardment Group (Heavy), transfer from Navarin, Algeria to Oudna, Tunisia with B-17's."
EVT_19430823_01021,1943-08-23,1943,8,MTO,MEDITERRANEAN THEATER OF OPERATIONS,Ninth Air Force,,Italy,,"P-40, SPITFIRE, B-26, P-39, B-24",0,0,0,"EASTERN MEDITERRANEAN (Ninth Air Force): B-24's hit a marshalling yard at Bari, Italy. WESTERN MEDITERRANEAN (Northwest African Air Force): Northwest African Strategic Air Force (NASAF) B-26's bomb the Battipaglia, Italy marshalling yard. Fighter-bombers hit factory and barracks near Cagliari, Sardinia. Northwest African Tactical Air Force (NATAF) P-40's and A-36's escort NASAF B-26's, and Spitfires fly uneventful tactical reconnaissance over NE Sicily and the toe of Italy. HQ 313th Troop Carrier Group transfers from Kairouan, Tunisia to Sciacca, Sicily. The 93d Fighter Squadron, 81st Fighter Group, transfers from Monastir to Sidi Ahmed, Tunisia with P-39's."
EVT_19430824_01027,1943-08-24,1943,8,MTO,MEDITERRANEAN THEATER OF OPERATIONS,NATAF,VIII Bomber Command,Italy,,,0,0,0,"WESTERN MEDITERRANEAN (Northwest African Air Force): In Italy, Northwest African Tactical Air Force (NATAF) fighter-bombers hit a railroad tunnel and cruiser offshore at Sibari, tracks and buildings at Castrovillari, and the town area at Sibari; and Royal Air Force (RAF) Desert Air Force air- planes strafe motor transport N of Reggio di Calabria and provide withdrawal cover for the NATAF fighter-bombers. HQ 314th Troop Carrier Group transfers from Kairouan, Tunisia to Castel- vetrano, Sicily."
EVT_19421202_01597,1942-12-02,1942,12,MTO,MEDITERRANEAN THEATER OF OPERATIONS,Twelfth Air Force,,Tunisia,,"B-26, P-38, B-25, B-17",0,0,0,"WESTERN MEDITERRANEAN (Twelfth Air Force): In Tunisia, DB-7s and B-26s bomb the El Aouina Airfield; B-17s hit the Sidi Ahmed Airfield and Bizerte harbor; and B-25s attack AA guns near the Gabes Airfield.  P-38s provide escort and fly reconnaissance missions and sweeps, claiming eight aircraft and one tank destroyed.  The British First Army withstands another German counterattack on Tebourba. Headquarters 320th Bombardment Group (Medium) is established at La Senia, Algeria upon arrival from England."
EVT_19421203_01603,1942-12-03,1942,12,MTO,MEDITERRANEAN THEATER OF OPERATIONS,Twelfth Air Force,,Tunisia,,"SPITFIRE, P-38, B-17",0,0,0,"WESTERN MEDITERRANEAN (Twelfth Air Force): In Tunisia, B-17s of the 97th Bombardment Group (Heavy) hit the docks and shipping at Bizerte harbor; radar warned the Germans of the approach of the bombers and Bf 109s jumped the escorting P-38s shooting down three with two more missing; two Bf 109s are shot down.  DB-7s, with P-38s as escort, bomb the El Aouina Airfield. Spitfires and P-38s fly patrols and photographic reconnaissance over wide areas of Northwest Africa, and carry out fighter sweeps during which several ground targets, including the Gabes, Tunisia Airfield, are attacked. The British First Army withdraws from Tebourba as German forces, through continuous attacks, occupy the city during the night of 3/4 Dec."
EVT_19421204_01610,1942-12-04,1942,12,MTO,MEDITERRANEAN THEATER OF OPERATIONS,Twelfth Air Force,,Tunisia,,"B-26, P-38, B-17",0,0,0,"WESTERN MEDITERRANEAN (Twelfth Air Force): In Tunisia, B-17s bomb shipping and docks at Bizerte while B-26s, with fighter escort, attack the same target a half hour later.  B-17s, F-4s and P-38s fly reconnaissance, while other P-38s attack vehicles and troop concentrations, mainly in the Gabes and Sfax areas."
EVT_19421205_01615,1942-12-05,1942,12,MTO,MEDITERRANEAN THEATER OF OPERATIONS,Twelfth Air Force,,Tunisia,,"P-38, B-25, B-17",0,0,0,"WESTERN MEDITERRANEAN (Twelfth Air Force): In Tunisia, B-17s bomb the docks and shipping at Tunis; B-25s hit the Sidi Ahmed Airfield; and DB-7s follow shortly with a raid on Sidi Ahmed while another small force of DB-7s hits Faid.  Each raid is escorted by P-38s. P-38s fly reconnaissance over wide areas of Tunisia, a B-17 photographs the Sousse-Sfax-Gabes, Tunisia area while an F-4 flies photographic reconnaissance over southern Sardinia"
EVT_19421206_01623,1942-12-06,1942,12,MTO,MEDITERRANEAN THEATER OF OPERATIONS,Twelfth Air Force,,Tunisia,,"P-38, B-17",0,0,0,"WESTERN MEDITERRANEAN (Twelfth Air Force): In Tunisia, DB-7s, with fighter escort, bomb the bridge over the Medjerda River at El Bathan. P-38s and F-4s fly patrols and reconnaissance missions over parts of Algeria and Tunisia. In ground fighting in Tunisia, a German attack penetrates positions of the US 1st Armored Division, which is operating with the British First Army, on the El Guettar Mountains. HQ, 15th Photographic Mapping Squadron, 3d Photographic Group with B-17s and F-4s arrives at La Senia, Algeria from England.  ""A"" Flight has been operating from Algeria since 18 Nov; ""B"" and ""C"" Flights remain in the US until Jan 44."
EVT_19421207_01629,1942-12-07,1942,12,MTO,MEDITERRANEAN THEATER OF OPERATIONS,Twelfth Air Force,,Tunisia,,"P-40, P-38, B-24, B-17",0,0,0,"WESTERN MEDITERRANEAN (Twelfth Air Force): In Tunisia, B-17s, escorted by P-38s, attack docks and shipping at Bizerte. Escorted DB-7s attack tanks in the Tebourba-El Bathan area where elements of the British First Army continue to be hard pressed.  Other DB-7s sent to bomb at La Hencha and Sousse abort because of bad weather. P-38s and P-40s fly numerous reconnaissance missions over the Sousse-Sfax-Gabes area and patrols over Oran, Algeria while B-17s and F-4s fly photographic reconnaissance over the Sousse-Sfax-Gabes area and the Tunis-Bizerte area. Ground fighting subsides as German attacks in the Tebourba area decrease in intensity. The air echelons of the 328th and 330th Bombardment Squadrons (Heavy), 93d Bombardment Group (Heavy), based in England with B-24s, begins operating from Tafaraoui, Algeria on TDY."
EVT_19421207_01638,1942-12-07,1942,12,MTO,MEDITERRANEAN THEATER OF OPERATIONS,Twelfth Air Force,,Algeria,,,0,0,0,"WESTERN MEDITERRANEAN (Twelfth Air Force): In Algeria, fighters of the 31st and 52d Fighter Groups patrol in the Oran-La Senia-Tafaraoui area.  Weather prevents operations of all bomber and fighter units in eastern Algeria. The British First Army receives permission to withdraw from areas west of Tebourba and east of Medjez el Bab to more favorable positions slightly to the west from which to prepare for the move on Tunis."
EVT_19421209_01650,1942-12-09,1942,12,MTO,MEDITERRANEAN THEATER OF OPERATIONS,Ninth Air Force,,,,P-40,0,0,0,"EASTERN MEDITERRANEAN (Ninth Air Force) P-40s of the 57th Fighter Group claim one enemy aircraft destroyed. WESTERN MEDITERRANEAN (Twelfth Air Force): Due to heavy rains and waterlogging of airfields, aerial activity in the Algeria-Tunisia area practically ceases. On the ground, Allied troops repulse another armored and infantry attack on Medjez el Bab.  During the night of 10/11 Dec, elements of the British 78 Division and the US 1st Armored Division begin a withdrawal to the Bedja area to refit.  The Americans sustain heavy loss of equipment as they withdraw. HQ 3d Photographic Group is established at La Senia, Algeria after transfer from England."
EVT_19421211_01658,1942-12-11,1942,12,MTO,MEDITERRANEAN THEATER OF OPERATIONS,Twelfth Air Force,,Morocco,,"SPITFIRE, P-38, B-25",0,0,0,"WESTERN MEDITERRANEAN (Twelfth Air Force): The Twelfth Air Force creates five area commands covering Northwest Africa from the west coast of Morocco to the east coast of Tunisia.  From west to east they are: Moroccan Composite Wing (Colonel Rosenham R Beam) Western Algerian Composite Wing (Colonel Lawrence P Hickey) Central Algerian Composite Wing (Colonel Paul L Williams) XII Bomber Command (Colonel Charles T Phillips) XII Fighter Command (Brigadier General Blackburn) In Tunisia, B-25s with fighter escort, attack the rail bridge at La Hencha while P-38s fly sea patrol off the north coast and over the Gulf of Tunis and reconnaissance over the Sousse region.  Spitfires sweep over Medjez el Bab and Bone."
EVT_19421212_01665,1942-12-12,1942,12,MTO,MEDITERRANEAN THEATER OF OPERATIONS,Twelfth Air Force,,Tunisia,,"P-40, B-26, P-38, B-17",0,0,0,"WESTERN MEDITERRANEAN (Twelfth Air Force): In Tunisia, B-17s, with P-38 escort, bomb the rail facilities and harbor area at Tunis; B-26s on a mission to bomb at Sousse or La Hencha abort due to very bad weather; and P-38s and P-40s fly widespread reconnaissance operations. HQ 64th Troop Carrier Group and its 16th, 17th and 35th Troop Carrier Squadrons, which have been operating from North Africa since Nov, are established at Blida, Algeria upon arrival from England."
EVT_19421213_01671,1942-12-13,1942,12,MTO,MEDITERRANEAN THEATER OF OPERATIONS,Twelfth Air Force,,Tunisia,,"C-47, P-40, SPITFIRE, B-26, P-38, B-24, B-25, B-17",0,0,0,"WESTERN MEDITERRANEAN (Twelfth Air Force): Over Tunisia, 15 B-17s of the 97th Bombardment Group (Heavy) hit the harbor and docks at Tunis. Over Bizerte, ten B-17s of the 301st Bombardment Group (Heavy) bomb the harbor and docks; they are followed shortly by 19 B-24s of the 93d Bombardment Group (Heavy), which are TDY from England, which attack the same targets.  Meanwhile, six B-25s of the 310th Bombardment Group (Medium) hit the harbor area at Sousse while B-26s blast a bridge north of Sfax; P-38s escort both missions.  Other P-38s attack several targets including vehicles north of Gabes and a schooner off Cape Dimasse. In other action, P-38s, P-40s and Spitfires fly reconnaissance and patrols over much of Northwest Africa and C-47s fly 17 transport missions between various points in Northwest Africa. The 380th Bombardment Squadron (Medium), 310th Bombardment Group (Medium) with B-25s, moves from Mediouna, French Morocco to Telergma, Algeria and flies its first combat mission."
EVT_19421214_01677,1942-12-14,1942,12,MTO,MEDITERRANEAN THEATER OF OPERATIONS,Twelfth Air Force,,Tunisia,,"C-47, P-40, P-38, A-20, B-24, B-17",0,0,0,"WESTERN MEDITERRANEAN (Twelfth Air Force): Over Tunisia, B-24s bomb the harbor and shipping at Bizerte while B-17s hit similar targets at Tunis.  DB-7s made two attacks on the marshaling yard at Sfax escorted by P-38s and P-40s.  P-38s attack vessels off the northern Tunisian coast, the road between Tunis and Bizerte, a train near Kerker, trucks near Chaaba, and El Djem, and a train near La Hencha.  P-40s fly sweeps; F-4s carry out photographic reconnaissance over areas of Tunisia; and C-47s fly 19 transport missions between various points in Northwest Africa. The 86th Bombardment Squadron (Light), 47th Bombardment Group (Light) with A-20s moves from Mediouna, French Morocco to Youks-les-Bains, Algeria and enters combat."
EVT_19421215_01682,1942-12-15,1942,12,MTO,MEDITERRANEAN THEATER OF OPERATIONS,Ninth Air Force,,Tunisia,,"B-25, P-40, B-24",0,0,0,"EASTERN MEDITERRANEAN (Ninth Air Force) Over Tunisia, nine B-24s of the 376th Bombardment Group (Heavy), opening the Ninth Air Force offensive against Tunisian ports, hit the railroad yard, repair shop, and roundhouse at Sfax dropping 72x500 pound bombs. Over Libya, B-25s and P-40s strike at retreating troops and vehicles between El Agheila and Merduma, as the New Zealand 2 Division drives to the coast in the Merduma area to obstruct the retreating Germans. Over Italy, Royal Air Force Liberators, operationally controlled by the IX Bomber Command, hit Naples harbor during the night of 15/16 Dec."
EVT_19421215_01683,1942-12-15,1942,12,MTO,MEDITERRANEAN THEATER OF OPERATIONS,Twelfth Air Force,,Tunisia,,"C-47, B-26, B-17",0,0,0,"WESTERN MEDITERRANEAN (Twelfth Air Force): Over Tunisia, B-26s attack El Aouina Airfield while B-17s bomb the harbor area and other B-17s hit the harbor at Bizerte.  F-4s fly several photographic reconnaissance missions over coastal Tunisia covering the area from Bizerte to Gabes; fighters fly routine patrols; and C-47s carry out numerous courier and transport missions in Northwest Africa."
EVT_19421216_01687,1942-12-16,1942,12,MTO,MEDITERRANEAN THEATER OF OPERATIONS,Twelfth Air Force,,Tunisia,,"C-47, P-38, A-20",0,0,0,"WESTERN MEDITERRANEAN (Twelfth Air Force): In Tunisia, DB-7s bomb the rail junction east of Mateur and hit the town area of Massicault and the nearby vehicle dispersal area; P-38s attack ships off the north coast scoring a hit on one vessel; other P-38s fly reconnaissance mission, exchanging ineffective fire with enemy aircraft; and the 86th Bombardment Squadron (Light), 47th Bombardment Group (Light) flies its first mission with A-20s. The 4th Troop Carrier Squadron, 62d Troop Carrier Group with C-47s moves from Tafaraoui, Algeria to Casablanca, French Morocco. The 18th Troop Carrier Squadron, 64th Troop Carrier Group establishes HQ at Blida, Algeria upon arrival from England.  The air echelon has been operating from Maison Blanche, Algeria since 11 Nov."
EVT_19421217_01694,1942-12-17,1942,12,MTO,MEDITERRANEAN THEATER OF OPERATIONS,Twelfth Air Force,,Algeria,,"SPITFIRE, B-26, P-38, A-20, B-25, B-17",0,0,0,"WESTERN MEDITERRANEAN (Twelfth Air Force): In Algeria, French Admiral Jean Darlan announces that French Fleet units at Alexandria, Dakar and North African ports are joining the Allies. In Tunisia, 36 B-17s hit the harbors and docks at Tunis and Bizerte, claiming damage to both targets and the destruction of one vessel and three aircraft at Tunis.  DB-7s and A-20s hit military installations north and west of Gabes Airfield and the landing ground near Sidi Tabet; B-25s and B-26s sent on a shipping raid in the Gulf of Tunis fail to find the target; and P-38s and Spitfires escort all bombing missions.  Other P-38s on a sea mission off the northern Tunisia coast engage German aircraft in combat, claiming one destroyed; other P-38s and F-4 fly reconnaissance over Tunisia."
EVT_19421218_01699,1942-12-18,1942,12,MTO,MEDITERRANEAN THEATER OF OPERATIONS,Ninth Air Force,,Libya,,"P-40, B-17",0,0,0,"EASTERN MEDITERRANEAN (Ninth Air Force) In Libya, P-40s fly reconnaissance and patrol as the British Eighth Army's lead division, the New Zealand 2 Division, clashes with the enemy rear guards at Nofilia. In Tunisia, B-17s hit shipping and harbor installations at Sousse while RAF Liberators, under the control of IX Bomber Command, follow with a raid on the same target during the night of 18/19 Dec."
EVT_19421218_01700,1942-12-18,1942,12,MTO,MEDITERRANEAN THEATER OF OPERATIONS,Twelfth Air Force,,Tunisia,,"P-40, B-26, P-38, B-17",0,0,0,"WESTERN MEDITERRANEAN (Twelfth Air Force): In Tunisia, 36 B-17s with 16 P-38s of the 1st Fighter Group as escort , hit Bizerte harbor and shipping offshore; a direct hit is scored on one vessel.  AA and attacks by fighters result in the loss of one B-17 and four P-38s; three enemy fights are destroyed and others damaged.  B-26s with P-38 escort attack the marshaling yard at Sousse, hitting the station, roundhouse and other buildings, tracks, and a train; heavy AA accounts for the loss of two B-26s.  DB-7s with fighter escort hit the landing ground and dispersal area near Mateur and attack the railroad yards in the town.  P-38s and P-40s fly reconnaissance missions and sweeps and attack ground targets, including a train north of Sfax and trucks near Sainte-Marie-du-Zit."
EVT_19421219_01705,1942-12-19,1942,12,MTO,MEDITERRANEAN THEATER OF OPERATIONS,Twelfth Air Force,,Tunisia,,A-20,0,0,0,"WESTERN MEDITERRANEAN (Twelfth Air Force): Rain curtails most aerial operations.  In Tunisia, A-20s and DB-7s, with fighter escort, hit the marshaling yard at Sfax. In Algeria, fighters fly routine patrols in the Oran area."
EVT_19421220_01713,1942-12-20,1942,12,MTO,MEDITERRANEAN THEATER OF OPERATIONS,Ninth Air Force,,Tunisia,,B-24,0,0,0,"EASTERN MEDITERRANEAN (Ninth Air Force) In Tunisia, B-24s sent to attack the harbor at Sousse abort the mission due to weather; three bombers hit a wrecked vessel north of Sfax."
EVT_19421220_01714,1942-12-20,1942,12,MTO,MEDITERRANEAN THEATER OF OPERATIONS,Twelfth Air Force,,Tunisia,,C-47,0,0,0,"WESTERN MEDITERRANEAN (Twelfth Air Force): In Tunisia, operations are severely curtailed as a result of heavy rains.  C-47s maintain transport and courier service while fighter fly reconnaissance and scramble missions."
EVT_19421221_01721,1942-12-21,1942,12,MTO,MEDITERRANEAN THEATER OF OPERATIONS,Ninth Air Force,,Tunisia,,B-24,0,0,0,"EASTERN MEDITERRANEAN (Ninth Air Force) In Tunisia, B-24s of the 93d Bombardment Group (Heavy) abort a mission against Sousse harbor due to weather.  Six RAF Liberators, under operational control of the IX Bomber Command, attack the harbor; results are not observed. In Libya, light forces of the British Eighth Army overtake the enemy rearguard at Sirte and are halted temporarily."
EVT_19421221_01722,1942-12-21,1942,12,MTO,MEDITERRANEAN THEATER OF OPERATIONS,Twelfth Air Force,,Tunisia,,"C-47, P-40, B-26, P-38, B-25, B-17",0,0,0,"WESTERN MEDITERRANEAN (Twelfth Air Force): In Tunisia, weather prevents B-17s from bombing Sfax or the secondary target, Gabes.  P-40s destroy a tank and several cars and trucks with trailers in the Kairouan area; F-4s fly three photographic reconnaissance missions over the area between Bizerte and Gabes. In Algeria, P-38s scramble over Youks-les-Bains and shoot down two Ju 88s and C-47s continue transport and courier missions. HQ 17th Bombardment Group (Medium) and its 37th Bombardment Squadron (Medium) with B-26s is established at Telergma, Algeria upon arrival from the US. The 379th, 381st and 428th Bombardment Squadrons (Medium), 310th Bombardment Group (Medium) with B-25s moves from French Morocco to Telergma, Algeria."
EVT_19421222_01730,1942-12-22,1942,12,MTO,MEDITERRANEAN THEATER OF OPERATIONS,Ninth Air Force,,Tunisia,,B-24,0,0,0,"EASTERN MEDITERRANEAN (Ninth Air Force) In Tunisia, B-24s of the 93d Bombardment Group (Heavy) and RAF Liberators are dispatched agains the harbor at Sousse; only two bombers reach the target, the others are forced to return to base due to weather, but a few manage to bomb Monastir and the railroads at Mahdia."
EVT_19421222_01731,1942-12-22,1942,12,MTO,MEDITERRANEAN THEATER OF OPERATIONS,Twelfth Air Force,,Tunisia,,"P-40, B-26, B-17",0,0,0,"WESTERN MEDITERRANEAN (Twelfth Air Force): In Tunisia, a solid overcast prevents B-17s from bombing Bizerte or alternate targets of Sousse and Sfax.  P-40s shoot up a train in Kairouan and destroy trucks on the Sfax-Faid road.  F-4s continue reconnaissance bwteen Bizerte and the Gabes-Medenine area. On the ground, the British 5 Corps of the First Army renews the drive on Tunis.  2 Coldstream Guards attack Djebel el Ahmera (Longstop Hill) northeast of Medjez el Bab. The 432d Bombardment Squadron (Medium), 17th Bombardment Group (Medium) with B-26s establishes HQ at Telergma, Algeria upon arrival from the US."
EVT_19421223_01737,1942-12-23,1942,12,MTO,MEDITERRANEAN THEATER OF OPERATIONS,Twelfth Air Force,,Tunisia,,"SPITFIRE, B-26, P-38, B-17",0,0,0,"WESTERN MEDITERRANEAN (Twelfth Air Force): In Tunisia, total cloud cover causes B-17s, escorted by P-38s, to abort the bombing mission against Tunis and Bizerte Airfields. On the ground, elements of the US 1st Infantry Division, after relieving 2 Coldstream Guards on Djebel el Ahmera, are forced to withdraw by a German counterattack. In Algeria, Spitfires fly routine patrol over the Oran-Tafaraoui area. The 34th Bombardment Squadron (Medium), 17th Bombardment Group (Medium) with B-26s establishes HQ at Telergma, Algeria upon arrival from the US."
EVT_19421224_01744,1942-12-24,1942,12,MTO,MEDITERRANEAN THEATER OF OPERATIONS,Ninth Air Force,,Tunisia,,B-24,0,0,0,"EASTERN MEDITERRANEAN (Ninth Air Force) In Tunisia, B-24s sent to bomb Tunis abort due to weather. In Italy, B-24s attack the harbor at Naples during the night of 23/24 Dec; one aircraft bombs Taranto."
EVT_19421224_01745,1942-12-24,1942,12,MTO,MEDITERRANEAN THEATER OF OPERATIONS,Twelfth Air Force,,Algeria,,"P-40, B-26, P-38",0,0,0,"WESTERN MEDITERRANEAN (Twelfth Air Force): In Algeria, French Admiral Jean Darlan is assassinated in Algiers; General Henry Giraud becomes acting French ruler of African colonies. In Tunisia, four P-40s attack a bridge north of Gabes. During a conference with Lieutenant General Eisenhower, Lieutenant General Sir Kenneth A Anderson, Commanding General British First Army, decides to cease the attack on Tunis until after the rainy season.  On the ground, British forces retake positions on Djebel el Ahmera. HQ 33d Fighter Group transfers from French Morocco to Telergma, Algeria. HQ 95th Bombardment Squadron (Medium), 17th Bombardment Group (Medium) with B-26s is established at Telergma, Algeria upon arrival from the US. The squadron will enter combat on 30 Dec. HQ 95th, 96th and 97th Fighter Squadrons, 82d Fighter Group with P-38s is established at Tafaraoui, Algeria upon arrival from the UK.  The squadrons will enter combat tomorrow."
EVT_19421225_01752,1942-12-25,1942,12,MTO,MEDITERRANEAN THEATER OF OPERATIONS,Twelfth Air Force,,Tunisia,,"P-40, P-38",0,0,0,"WESTERN MEDITERRANEAN (Twelfth Air Force): In Tunisia, P-40s bomb a troop concentration at Sfax while P-38s sent to bomb a convoy off northern Tunisia fail to sight any ships. On the ground, the Germans retake Djebel el Ahmera. HQ 12th Photographic Reconnaissance Squadron, 3d Photographic Group with F-4s moves from French Morocco to Algiers, Algeria."
EVT_19421226_01759,1942-12-26,1942,12,MTO,MEDITERRANEAN THEATER OF OPERATIONS,Ninth Air Force,,Tunisia,,B-24,0,0,0,"EASTERN MEDITERRANEAN (Ninth Air Force) In Tunisia, B-24s are dispatched agains Tunis harbor during the night of 26/27 Dec; three hit the primary target while two others bomb Sousse and Sfax."
EVT_19421226_01760,1942-12-26,1942,12,MTO,MEDITERRANEAN THEATER OF OPERATIONS,Twelfth Air Force,,Tunisia,,"C-47, P-40, P-38, A-20, B-17",0,0,0,"WESTERN MEDITERRANEAN (Twelfth Air Force): In Tunisia, B-17s, with fighter escort, hit the harbor and shipping at Bizerte; heavy AA and fighter attacks account for two B-17s and two P-38s shot down; P-38s claim two Fw 190s destroyed.  Other B-17s, with P-40 escort, bomb the harbor and shipping at Sfax; three enemy vessels are claimed sunk.  P-38s on reconnaissance attack locomotives and motor vehicles south of Tunis and west of Sousse.  P-40s strafe barges off Sousse, destroying one of them, and strafe ground targets during reconnaissance over the Kairouan-Sousse-Kasserine area.  During the night of 26/27 Dec, C-47s drop a detachment of US paratroops at a bridge north of El Djem. HQ 27th Bombardment Group (Light) and its 16th, 17th and 91st Bombardment Squadrons (Light) with A-20s is established at Ste-Barbe-du-Tlelat, Algeria upon arrival from the US.  The group will enter combat on 6 Jun 43."
EVT_19421227_01766,1942-12-27,1942,12,MTO,MEDITERRANEAN THEATER OF OPERATIONS,Twelfth Air Force,,Tunisia,,"P-40, SPITFIRE, P-38, B-17",0,0,0,"WESTERN MEDITERRANEAN (Twelfth Air Force): In Tunisia, B-17s, escorted by P-38s, bomb the shipping and dock facilities at Sousse, damaging docks and warehouses and claiming direct hits on four vessels while P-38s and P-40s fly several reconnaissance missions. In Algeria, Spitfires patrol Oran and Bone. On the ground, the British First Army repels an attack in the Medjez el Bab area."
EVT_19421228_01772,1942-12-28,1942,12,MTO,MEDITERRANEAN THEATER OF OPERATIONS,Ninth Air Force,,Tunisia,,B-24,0,0,0,"EASTERN MEDITERRANEAN (Ninth Air Force) In Tunisia, during the night of 27/28 Dec and also during the day, B-24s, including RAF Liberators under IX Bomber Command operational control, bomb the harbor at Sousse, hitting vessels and dock installations. On the ground, British Army patrols reach a point east of Buerat, overlooking Wadi el Chebir, without opposition."
EVT_19421228_01773,1942-12-28,1942,12,MTO,MEDITERRANEAN THEATER OF OPERATIONS,Twelfth Air Force,,Tunisia,,"P-40, SPITFIRE, P-38, B-17",0,0,0,"WESTERN MEDITERRANEAN (Twelfth Air Force): In Tunisia, B-17s bomb the dock and harbor installations at Sousse. while P-38s fly escort; P-38s and P-40s on patrol and reconnaissance missions claim four enemy aircraft downed in combat and several vehicles destroyed at various points; and F-4s fly reconnaissance over the Tunis, Sousse and Sfax areas. In Algeria, Spitfires patrol the Oran and Bone areas."
EVT_19421229_01779,1942-12-29,1942,12,MTO,MEDITERRANEAN THEATER OF OPERATIONS,Ninth Air Force,,Tunisia,,B-24,0,0,0,"EASTERN MEDITERRANEAN (Ninth Air Force) In Tunisia, B-24s sent to bomb Tunis harbor during the night of 29/30 Dec find the target obscured by clouds and attack Sousse instead."
EVT_19421229_01780,1942-12-29,1942,12,MTO,MEDITERRANEAN THEATER OF OPERATIONS,Twelfth Air Force,,Tunisia,,"P-40, A-20, P-38, B-17",0,0,0,"WESTERN MEDITERRANEAN (Twelfth Air Force): In Tunisia, B-17s attack Sousse docks and harbor; P-38s provide escort. DB-7s and A-20 hit bridges at La Hencha while escorting P-40s strafe flatcars and a locomotive at Sainte-Juliette.  P-38s attack a tank depot southeast of Pont-du-Fahs; DB-7s and A-20s follow with an attack on the same target. P-38s and P-40s fly reconnaissance missions and patrols over wide areas of Algeria and Tunisia."
EVT_19421230_01787,1942-12-30,1942,12,MTO,MEDITERRANEAN THEATER OF OPERATIONS,Twelfth Air Force,,Tunisia,,"P-40, P-38, A-20, B-25, B-17",0,0,0,"WESTERN MEDITERRANEAN (Twelfth Air Force): In Tunisia, B-17s with P-38 escort, attack docks and the marshaling yard at Sfax; B-25s, escorted by P-38s, follow with an attack on the same marshaling yard.  DB-7s hit a troop concentration near Gabes, this attack being followed by an A-20 raid on the airfield.  During the afternoon, more DB-7s, with P-38 and P-40 escort, hit Gabes, concentrating on the airfield. A-20s hit a fuel dump at El Aouinet; on the return flight, escorting P-40s strafe near El Guettar.  P-40s and F-4s fly uneventful reconnaissance missions. In Libya, P-38s fly two reconnaissance missions to Tripoli, one flight destroying several truck on the return trip."
EVT_19421231_01793,1942-12-31,1942,12,MTO,MEDITERRANEAN THEATER OF OPERATIONS,Ninth Air Force,,Tunisia,,B-24,0,0,0,"EASTERN MEDITERRANEAN (Ninth Air Force) In Tunisia, B-24s, including RAF Liberators, bomb shipping and the dock area at Sfax with good results."
EVT_19421231_01794,1942-12-31,1942,12,MTO,MEDITERRANEAN THEATER OF OPERATIONS,Twelfth Air Force,,Tunisia,,"P-40, B-26, P-38, B-17",0,0,0,"WESTERN MEDITERRANEAN (Twelfth Air Force): In Tunisia, light bombers, with fighter escort, make two attacks on Sousse, bombing the railroad yards and docks.  Escorted B-17s hit the harbor area of Sfax while B-26s, with fighter escort, hit the airfield area at Gabes and shipping and rail bridges in the Bizerte-Tunis area.  P-38s and P-40s, flying reconnaissance, destroy several vehicles."
EVT_19431201_01807,1943-12-01,1943,12,OTHER,"STRATEGIC OPERATIONS (Fifteenth Air Force): In Italy, 100+ B-17's bomb the",Fifteenth Air Force,VIII Bomber Command,,,"B-26, P-38, B-24, B-17",1,0,0,"Turin ball bearing works and marshalling yard; escorting P-38's battle enemy fighters without either losses or victories; the B-17's claim 2 enemy fighters shot down; B-24's and other P-38's are recalled because of weather; B-26's, with fighter escort, attack bridges and railroad facilities at Aulla, Cecina, and Sestri Levante. HQ Fifteenth Air Force and 5th Bombardment Wing transfer from Tunis, Tunisia to Bari and Foggia, Italy, respectively."
EVT_19431201_01808,1943-12-01,1943,12,OTHER,TACTICAL OPERATIONS (Twelfth Air Force): B-25's bomb gun positions in the,Twelfth Air Force,VIII Bomber Command,,,SPITFIRE,0,0,0,"Sant' Ambrogio area; fighter-bombers, including some Royal Air Force (RAF), Royal Australian Air Force (RAAF) and South African Air Force (SAAF) aircraft, hit trucks, gun positions, and other military targets E of Casoli, at Lanciano, near Guardiagrele, W of Mignano, W of Minturno, and near Chieti. Several of these missions are in support of the US Fifth and British Eighth Armies. During the month of Dec 43, HQ XII Bomber Command transfers from Tunis, Tunisia to Bari, Italy. HQ 52d Fighter Group and it's 5th Fighter Squadron transfer from Boccadifalco and Bo Rizzo, Sicily respectively to Corsica with Spitfires."
EVT_19431202_01814,1943-12-02,1943,12,OTHER,"STRATEGIC OPERATIONS (Fifteenth Air Force): In Italy, B-24's, with fighter",Fifteenth Air Force,VIII Bomber Command,,,"B-26, B-17",0,0,0,"escort, bomb the town area, railroad bridge and marshalling yard at Bolzano; B-26's achieve excellent results in a raid on a bridge S of Orvieto and the marshalling yard at Arezzo. B-17's blast submarine pens at Marseilles, France. HQ 2d Bombardment Group (Heavy) transfers from Massicault to Bizerte, Tunisia."
EVT_19431205_01838,1943-12-05,1943,12,OTHER,STRATEGIC OPERATIONS (Fifteenth Air Force): The 37th and 95th Bombardment,Fifteenth Air Force,VIII Bomber Command,Tunisia,,B-26,0,0,0,"Squadrons (Medium), 17th Bombardment Group (Medium), transfer from Djedeida, Tunisia to Villacidro, Sardinia with B-26's."
EVT_19431209_01865,1943-12-09,1943,12,OTHER,STRATEGIC OPERATIONS (Fifteenth Air Force): P-38's carry out weather,Fifteenth Air Force,,,,"P-40, B-26, P-38, B-24, B-17",0,0,0,"reconnaissance over the Adriatic Sea; B-17's of the 2d and 99th Bombardment Groups (Heavy) are recalled because of weather; all groups of the 47th (B-24) and 42d (B-26) Bombardment Wings cancel operations. HQ 2d Bombardment Group (Heavy) and it's 429th Bombardment Squadron (Heavy) transfer from Bizerte, Tunisia to Amendola, Italy with B-17's. The 27th Fighter Squadron, 1st Fighter Group, transfers from Monserrato, Sardinia to Gioia del Colle, Italy with P-38's. The 318th and 319th Fighter Squadrons, 325th Fighter Group, transfer from Soliman, Tunisia to Foggia, Italy with P-40's. The 342d Bombardment Squadron (Heavy), 97th Bombardment Group (Heavy), transfers from Depienne, Tunisia to Cerignola, Italy with B-17's. The 352d Bombardment Squadron (Heavy), 301st Bombardment Group (Heavy), transfers from Oudna, Tunisia to Cerignola, Italy with B-17's."
EVT_19431211_01879,1943-12-11,1943,12,OTHER,STRATEGIC OPERATIONS (Fifteenth Air Force): All operations except weather,Fifteenth Air Force,VIII Bomber Command,Tunisia,,B-17,0,0,0,"reconnaissance are cancelled or recalled because of bad weather. HQ 99th Bombardment Group (Heavy) transfers from Oudna, Tunisia to Tortorella Airfield, Italy. HQ 325th Fighter Group transfers from Soliman, Tunisia to Foggia, Italy. The 32d Bombardment Squadron (Heavy), 301st Bombardment Group (Heavy), transfers from Oudna, Tunisia to Cerignola, Italy with B-17's. The 414th Bombardment Squadron (Heavy), 97th Bombardment Group (Heavy), transfers from Depienne, Tunisia to Cerignola, Italy with B-17's."
EVT_19431212_01888,1943-12-12,1943,12,OTHER,STRATEGIC OPERATIONS (Fifteenth Air Force): Operations are limited to,Fifteenth Air Force,VIII Bomber Command,Tunisia,,"P-38, B-17",0,0,0,"weather reconnaissance. HQ 14th Fighter Group and it's 37th Fighter Squadron transfer from Ste-Marie-du-Zit, Tunisia to Triolo Airfield, Italy with P-38's. The 341st Bombardment Squadron (Heavy), 97th Bombardment Group (Heavy), transfers from Depienne, Tunisia to Cerignola, Italy with B-17's."
EVT_19431213_01897,1943-12-13,1943,12,OTHER,STRATEGIC OPERATIONS (Fifteenth Air Force): Operations are restricted to,Fifteenth Air Force,VIII Bomber Command,Tunisia,,B-17,0,0,0,"weather reconnaissance. The 346th, 347th and 348th Bombardment Squadrons (Heavy), 99th Bombardment Group (Heavy), transfer from Oudna, Tunisia to Tortorella Airfield, Italy with B-17's."
EVT_19430202_02361,1943-02-02,1943,2,MTO,MEDITERRANEAN THEATER OF OPERATIONS,Twelfth Air Force,,Tunisia,,"P-40, B-26, A-20, P-39, B-25",0,0,0,"WESTERN MEDITERRANEAN (Twelfth Air Force): In Tunisia, B-25s and B-26s, in coordinated attacks, bomb El Maou Airfield at Sfax.  A-20s, with P-40s and P-39s escorting, bomb a munitions dump in the battle area.  Other fighters fly cover missions for ground forces along the battleline and carry out reconnaissance operations."
EVT_19430203_02366,1943-02-03,1943,2,MTO,MEDITERRANEAN THEATER OF OPERATIONS,Twelfth Air Force,,Tunisia,,"B-26, B-25, A-20",0,0,0,"WESTERN MEDITERRANEAN (Twelfth Air Force): In Tunisia, B-26s attack Gabes and vessels between Tunisia and Sicily. B-25s hit bridges over the river north of Maknassy, damaging the railroad bridge.  A-20s hit tanks and vehicles further north, and attack a large howitzer and numerous trucks east of Ousseltia. The 81st Bombardment Squadron (Medium), 12th Bombardment Group (Medium) with B-25s transfers from Tmed El Chel, Libya to Berteaux, Algeria.  These units are attached to the XII Air Support Command."
EVT_19430204_02373,1943-02-04,1943,2,MTO,MEDITERRANEAN THEATER OF OPERATIONS,Twelfth Air Force,,,,"C-47, B-17",0,0,0,"WESTERN MEDITERRANEAN (Twelfth Air Force): The North African Theater of Operations, US Army is established with Lieutenant General Dwight D. Eisenhower as commander.  (Also see European Theater of Operations above.) In Tunisia, B-17s hit Gabes Airfield and a landing ground west of the town.  Weather prevents completion of a medium bomber mission against a landing ground further southwest.  Fighters escort the bombers and C-47s and fly reconnaissance over the battle area."
EVT_19430205_02378,1943-02-05,1943,2,MTO,MEDITERRANEAN THEATER OF OPERATIONS,Twelfth Air Force,,Tunisia,,C-47,0,0,0,"WESTERN MEDITERRANEAN (Twelfth Air Force): In Tunisia, bad weather cancels heavy and medium bomber missions. Fighter fly reconnaissance missions (strafing trucks near Jabal Ash Shamsi), local patrols and escort for C-47s."
EVT_19430206_02384,1943-02-06,1943,2,MTO,MEDITERRANEAN THEATER OF OPERATIONS,Twelfth Air Force,XII Bomber Command,Tunisia,,"P-40, SPITFIRE, P-39",0,0,0,"WESTERN MEDITERRANEAN (Twelfth Air Force): In Tunisia, XII Bomber Command cancels missions because of weather. P-40s and P-39s fly reconnaissance and strafing missions between Sidi bou Zid and Sfax.  Spitfires escort transport and evacuation missions. The Luftwaffe attacks an Allied convoy between Oran and Algiers and badly damages some ships. The 308th and 309th Fighter Squadrons, 31st Fighter Group with Spitfire Mk Vs transfer from Tafaraoui, Algeria and La Senia, Algeria respectively to Thelepte, Tunisia."
EVT_19430208_02394,1943-02-08,1943,2,MTO,MEDITERRANEAN THEATER OF OPERATIONS,Ninth Air Force,,Italy,,"B-26, B-24, A-20, B-25, B-17",0,0,0,"EASTERN MEDITERRANEAN (Ninth Air Force) In Italy, B-24s attack ferry installations at Messina. WESTERN MEDITERRANEAN (Twelfth Air Force): In Tunisia, B-17s bomb the docks and shipping at Sousse; B-26s and B-25s bomb Gabes Airfield, also hitting the nearby marshalling yard.  Two forces of A-20s attack a vehicle and troop concentration east of Faid. Fighters escort the bomber missions, strafe the Sened-Maknassy area and the landing ground at Kebili, and fly routine reconnaissance and patrols. HQ 33d Fighter Group transfers from Thelepte, Tunisia to Youks-les- Bains, Algeria for R&R.  The group is short of pilots and has only 13 P-40Fs left after continuous combat since Nov 42.  The group's 3 squadrons, the 58th, 59th and 60th Fighter Squadrons, all transfer this week. HQ 97th Bombardment Group (Heavy) and its 340th and 341st Bombardment Squadrons (Heavy) with B-17s transfer from Biska, Algeria to Chateau-du- Rhumel, Algeria."
EVT_19430209_02399,1943-02-09,1943,2,MTO,MEDITERRANEAN THEATER OF OPERATIONS,Twelfth Air Force,,Tunisia,,B-17,0,0,0,"WESTERN MEDITERRANEAN (Twelfth Air Force): In Tunisia, B-17s bomb Kairouan Airfield.  Fighters strafe AA and machineguns and trucks in the Faid Pass, buildings near Mezzouna, trucks in the Station de Sened area, and fly escort and reconnaissance missions."
EVT_19430210_02405,1943-02-10,1943,2,MTO,MEDITERRANEAN THEATER OF OPERATIONS,Ninth Air Force,,Sicily,,B-24,0,0,0,"EASTERN MEDITERRANEAN (Ninth Air Force) In Sicily, B-24s sent to attack Palermo are forced to abort due to bad weather.  They jettison their bombs or return to base with them.  One aircraft scores a direct hit on a Sicilian highway. In Libya, rainfall delays the British Eighth Army assault on the Mareth Line positions at Ben Gardane. HQ 376th Bombardment Group (Heavy) and its 512th, 513th and 514th Bombardment Squadrons (Heavy) with B-24s transfer from Abu Sueir, Egypt to Gambut, Libya."
EVT_19430210_02406,1943-02-10,1943,2,MTO,MEDITERRANEAN THEATER OF OPERATIONS,Twelfth Air Force,,Tunisia,,"P-40, SPITFIRE, P-39, B-25",0,0,0,"WESTERN MEDITERRANEAN (Twelfth Air Force): In the Mediterranean, B-25s attack shipping between Tunisia and Sicily, claiming 1 vessel sunk and another badly damaged. In Tunisia, weather cancels heavy and medium bomber missions.  P-39s and Spitfires of the XII Air Support Command strafe gun batteries, machinegun nests, vehicles and troops in the Maknassy-Station de Sened-Bou Hamran area. The 59th Fighter Squadron, 33d Fighter Group with P-40s transfers from Thelepte, Tunisia to Youks-les-Bains, Algeria."
EVT_19430211_02410,1943-02-11,1943,2,MTO,MEDITERRANEAN THEATER OF OPERATIONS,Twelfth Air Force,,Tunisia,,A-20,0,0,0,"WESTERN MEDITERRANEAN (Twelfth Air Force): Bad weather cancels all heavy and medium bomber missions. In Tunisia, A-20s hit Station de Sened.  Fighters escort light bombers and transports, and fly reconnaissance and patrols. A detachment of the 111th Observation Squadron, 68th Observation Group based at Oujda, French Morocco with A-20s begins operating from La Senia, Algeria."
EVT_19430212_02417,1943-02-12,1943,2,MTO,MEDITERRANEAN THEATER OF OPERATIONS,Twelfth Air Force,,Tunisia,,"C-47, P-39, A-20",0,0,0,"WESTERN MEDITERRANEAN (Twelfth Air Force): In Tunisia, heavy and medium bomber missions are cancelled due to weather.  A-20s attack gun installations west of Station de Sened. Fighters escort A-20s and C-47s, and fly routine patrols. The 347th Fighter Squadron, 350th Fighter Group with P-39s and P-400s transfers from Oujda, French Morocco to La Senia, Algeria."
EVT_19430213_02424,1943-02-13,1943,2,MTO,MEDITERRANEAN THEATER OF OPERATIONS,Twelfth Air Force,,Tunisia,,"P-40, B-26, B-17",0,0,0,"WESTERN MEDITERRANEAN (Twelfth Air Force): In Tunisia, B-26s bomb El Aouina Airfield.  Fighters escort the B-26s, strafe tanks near Station de Sened, and destroy several trucks and staff cars in the Faid area. The 59th Fighter Squadron, 33d Fighter Group with P-40s transfers from Thelepte, Tunisia to Youks-les-Bains, Algeria. The 414th Bombardment Squadron (Heavy), 97th Bombardment Group (Heavy) with B-17s transfers from Biskra, Algeria to Chateaudun-du-Rhumel, Algeria."
EVT_19430214_02430,1943-02-14,1943,2,MTO,MEDITERRANEAN THEATER OF OPERATIONS,Twelfth Air Force,,Tunisia,,"P-38, P-39, B-25, A-20",0,0,0,"WESTERN MEDITERRANEAN (Twelfth Air Force): In the Mediterranean, B-25s on a shipping strike return with their bombs when no vessels are sighted. In Tunisia, all heavy and medium bomber missions are cancelled by bad weather.  Fighters strafe vehicles and gun emplacements in the El Guettar-Sened-Maknassy areas, and hit tanks and trucks near Sisi Saad. A-20s bomb tanks in the Faid Pass, trucks near Maknassy and southwest of Faid, the town of Maknassy, and railroad yards at Station de Sened.  Enemy ground forces, both armored and infantry, begin a drive, supported by artillery and dive bombers, against Allied forces east of Sidi bou Zid. HQ 350th Fighter Group transfers from Oujda, French Morocco to Oran, Algeria. The group's 345th and 346th Fighter Squadrons with P-39s and P-400s transfer from Oujda to La Senia, Algeria. The 94th Fighter Squadron, 1st Fighter Group with P-38s transfers from Biskra, Tunisia to Chateaudun-du-Rhumel, Algeria."
EVT_19430215_02437,1943-02-15,1943,2,OTHER,"tactical operations in the Western Desert, this new organization, with HQ at",Ninth Air Force,,Libya,,B-24,0,0,0,"Tripoli, Libya, supervises, operationally and administratively, all Ninth Air Force units west of, and including, Marble Arch.  In addition, General Strickland is commander of US troops in the area. In Italy, B-24s attack the harbor at Naples, scoring direct hits on 2 vessels. In Libya, British Army ground forces resume operations toward the Mareth Line as weather improves. Colonel Hugo P Rush succeeds Brigadier General Patrick W Timberlake as Commanding Officer of IX Bomber Command, which transfers from Ismailia, Egypt to Bengasi, Libya."
EVT_19430215_02438,1943-02-15,1943,2,OTHER,"tactical operations in the Western Desert, this new organization, with HQ at",Twelfth Air Force,,Sicily,,"A-20, B-26, B-25, B-17",0,0,0,"WESTERN MEDITERRANEAN (Twelfth Air Force): In Sicily, B-17s hits the harbor and shipping at Palermo. In Tunisia, B-25s and B-26s attack Kairouan Airfield.  Fighters support Allied ground forces being pushed back from the Faid-Sidi bou Zid area to positions at Sbeitla, Kasserine and Feriana.  Enemy troops, vehicles, gun positions, and tanks are repeatedly attacked. Fighters hit similar targets in the Gafsa-Bou Hamran area. Because of the German advance in Tunisia, the forward air base at Sbeitla, Tunisia is evacuated. The 97th Bombardment Squadron (Light), 47th Bombardment Group (Light) with A-20s transfers from Thelepte, Tunisia to Youks-les-Bains, Algeria due to the German assault."
EVT_19430216_02444,1943-02-16,1943,2,MTO,MEDITERRANEAN THEATER OF OPERATIONS,Ninth Air Force,,Crete,,"B-24, B-25",0,0,0,"EASTERN MEDITERRANEAN (Ninth Air Force) In Crete, RAF Liberators under operational control of the IX Bomber Command bomb Heraklion Airfield during the night of 16/17 Feb. In Tunisia, the British Eighth Army's 7 Armored Division drives into Ben Gardane, an outpost of the Mareth Line. The 83d and 434th Bombardment Squadrons (Medium), 12 Bombardment Group (Medium) with B-25s transfer from Gambut, Libya to Castel Benito, Libya. The 345th Bombardment Squadron (Heavy), 98th Bombardment Group (Heavy) with B-24s transfers from Tobruk, Libya to Benina, Libya."
EVT_19430216_02445,1943-02-16,1943,2,MTO,MEDITERRANEAN THEATER OF OPERATIONS,Twelfth Air Force,,Tunisia,,"B-25, A-20",0,0,0,"WESTERN MEDITERRANEAN (Twelfth Air Force): In the Mediterranean, B-25s dispatched on a shipping mission abort due to weather. In Tunisia, all heavy and medium bomber operations are cancelled due to weather.  A-20s, in support of hard-pressed Allied ground forces, bomb gun positions west of Sidi bou Zid.  Fighters fly repeated strafing missions against troops and vehicles in the Gafsa area. The 85th Bombardment Squadron (Light), 47th Bombardment Group (Light) with A-20s transfers from Thelepte, Tunisia to Youks-les-Bains, Algeria due to the German assault."
EVT_19430217_02451,1943-02-17,1943,2,MTO,MEDITERRANEAN THEATER OF OPERATIONS,Twelfth Air Force,,,,"SPITFIRE, P-40, B-26, P-38, A-20, P-39, B-25, B-17",0,0,0,"WESTERN MEDITERRANEAN (Twelfth Air Force): The Twelfth Air Force and other organizations of the Allied Air Force are transferred to the North African Air Force (NAAF) which supplants the Allied Air Force.  NAAF, in turn, becomes part of the Mediterranean Air Command (MAC), a new air command which comes into existence on this date with RAF Air Chief Marshall Arthur Tedder as commander.  MAC also includes the RAF Middle East Air Command (later RAF, Middle East) and the RAF Malta Air Command (later RAF, Malta).  The Commanding General of NAAF is General Carl Spaatz, USAAF. In Sardinia, over 40 B-17s bomb Elmas Airfield;  B-25s and B-26s hit the Villacidro and Decimomannu Airfields. In Tunisia, fighters escort bombers and support ground forces in the Sbeitla-Kasserine-Feriana area.  The fighters, along with A-20s, attack and destroy numerous tanks, trucks and other vehicles moving against hard- pressed British First Army forces. The two airfields at Thelepte, with 124 operational aircraft on the, are abandoned because of the German advance.  Eighteen unflyable aircraft are burned after 60,000 gallons (227,100 liters) of aviation fuel are poured on them. HQ 31st Fighter Group transfers from Thelepte, Tunisia to Youks-les- Bains, Algeria.  The group's 307th, 308th and 309th Fighter Squadrons with Spitfire Mk Vs transfer from Thelepte to Tebessa, Algeria. HQ 81st Fighter Group and its 91st and 92d Fighter Squadrons with P-39s transfer from Thelepte, Tunisia to Le Kouif Airfield, Algeria. The 60th Fighter Squadron, 33d Fighter Group with P-40s transfers from Youks-les-Bains, Algeria to Telergma, Algeria. The 71st Fighter Squadron, 1st Fighter Group with P-38s transfers from Biskra, Algeria to Chateaudun-du-Rhumel, Algeria."
EVT_19430218_02456,1943-02-18,1943,2,MTO,MEDITERRANEAN THEATER OF OPERATIONS,NAAF,,,,"P-38, B-17",0,0,0,"WESTERN MEDITERRANEAN (North African Air Force) HQ North African Air Force (NAAF) is set up under General Carl Spaatz, USAAF, and the Twelfth Air Force becomes a paper outfit.  Six principal subordinate commands are specified, i.e.: North African Air Support Command (NAASC) North African Coastal Air Force (NACAF) North African Photographic Reconnaissance Wing (NAPRW) North African Strategic Air Force (NASAF) North African Training Command (NATC) Twelfth Air Force Units assigned to NAAF described above are: NAASC: XII Air Support Command [33d and 81st Fighter Groups and 47th Bombardment Group (Light)] NACAF: XII Fighter Command (31st, 52d and 350th Fighter Groups) NAPRW: 3d Photographic Group NASAF: XII Bomber Command [97th and 301st Bombardment Groups (Heavy); 17th, 310th and 319th Bombardment Groups (Medium); 1st, 14th and 82d Fighter Groups; and the 68th Observation Group] NATC: 15th Bombardment Squadron (Light) In Algeria, weather cancels heavy and medium bomber operations. In Tunisia, fighters provide direct support for the British First Army in the Sbeitla-Kasserine-Feriana areas. HQ 1st Fighter Group and it's 27th Fighter Squadron P-38s transfers from Biskra, Algeria to Chateaudun-du-Rhumel, Algeria. The 342d Bombardment Squadron (Heavy), 97th Bombardment Group (Heavy) with B-17s transfers from Biskra, Algeria to Chateaudun-du-Rhumel, Algeria."
EVT_19430219_02462,1943-02-19,1943,2,MTO,MEDITERRANEAN THEATER OF OPERATIONS,Ninth Air Force,,Tunisia,,"P-39, B-25, A-20",0,0,0,"EASTERN MEDITERRANEAN (Ninth Air Force) In Tunisia, B-25s bomb the Gabes western area through heavy clouds. WESTERN MEDITERRANEAN (North African Air Force) In Algeria, weather prevents heavy and medium bomber operations. In Tunisia, fighters and A-20s of the XII Air Support Command are grounded and unable to support ground forces as the enemy opens an attack on Kasserine with infantry and tanks supported by artillery. The 93d Fighter Squadron, 81st Fighter Group with P-39s transfers from Port Lyautey, French Morocco to Berteaux, Algeria."
EVT_19430220_02469,1943-02-20,1943,2,MTO,MEDITERRANEAN THEATER OF OPERATIONS,Eighth Air Force,,Tunisia,,P-39,0,0,0,"WESTERN MEDITERRANEAN (North African Air Force) Weather again severely limits operations. In Tunisia, a handful of P-39s strafe trucks and half-tracks in the Kasserine area as the enemy breaks through the Kasserine Pass and thrusts north and west toward Thala and Tebessa. HQ 33d Fighter Group transfers from Youks-les-Bains, Algeria to Telergma, Algeria."
EVT_19430221_02474,1943-02-21,1943,2,MTO,MEDITERRANEAN THEATER OF OPERATIONS,Eleventh Air Force,,Tunisia,,"SPITFIRE, P-39, B-25, A-20",0,0,0,"WESTERN MEDITERRANEAN (North African Air Force) In Tunisia, B-25s hit the railroad yards at Gafsa.  Weather foils 3 attempts by P-39s and Spitfires to furnish support to ground forces battling the German drive north and west of the Kasserine Pass.  Only 2 P-39s are able to reach the enemy and strafe tanks and trucks. HQ 31st Fighter Group transfers from Tebessa, Algeria to Youks-les- Bains, Algeria.  The 308th Fighter Squadron assigned to the group transfers its Spitfire Mk Vs from Tebessa to Canrobert, Algeria. The 86th and 97th Bombardment Squadrons (Light), 47th Bombardment Group (Light) with A-20s transfer from Youks-les-Bains, Algeria to Canrobert, Algeria."
EVT_19430222_02480,1943-02-22,1943,2,MTO,MEDITERRANEAN THEATER OF OPERATIONS,Tenth Air Force,,Tunisia,,"SPITFIRE, P-38, A-20, P-39, B-25, B-17",0,1,0,"WESTERN MEDITERRANEAN (North African Air Force) In Tunisia, A-20s of the 47th Bombardment Group (Light) and fighters, flying close support to Allied ground forces, aid in repulsing Field Marshall Rommel's drive toward Thala and Tebessa.  The 47th flies 11 missions and bomb at minimum altitude; 1 A-20 is lost after being hit by 3 Bf 109s; several aircraft sustain wing damage from ripping antennae off German tanks and trucks.  At 1915 hours local the enemy begins a general withdrawal toward Kasserine.  B-17s bomb the Kasserine Pass while B-25s hit the nearby bridge and escorting P-38s strafe retreating troops.  Other B-25s hit the railway yards at Gafsa.  P-39s of the 154th Observation Squadron, 68th Observation Group fly 17 attack-reconnaissance sorties over the Kasserine area destroying 3 tanks and damaging 10 trucks while losing 1 aircraft. HQ 81st Fighter Group and its 91st and 92d Fighter Squadrons with P-39s transfer from Le Kouif Airfield, Algeria to Youks-les-Bains, Algeria. The 307th and 309th Fighter Squadrons, 31st Fighter Group with Spitfire Mk Vs transfer from Tebessa, Algeria to Youks-les-Bains, Algeria."
EVT_19430223_02485,1943-02-23,1943,2,MTO,MEDITERRANEAN THEATER OF OPERATIONS,Ninth Air Force,,Italy,,"B-25, B-24",0,0,0,"EASTERN MEDITERRANEAN (Ninth Air Force) In Italy, B-24s attack the Messina ferry slip, scoring direct hits and leaving the target area burning. In Tunisia, B-25s hit Arram in the Mareth Line during the late evening."
EVT_19430223_02486,1943-02-23,1943,2,MTO,MEDITERRANEAN THEATER OF OPERATIONS,Tenth Air Force,,Tunisia,,"A-20, B-26, B-25, B-17",0,0,0,"WESTERN MEDITERRANEAN (North African Air Force) In the Mediterranean, B-25s attack shipping north of Cap Bon, claiming 1 vessel sunk. In Tunisia, B-17s bomb Kairouan Airfield and hit troops retreating through the Kasserine Pass.  B-25s and B-26s hit the Kasserine Pass and the bridge nearby.  A-20s and fighters also attack retreating columns in the Kasserine area. The 3d Air Defense Wing arrives at Oran, Algeria to control air defense units in the Oran area as part of the North African Coastal Air Force. HQ 99th Bombardment Group (Heavy), a B-17 unit, arrives at Navarin, Algeria from the US."
EVT_19430224_02491,1943-02-24,1943,2,MTO,MEDITERRANEAN THEATER OF OPERATIONS,Eighth Air Force,,Tunisia,,"B-26, A-20, P-39, B-25, B-17",0,0,0,"WESTERN MEDITERRANEAN (North African Air Force) In the Mediterranean, B-25s sink several barges northeast of Cap Bon. In Tunisia, B-17s bomb Kairouan Airfield.  B-26s and B-17s bomb enemy columns in Kasserine Pass and hit the town of Kasserine, while B-25s attack highway traffic near Sbeitla.  A-20s and fighters hit motor transport in a wide area around Kasserine and Sbeitla. HQ 81st Fighter Group and its 91st and 92d Fighter Squadrons with P-39s transfer from Youks-les-Bains, Algeria to Le Kouif Airfield, Algeria reversing a move made last Wednesday. The 154th Observation Squadron, 68th Observation Group with A-20s transfers from Oujda, French Morocco to join its detachment at Youks-les- Bains, Algeria.  Prior to WWII, the 154th was an Arkansas National Guard unit."
EVT_19430225_02497,1943-02-25,1943,2,MTO,MEDITERRANEAN THEATER OF OPERATIONS,Tenth Air Force,,Tunisia,,"SPITFIRE, A-20, B-17",0,0,0,"WESTERN MEDITERRANEAN (North African Air Force) In Tunisia, B-17s bomb El Aouina Airfield.  Fighters and A-20s hit troops and military traffic in the Thala-Kasserine-Sbeitla areas and along the Gafsa-Feriana road.  Other fighters carry out widespread reconnaissance and patrol missions.  British First Army and US troops of the II Corps occupy Kasserine Pass. HQ 31st Fighter Group and its 307th Fighter Squadron with Spitfire Mk Vs transfer from Youks-les-Bains, Algeria to Kalaa Djerda, Tunisia.  The 308th Fighter Squadron also with Spitfire Mk Vs transfers from Canrobert, Algeria to Kalaa Djerda."
EVT_19430226_02502,1943-02-26,1943,2,MTO,MEDITERRANEAN THEATER OF OPERATIONS,Ninth Air Force,,Tunisia,,"P-40, B-24, B-25",0,0,0,"EASTERN MEDITERRANEAN (Ninth Air Force) In Tunisia, P-40s carry out fighter-bomber missions as ground forces maintain pressure on the enemy along the coast and on the Gabes road. B-25s attack roads and motor transport in the Arram area during the night of 26/27 Feb. General Bernard L. Montgomery sets 20 Mar as D-Day for an attack on the Mareth Line. The 328th, 330th and 409th Bombardment Squadrons (Heavy), 93d Bombardment Group (Heavy) cease operations from Gambut, Libya with B-24s and return to their base at Hardwick, England."
EVT_19430226_02503,1943-02-26,1943,2,MTO,MEDITERRANEAN THEATER OF OPERATIONS,Eighth Air Force,XII Bomber Command,Tunisia,,"WELLINGTON, SPITFIRE, P-38, B-17",0,0,0,"WESTERN MEDITERRANEAN (North African Air Force) Lieutenant General James H. Doolittle assumes command of the XII Bomber Command. In Tunisia, B-17s, with P-38 escort, attack the docks and shipping at Bizerte after RAF Wellingtons hit the same target the previous night. Fighters hit trucks in the Pinchon-Ousseltia area and fly numerous reconnaissance missions.  Colonel-General Jurgen von Arnim's 5th Panzer Army opens an offensive on a broad front toward Bedja and Medjez el Bab. The 309th Fighter Squadron, 31st Fighter Group with Spitfire Mk Vs transfers from Youks-les-Bain, Algeria to Kalaa Djerda, Tunisia."
EVT_19430227_02509,1943-02-27,1943,2,MTO,MEDITERRANEAN THEATER OF OPERATIONS,Ninth Air Force,,Tunisia,,"P-40, B-24",0,0,0,"EASTERN MEDITERRANEAN (Ninth Air Force) In Tunisia, P-40s fly top cover, strafing, and fighter-bomber missions against positions along the Mareth Line. The 515th Bombardment Squadron (Heavy), 376th Bombardment Group (Heavy) with B-24s transfers from Gambut, Libya to Soluch, Libya."
EVT_19430227_02510,1943-02-27,1943,2,MTO,MEDITERRANEAN THEATER OF OPERATIONS,Eighth Air Force,,Sardinia,,"WELLINGTON, A-20, P-38, B-17",0,0,0,"WESTERN MEDITERRANEAN (North African Air Force) In Sardinia, B-17s bomb the Cagliari area and ships north of Capo d'Orlando. In Tunisia, RAF Wellingtons hit Bizerte.  Fighters fly sweeps and reconnaissance, attacking ground forces at points along the battleline, including the Medjez el Bab area where the enemy advance is being halted. The 37th Fighter Squadron, 55th Fighter Group with P-38s arrives at La Senia, Algeria from the U.S.  This squadron will become the third squadron of the 14th Fighter Group when it is reassigned to the 14th on 1 Mar. The 85th Bombardment Squadron (Light), 47th Bombardment Group (Light) with A-20s transfers from Youks-les-Bains, Algeria to Canrobert, Algeria. A detachment of the 111th Observation Squadron, 68th Observation Group with A-20s ceases operating from La Senia, Algeria and returns to its base at Oujda, French Morocco.  Prior to WWII, the 111th was a Texas National Guard unit."
EVT_19430228_02516,1943-02-28,1943,2,MTO,MEDITERRANEAN THEATER OF OPERATIONS,Eighth Air Force,,Tunisia,,"B-26, P-38",0,0,0,"WESTERN MEDITERRANEAN (North African Air Force) In Tunisia, fighters and fighter-bombers hit troops, tanks, and motor transport along the Tunisian battleline southwest of Maleur, at Sidi Nsir near Pont-du-Fhas, northeast of Bedja, and in the Goubellat area.  The 17th Bombardment Group (Medium) sends 9 B-26s to destroy the La Hencha Bridge between Gabes and Sfax.  Their escort is jumped by Bf 109s and the bombers turn back. HQ 325th Fighter Group and it's 317th and 318th Fighter Squadrons with P-40Fs arrive at Tafaraoui, Algeria from the U.S. The 48th Fighter Squadron, 14th Fighter Group with P-38s transfers from Berteaux, Algeria to Mediouna, French Morocco for R&R."
EVT_19420102_03111,1942-01-02,1942,1,MTO,MEDITERRANEAN THEATER OF OPERATIONS,Twelfth Air Force,,Tunisia,,"A-20, B-26, P-38, B-17",0,0,0,"WESTERN MEDITERRANEAN (Twelfth Air Force):  In Tunisia, B-17s bomb the harbor  and shipping at La Goulette.  Escorting P-38s and Bf 109s engage in air  battle, each side losing two aircraft.  A-20s and DB-7s, with fighter escorts,  consecutively raid Sousse harbor.  DB-7s again hit the harbor. B-26s with fighter protection, the the bridge north of El Djem.  Fighters fly escort, patrol and reconnaissance missions, attacking enemy vehicles and aircraft.  Several trucks and fighters are claimed destroyed."
EVT_19430103_03118,1943-01-03,1943,1,MTO,MEDITERRANEAN THEATER OF OPERATIONS,Twelfth Air Force,XII Fighter Command,Tunisia,,"SPITFIRE, C-47, P-39, A-20",0,0,0,"WESTERN MEDITERRANEAN (Twelfth Air Force):  All XII Fighter Command units in Tunisia, i.e., fighters and light bombers (A-20s and DB-7s), attack tanks which, with infantry and artillery support, have overrun French troops at Fondouk el Aouareb.  The fighters and light bombers attack the tanks as they move west from Fondouk.  Several tanks are reported destroyed or aflame and numerous other tanks and vehicles are damaged.  Spitfires based in Algeria escrot C-47s on transport missions. The 91st Fighter Squadron, 81st Fighter Group with P-39s, moves from Fedala to Mediouna, French Morocco."
EVT_19430104_03124,1943-01-04,1943,1,MTO,MEDITERRANEAN THEATER OF OPERATIONS,Twelfth Air Force,,Tunisia,,"C-47, P-40, A-20, B-25, B-17",0,0,0,"WESTERN MEDITERRANEAN (Twelfth Air Force):  In Tunisia, B-17s sent, in two forces, to bomb Bizerte are forced to abort by heavy clouds over the target.  B-25s hit the railroad yards at Kairouan while A-20s attack Cherichera.  Fighters provide escort for the bombers and for C-47 transport runs, and fly reconnaissance and patrol missions. The Luftwaffe sends six Ju 88s with Bf 109 cover to attack the Thelepte, Tunisia airfield; they are intercepted by five P-40s of the 58th Fighter Squadron, 33d Fighter Group which shoot down one Ju 88 and one Bf 109. The 35th Troop Carrier Squadron, 64th Troop Carrier Group, based at Blida, Algeria with C-47s, begins operating from Telergma, Algeria."
EVT_19430105_03128,1943-01-05,1943,1,MTO,MEDITERRANEAN THEATER OF OPERATIONS,Ninth Air Force,,Tunisia,,B-24,0,0,0,"EASTERN MEDITERRANEAN (Ninth Air Force): In Tunisia, B-24s of the 93d Bombardment Group (Heavy) bomb Sousse harbor (clouds obscure the primary target at Tunis).  RAF Liberators of No. 160 Squadron hit the harbors at Tunis and Sousse during the night of 5/6 Jan. On the ground, a severe two-day storm on 4 and 5 Jan sharply decrease the capacity of Bengasi port and forces the British Eighth Army to make a greater use of the more distant port of Tobruk."
EVT_19430105_03129,1943-01-05,1943,1,MTO,MEDITERRANEAN THEATER OF OPERATIONS,Twelfth Air Force,,,,"C-47, B-26, P-38, A-20, P-39, B-17",0,0,0,"WESTERN MEDITERRANEAN (Twelfth Air Force): In an organizational change, Allied Air Force is activated to have operational control of Allied air units in Northwest Africa.  The new unit includes the USAAF Twelfth Air Force, the RAF Eastern Air Command and such French air units as might be assigned or attached to it.  The command serves under the direction of Lieutenant General Dwight Eisenhower, Commander-in-Chief, Allied Forces. The USAAF system of area commands in Northwest Africa is reorganized.  HQ Twelfth Air Force announces that the Moroccan, West Algerian and Central Algerian Composite Wings (Provisional) are to be replaced by the 2d, 1st and 3d Air Defense Wings, respectively, when they arrive in the theater. In Tunisia, B-17s, with a large P-38 escort, attack the Sfax power station while fighter-escorted B-26s hit the Kairouan Airfield.  Other fighters fly patrols, reconnaissance and C-47 escort. HQ 81st Fighter Group is established at Mediouna, French Morocco upon arrival from the US.  The group's 92d Fighter Squadron with P-39s is established at Port Lyautey, French Morocco. The 16th Bombardment Squadron (Light), 27th Bombardment Group (Light) with A-20s moves from Barbe-du-Tlelat to Nouvion, Algeria. The 48th Fighter Squadron, 14th Fighter Group with P-38s moves from Youks-les-Bains to Berteaux, Algeria."
EVT_19430106_03134,1943-01-06,1943,1,MTO,MEDITERRANEAN THEATER OF OPERATIONS,Twelfth Air Force,,Tunisia,,"C-47, P-40, A-20, P-39, B-25",0,0,0,"WESTERN MEDITERRANEAN (Twelfth Air Force):  In Tunisia, A-20s, in two forces, hit a military camp south of Kairouan while B-25s hit the Kairouan railroad yards.  Fighters escort bombers, carry out patrols and reconnaissance flights, and accompany C-47s on transport missions. HQ 350th Fighter Group and its 347th Fighter Squadron with P-39s and P-400s is established at Oujda, French Morocco upon arrival from England. The group's 346th Fighter Squadron, which has been in French Morocco with P-39s and P-400s since Nov 42, also moves to Oujda.  The 346th enters combat in Jan 43. The 60th Fighter Squadron, 33d Fighter Group, with P-40s, moves from Telergma to Youks-les-Bains, Algeria. The 84th Bombardment Squadron (Light), 47th Bombardment Group (Light) with A-20s moves from Mediouna, French Morocco to Youks-les-Bains, Algeria and flies it first combat mission on 22 Jan. The 345th Fighter Squadron, 350th Fighter Group  with P-39s and P-400s transfers from Casablanca, French Morocco to Oujda, French Morocco."
EVT_19430107_03140,1943-01-07,1943,1,MTO,MEDITERRANEAN THEATER OF OPERATIONS,Twelfth Air Force,,,,"B-26, A-20",0,0,0,"WESTERN MEDITERRANEAN (Twelfth Air Force):  An Allied Air Force General Order makes the USAAF Twelfth Air Force responsible for air support of US ground forces in North Africa and the RAF Eastern Air Command responsible for support of the British First Army.  However, units are to be placed under operational control of the other as the situation might dictate. In Tunisia, B-26s bomb the airfield and barracks at Gabes while A-20s attack troop concentrations at Kairouan.  Fighters escort both raids and also carry out several reconnaissance missions. HQ 33d Fighter Group moves from Telergma, Algeria to Thelepte, Tunisia. HQ 47th Bombardment Group (Light) moves from Mediouna, French Morocco to Youks-les-Bains, Algeria. The 91st Bombardment Squadron (Light), 27th Bombardment Group (Light) moves with its A-20s from Ste-Barbe-du-Tlelat to Nouvion, Algeria."
EVT_19430108_03146,1943-01-08,1943,1,MTO,MEDITERRANEAN THEATER OF OPERATIONS,Ninth Air Force,,Tunisia,,B-24,0,0,0,"EASTERN MEDITERRANEAN (Ninth Air Force):  In Tunisia, B-24s hit Tunis after weather and engine trouble prevent a planned attack on Bizerte. In Libya, RAF Liberators, under operational control of the IX Bomber Command, attack a rail junction near Tripoli"
EVT_19430108_03147,1943-01-08,1943,1,MTO,MEDITERRANEAN THEATER OF OPERATIONS,Twelfth Air Force,,Tunisia,,"P-40, B-26, P-38, A-20, B-25, B-17",0,0,0,"WESTERN MEDITERRANEAN (Twelfth Air Force):  In Tunisia, B-17s hit the docks at Ferryville and the naval base at Bizerte.  B-25s hit bridges and rail junctions at Graiba and at Kalaa Srira while B-26s hit Kairouan Airfield.  The heavy and medium bombers are escorted by P-38s.  A-20s, escorted by P-40s, bomb tank concentrations near Gabes.  Other fighters fly numerous patrols and reconnaissance missions. The 59th Fighter Squadron, 33d Fighter Group moves with its P-40s from Casablanca, French Morocco to Thelepte, Tunisia. The 443d and 444th Bombardment Squadrons (Medium), 320th Bombardment Group (Medium) arrive at La Senia, Algeria from England with B-26s."
EVT_19430110_03157,1943-01-10,1943,1,MTO,MEDITERRANEAN THEATER OF OPERATIONS,Ninth Air Force,,Tunisia,,"B-25, P-40, B-24",0,0,0,"EASTERN MEDITERRANEAN (Ninth Air Force): In Tunisia, B-24s forced by overcast to divert from the primary target of Bizerte, strike La Goulette, the seaport of the city of Tunis.  P-40s fly reconnaissance missions. The 82d Bombardment Squadron (Medium), 12th Bombardment Group (Medium) with B-25s transfers from Gambut, Libya to Tmed El Chel, Libya."
EVT_19430110_03158,1943-01-10,1943,1,MTO,MEDITERRANEAN THEATER OF OPERATIONS,Twelfth Air Force,,Tunisia,,"C-47, P-40, SPITFIRE, B-26, P-38, A-20",0,0,0,"WESTERN MEDITERRANEAN (Twelfth Air Force): In Tunisia, B-26s, with P-38 escort, attack the marshaling yard and oil tanks at Gabes.  B-26s, sent against Sousse, abort due to bad weather. A-20s with P-40 cover, hit the military camp at Kebili.  Fighters escort C-47 missions and fly reconnaissance and patrols.  One P-40, flown by Major Philip Cochran, CO of the 58th Fighter Squadron, 33d Fighter Group, bombs and demolishes the Hotel Splendida, the German HQ in Kairouan. Seven Bf 109s bomb and strafe Thelepte Airfield. The 308th Fighter Squadron, 31st Fighter Group with Spitfire Mk Vs begins operating from Casablanca, French Morocco instead of Tafaraoui, Algeria to provide protection for the Casablanca Conference between Churchill and Roosevelt."
EVT_19430111_03164,1943-01-11,1943,1,MTO,MEDITERRANEAN THEATER OF OPERATIONS,Twelfth Air Force,,Libya,,"C-47, P-38, B-25, B-17",0,0,0,"WESTERN MEDITERRANEAN (Twelfth Air Force): In Libya, B-17s bomb the fort and town of Gadames and attack the rail bridge and highway bridge across the Oued el Akarit, NNW of Gabes, Tunisia. Escorting P-38s engage in a 25-minute combat with attacking fighters, shooting down one and severely damaging another; two P-38s are lost. In Tunisia, B-25s bomb shipping along the northeastern Tunisian coast; escorting P-38s claim three aircraft shot down. Other fighters fly patrol and reconnaissance, and escort C-47 transport planes. Six Bf 109s with additional overhead cover strafe Thelepte Airfield."
EVT_19420112_03169,1942-01-12,1942,1,MTO,MEDITERRANEAN THEATER OF OPERATIONS,Twelfth Air Force,,Libya,,"C-47, B-26, P-39, B-25, B-17",0,0,0,"WESTERN MEDITERRANEAN (Twelfth Air Force): In Libya, 12 B-17s of the 97th Bombardment Group (Heavy) bomb the Castel Benito Airfield south of Tripoli, dropping 120 120-pound fragmentation clusters and 75 500-pound and six 1,000-pound high explosive bombs claiming the destruction of at least 20 parked aircraft.  The heavy bombers claim destruction of 14 attacking Italian Mc 202 aircraft in aerial combat. Over the Mediterranean, B-25s sent to hit shipping in the Straits of Sicily and in the Gulf of Gabes fail to find targets and return with their bombs. In Tunisia, B-26s hit the bridges at La Hencha and Chaaba, completely destroying one bridge.  Fighters fly patrols, reconnaissance, and C-47 escort, and strafe moored seaplanes and destroy numerous trucks during a sweep over the Ben Gardane area. Seven Ju 88s and five Bf 109s attack Thelepte Airfield. HQ XII Fighter Command transfers from Tebessa to La Senia, Algeria. The 92d Fighter Squadron, 81st Fighter Group with P-39s transfers from Mediouna, French Morocco to Thelepte, Tunisia."
EVT_19430113_03175,1943-01-13,1943,1,MTO,MEDITERRANEAN THEATER OF OPERATIONS,Twelfth Air Force,,Tunisia,,"P-38, B-25",0,0,0,"WESTERN MEDITERRANEAN (Twelfth Air Force): Over the Mediterranean, B-25s, with P-38 escort, bomb a partially sunken freighter between Tunisia and Sicily. In Tunisia, fighters fly uneventful reconnaissance and patrol missions. Five Ju 88s drop 40 bombs on Thelepte Airfield."
EVT_19430114_03180,1943-01-14,1943,1,MTO,MEDITERRANEAN THEATER OF OPERATIONS,Ninth Air Force,,Tunisia,,"P-40, B-24, B-25",0,0,0,"EASTERN MEDITERRANEAN (Ninth Air Force) In Tunisia, B-25s strike motor transport near Gheiada, with P-40s providing cover.  B-24s fail, due to weather, to locate Sousse harbor (the primary target), but several bomb in the target area and along the road near Teboulba. In Libya, RAF Liberators, under the operational control of the IX Bomber Command, hit Tripoli, Tagiura and the supply dump at Misurata."
EVT_19430114_03181,1943-01-14,1943,1,MTO,MEDITERRANEAN THEATER OF OPERATIONS,Twelfth Air Force,,,,"C-47, B-26, P-38, B-25, B-17",0,0,0,"WESTERN MEDITERRANEAN (Twelfth Air Force): The Casablanca Conference opens.  Prime Minister Churchill, President Roosevelt, and the Combined Chiefs of Staff discuss offensive actions in the Mediterranean and pledge to accept only unconditional surrender of the Axis countries. In Tunisia, 26 B-17s, with an escort of 17 P-38s, attack docks and shipping at Sfax; a total of 253 500-pound bombs are dropped from 23,400 feet.  B-26s, with fighter escort, attack the rail junction at Kalaa Srira and the junction and warehouse at Mahares.  Fighters fly reconnaissance, patrols and C-47 escort. Over the Mediterranean, B-25s, with P-38s, fly an anti-shipping sweep in the Straits of Sicily; no ships are sighted but vehicles and troop concentrations are strafed by the fighters on the return trip."
EVT_19430115_03188,1943-01-15,1943,1,MTO,MEDITERRANEAN THEATER OF OPERATIONS,Twelfth Air Force,,Tunisia,,"P-40, B-26, P-38, B-25",0,0,0,"WESTERN MEDITERRANEAN (Twelfth Air Force): In Tunisia, B-26s attack the railroad and highway bridge across Oued el Akarit, NNW of Gabes.  Escorting P-38s flight a long battle with enemy fighters; two B-26s and two P-38s are shot down.  Fighters fly several reconnaissance and patrol operations, intercept enemy aircraft attacking airfields in the Labasse area, and escort transport aircraft. In the Mediterranean, B-25s and B-26s fly three counter-shipping missions north and northeast off Tunisia, claiming one vessel left in flames.  Escorting fighters strafe trucks and claim two aircraft shot down. Nine Ju 88s escorted by four Mc 202s attack Thelepte Airfield; eight Ju 88s are shot down by P-40s of the 33d Fighter Group; AA gets the ninth Ju 88."
EVT_19430117_03201,1943-01-17,1943,1,MTO,MEDITERRANEAN THEATER OF OPERATIONS,Twelfth Air Force,,Tunisia,,"C-47, P-38, B-25, B-17",0,0,0,"WESTERN MEDITERRANEAN (Twelfth Air Force): In Tunisia, B-25s, with P-38 cover, attack the rail junction at Graiba. Fighters fly routine reconnaissance and patrols and escort C-47 missions. In the Mediterranean, B-25s on a shipping strike fail to locate any vessels and return with their bombs. HQ 52d Fighter Group transfers from Orleansville, Algeria to Telergma, Algeria. HQ 301st Bombardment Group (Heavy) and it's 353d Bombardment Squadron (Heavy), with B-17s, transfers from Biskra, Algeria to Ain M'lila, Algeria."
EVT_19430119_03213,1943-01-19,1943,1,MTO,MEDITERRANEAN THEATER OF OPERATIONS,Ninth Air Force,,Tunisia,,"B-25, B-24",0,0,0,"EASTERN MEDITERRANEAN (Ninth Air Force) In Tunisia, B-24s hit the harbor at Sousse. In Libya, B-24s hit the harbor at Tripoli while B-25s hit Castel Benito Airfield and motor transport on the road.  Ground forces regain contact with the enemy.  The coastal force reaches Homs while the southern column presses toward Tarhunah."
EVT_19430119_03214,1943-01-19,1943,1,MTO,MEDITERRANEAN THEATER OF OPERATIONS,Twelfth Air Force,,Tunisia,,"C-47, SPITFIRE, P-38, B-25, B-17",0,0,0,"WESTERN MEDITERRANEAN (Twelfth Air Force): In Tunisia, B-17s hit the industrial area just south of Tunis and the marshaling yard at Jabal al Jallud; P-38s provide cover.  B-25s hit Medenine and a nearby motor pool.  Fighters continue routine reconnaissance, patrol and C-47 escort missions. The 2d, 4th and 5th Fighter Squadrons, 51st Fighter Group with Spitfire Mk Vs, transfer from Orleansville, Algeria to Telergma, Algeria. 72 P-40Fs of the 325th Fighter Group are flown off the USS Ranger and land at Cazes Airdrome, Casablanca."
EVT_19430120_03222,1943-01-20,1943,1,MTO,MEDITERRANEAN THEATER OF OPERATIONS,Twelfth Air Force,,Tunisia,,"C-47, P-38, B-25, B-17",0,0,0,"WESTERN MEDITERRANEAN (Twelfth Air Force): In Tunisia, B-17s hit Cap Mangin near Gabes when cloud cover prevents bombing of the primary target, Tripoli, Libya.  Fighters continue reconnaissance and patrols, and C-47s continue transport flights with fighter cover. In the Mediterranean, six B-25s of the 310th Bombardment Group (Medium), escorted by 12 P-38s of the 14th Fighter Group, hit shipping in the Straits of Sicily sinking a tanker."
EVT_19430121_03228,1943-01-21,1943,1,MTO,MEDITERRANEAN THEATER OF OPERATIONS,Twelfth Air Force,,,,"C-47, B-26, P-38, A-20, P-39, B-25",0,0,0,"WESTERN MEDITERRANEAN (Twelfth Air Force): In the Mediterranean, six B-26s of the 319th Bombardment Group (Medium) hit two freighters northeast of Cape Bon, sinking one and damaging the other. The escorting P-38s shoot down two Z 1007 bombers and then mix it up with six Bf 109s, claiming three shot down but losing two P-38s. In Tunisia, B-25s bomb the highway and railroad bridge just north of Pont-du-Fahs.  Fighters fly bomber and C-47 escort and fly sweeps and reconnaissance, attacking and destroying a large number of trucks on the Gabes-Ben Gardane road.  A-20s and fighter escort bomb and strafe a tank and truck concentration near Ousseltia in support of elements of the US 1st Armored Division which begins the Allied assault in an effort to push the enemy back in the Ousseltia Valley into which a new enemy offensive under new German Commanding General, Colonel General von Arnim, has advanced in a four-day push.  24 P-38s find the Gabes-Medenine-Ben Gardane road crowded with traffic; they swept down and strafe, claiming 65 vehicles destroyed plus two Bf 109s destroyed in the air. A detachment of the 154th Observation Squadron, 68th Observation Group with P-39s begins operating from Youks-les-Bains, Algeria.  The squadron will fly its first combat mission as a tactical reconnaissance unit on 26 Jan."
EVT_19430123_03242,1943-01-23,1943,1,MTO,MEDITERRANEAN THEATER OF OPERATIONS,Twelfth Air Force,,Tunisia,,"P-40, B-26, P-38, A-20, P-39, B-17",0,0,0,"WESTERN MEDITERRANEAN (Twelfth Air Force): In Tunisia, B-17s, in two forces, hit the Bizerte naval base and shipping in the immediate area.  Much damage is done to base facilities and one motor vessel is sunk; 75 to 100 enemy fighters attack the formations, and the B-17s and escorting P-38s claim 20 destroyed; two P-38s are lost and four more are missing.  A-20s, and escorting P-40s, attack a heavy gun battery, machinegun nests, and two infantry companies while supporting ground forces in the battle area south of Ousseltia.  Fighters of the XII Air Support Command destroy over 20 vehicles on the Gabes-Ben Gardane highway. In the Mediterranean, B-26s hit shipping off northeastern Tunisia, attacking several vessels and claiming one destroyed; escorting fighters hit trucks and tanks near Enfidaville, Tunisia on the return flight. The 91st Fighter Squadron, 81st Fighter Group with P-39s transfers from Mediouna, French Morocco to Thelepte, Tunisia."
EVT_19430124_03247,1943-01-24,1943,1,MTO,MEDITERRANEAN THEATER OF OPERATIONS,Ninth Air Force,,Tunisia,,"P-40, B-24",0,0,0,"EASTERN MEDITERRANEAN (Ninth Air Force) In Tunisia, B-24s strike Medenine Airfield while P-40s fly cover and fighter-bomber missions as Axis forces retreat westward from Tripoli. The 84th, 85th and 86th Fighter Squadrons, 79th Fighter Group with P-40s transfers from Egypt to Libya."
EVT_19430124_03248,1943-01-24,1943,1,MTO,MEDITERRANEAN THEATER OF OPERATIONS,Twelfth Air Force,,Tunisia,,"B-26, B-25, B-17",0,0,0,"WESTERN MEDITERRANEAN (Twelfth Air Force): In Tunisia, B-25s and B-26s, operating in two forces, attack Medenine Airfield; B-17s hit shipping in Sousse harbor; fighters escort bombers and attack vehicles and troop concentrations along the battleline."
EVT_19430125_03255,1943-01-25,1943,1,MTO,MEDITERRANEAN THEATER OF OPERATIONS,Twelfth Air Force,,Tunisia,,C-47,0,0,0,"WESTERN MEDITERRANEAN (Twelfth Air Force): In Tunisia, bad weather cancels heavy and medium bomber missions. Fighters fly reconnaissance, patrol and C-47 escort missions."
EVT_19430126_03263,1943-01-26,1943,1,MTO,MEDITERRANEAN THEATER OF OPERATIONS,Twelfth Air Force,,Tunisia,,B-26,0,0,0,"WESTERN MEDITERRANEAN (Twelfth Air Force): In the Mediterranean, B-26s on a shipping strike abort because of weather that limits air activity. In Tunisia, fighters fly reconnaissance and local patrol missions."
EVT_19430128_03274,1943-01-28,1943,1,MTO,MEDITERRANEAN THEATER OF OPERATIONS,Twelfth Air Force,,Tunisia,,"P-40, B-26, P-38, B-25, B-17",0,0,0,"WESTERN MEDITERRANEAN (Twelfth Air Force): In Tunisia, 60 heavy and medium bombers (B-17s, B-25s and B-26s) in three waves attack the harbor, shipping and marshaling yards at Sfax; all missions are escorted by P-38s.  P-40s of the XII Air Support Command attack infantry and artillery while supporting French and US ground forces in the Ousseltia Valley where the Allies gain control of the western exit and half of Kairouan Pass. HQ 320th Bombardment Group (Medium) and its 441st, 442d, 443d and 444th Bombardment Squadrons (Medium) with B-26s transfer from La Senia, Algeria to Tafaraoui, Algeria."
EVT_19430129_03279,1943-01-29,1943,1,MTO,MEDITERRANEAN THEATER OF OPERATIONS,Twelfth Air Force,,Tunisia,,"C-47, B-26, B-17",0,0,0,"WESTERN MEDITERRANEAN (Twelfth Air Force): In Tunisia, three consecutive waves of B-17s attack the docks and shipping at Bizerte while B-26s hit El Aouina Airfield.  Fighters escort the bombers and C-47s and carry out reconnaissance. In the Mediterranean, B-26s on a shipping strike between Tunisia and Sicily severely damage a cargo liner."
EVT_19430130_03284,1943-01-30,1943,1,MTO,MEDITERRANEAN THEATER OF OPERATIONS,Twelfth Air Force,,Tunisia,,"A-20, B-26, B-25, B-17",0,0,0,"WESTERN MEDITERRANEAN (Twelfth Air Force): In Tunisia, over 50 B-17s bomb the docks and shipping at Ferryville. B-25s hit railroad installations and warehouses at El Aouinet while B-26s bomb a railroad south of Reyville.  Fighters and A-20s carry out numerous strafing and bombing operations against tanks, motor transport and along the battleline between El Guettar and Faid."
EVT_19430131_03289,1943-01-31,1943,1,MTO,MEDITERRANEAN THEATER OF OPERATIONS,Twelfth Air Force,,Tunisia,,"SPITFIRE, B-26, B-17",0,0,0,"WESTERN MEDITERRANEAN (Twelfth Air Force): In Tunisia, B-17s hit the harbor and shipping at Bizerte while B-26s bomb Gabes Airfield.  Fighters escort bombers and attack ground targets and furnish cover for ground forces along the battleline between Gafsa and Faid. With the conclusion of the Casablanca Conference, the 308th Fighter Squadron, 31st Fighter Group, which has been operating its Spitfire Mk Vs from Casablanca, returns to its base at Tafaraoui, Algeria."
EVT_19430703_03952,1943-07-03,1943,7,MTO,MEDITERRANEAN THEATER OF OPERATIONS,NASAF,,Sardinia,,"WELLINGTON, SPITFIRE, B-26, A-20, B-25, B-17",0,0,0,"WESTERN MEDITERRANEAN (Northwest African Air Force) During the night of 2/3 Jul, Northwest African Strategic Air Force (NASAF) Wellingtons attack Olbia, Sardinia and Trapani, Sicily. The following day, B-17's and B-25's hit Chilivani, Italy, and the airfields at Monserrato and Alghero, Sardinia. In Sardinia, fighters hit radar stations at Pula and Alghero, while B-26's bomb the airfields at Milis and Capoterra. In Sicily, Northwest African Tactical Air Force (NATAF) A-20's hit the area around Marsala and airfields at Sciaccay and Trapani. The ground echelon of the 111th Reconnaissance Squadron (Fighter), 68th Reconnaissance Group transfers from Nouvion, Algeria to Tunis, Tunisia. The air echelon is at Korba, Tunisia. The 309th Fighter Squadron, 31st Fighter Group transfers with Spitfires transfers from Korba, Tunisia to Gozo Island, Malta."
EVT_19430714_04019,1943-07-14,1943,7,MTO,MEDITERRANEAN THEATER OF OPERATIONS,NASAF,,Sicily,,"WELLINGTON, C-47, SPITFIRE, B-26, P-51, B-25, B-17",0,0,0,"WESTERN MEDITERRANEAN (Northwest African Air Force) In Sicily during the night of 13/14 Jul, Northwest African Strategic Air Force (NASAF) Wellingtons bomb Palermo and Messina, and C-47's drop paratroops in advance of Allied troops to secure a bridge at Primosole. Northwest African Tactical Air Force (NATAF) aircraft hit ammo dumps, trains, rail junctions, bridges, vehicle convoys, and other targets of opportunity in the Sicilian countryside, and bomb several town areas including Enna and Palermo during several raids throughout the night of 13/14 Jul and the following day. During the day, B-17's, B-26's, B-25's, and fighters hit Naples, Italy and Messina, Enna, Marsala, and Randazzo, and numerous targets of opportunity in Sicily. Northwest African Coastal Air Force (NACAF) continues sea patrols, reconnaissance, and convoy protection. On the ground in Sicily, British forces attempting to establish a bridgehead at the Primosole bridge on the Simeto River near Lentini continue to face strong opposition. The detachment of the 15th Photographic Squadron (Heavy), 3d Photo- graphic Reconnaissance and Mapping Group, operating from Le Kroub, Algeria with B-17's and F-5's returns to it's base at La Marsa, Tunisia. The air echelon of the 111th Reconnaissance Squadron (Fighter), 68th Reconnaissance Group, transfers from Korba, Tunisia to Ponte Olivo, Sicily with P-51's. The ground echelon will remain at Tunis, Tunisia until Friday. The 307th and 308th Fighter Squadrons, 31st Fighter Group, transfer with Spitfires from Gozo Island, Malta to Ponte Olivo, Sicily."
EVT_19430716_04030,1943-07-16,1943,7,MTO,MEDITERRANEAN THEATER OF OPERATIONS,NASAF,,,,"WELLINGTON, BEAUFIGHTER",0,0,0,"WESTERN MEDITERRANEAN (Northwest African Air Force) During the night of 15/16 Jul, Northwest African Strategic Air Force (NASAF) Wellingtons bomb the dock, marshalling yards, and airfields at Vibo Valentia, Sicily and Crotone, Reggio di Calabria, and Villa San Giovanni, Italy, while Northwest African Tactical Air Force (NATAF) light and medium bombers carry out numerous missions against Randazzo, Sicily and roads in Sicily. During the day NATAF fighters, light and medium bombers bomb Valguarnera, Sicily and targets of opportunity in north central Sicily. On the ground in Sicily, British troops establish a bridgehead across the Simeto River. The ground echelon of the 111th Reconnaissance Squadron (Fighter), 68th Reconnaissance Group, transfers from Tunis, Tunisia to Ponte Olivo, Sicily joining the air echelon which arrived on Tuesday. The air echelon of the 414th Night Fighter Squadron, 2d Air Defense Wing, which has been training in England with Beaufighters, joins the ground echelon at Rerhaia, Algeria. The squadron will enter combat on 24 Jul."
EVT_19430723_04074,1943-07-23,1943,7,MTO,MEDITERRANEAN THEATER OF OPERATIONS,NASAF,,Italy,,"B-26, BEAUFIGHTER, A-20, B-25, B-17",0,0,0,"WESTERN MEDITERRANEAN (Northwest African Air Force) Northwest African Strategic Air Force (NASAF) B-17's, B-25's, and B-26's bomb Leverano and Crotone, Italy, and Aquino Airfield, Sicily. In Sicily, Northwest African Tactical Air Force (NATAF) medium bombers and fighters bomb and strafe Misterbianco, transport in the Nicosia-Troina- Randazzo areas, and bridges and landing craft in the coastal area around Santo Stefano di Camastra and Orlando. On the ground in Sicily, the US Seventh Army mops up in W Sicily. The British Eighth Army's 30 Corps meets firm opposition as it moves E from Leonforte. HQ XII Bomber Command transfers from Constantine, Algeria to Tunis, Tunisia. The 97th Bombardment Squadron (Light), 47th Bombardment Group (Light) transfers with A-20's from Soliman, Tunisia to Malta. A detachment of the 414th Night Fighter Squadron, 2d Air Defense Wing, based at Rerhaia, Algeria begins operating from Protville, Tunisia with Beaufighters. The squadron will fly it's first combat mission tomorrow. A detachment of the 415th Night Fighter Squadron, 1st Air Defense Wing, based at Monastir, Tunisia begins operating from Protville, Tunisia with Beaufighters."
EVT_19430725_04091,1943-07-25,1943,7,MTO,MEDITERRANEAN THEATER OF OPERATIONS,NATAF,,Sicily,,,0,0,0,"WESTERN MEDITERRANEAN (Northwest African Air Force) In Sicily, Northwest African Tactical Air Force (NATAF), medium and light bombers, and fighters during night and day raids, attack shipping and docks at Milazzo and in the Santo Stefano di Camastra-Orlando area, and hit roads and motor transport, bridges and armor concentration in the Orlando-Adrano-Troina-Nicosia areas. On the ground in Sicily, the US Seventh Army makes slow progress along the N coastal road, while the British Eighth Army's 30 Corps takes part in hard fighting in the Agira area. HQ 1st Air Defense Wing transfers from Sousse, Tunisia to Palermo, Sicily. This unit will be redesignated the 62d Fighter Wing on 7 Aug 43. HQ 14th Fighter Group transfers from El Bathan, Tunisia to Ste-Marie- du-Zit, Tunisia."
EVT_19430726_04099,1943-07-26,1943,7,MTO,MEDITERRANEAN THEATER OF OPERATIONS,NATAF,,Sicily,,"C-47, B-26, P-38",0,0,0,"WESTERN MEDITERRANEAN (Northwest African Air Force) In Sicily during the night of 25/26 Jul, Northwest African Tactical Air Force (NATAF) medium bombers attack Milazzo, Adrano, and Paterno; throughout the day light bombers hit Regalbuto at intervals, and fighter- bombers harrass shipping, rail, and road movements. Northwest African Strategic Air Force (NASAF) B-26's bomb the Marina di Paola, Italy marshalling yard. HQ 64th Troop Carrier Group and it's 16th, 17th, 18th and 35th Troop Carrier Squadrons transfer from Kairouan, Tunisia to El Djem, Tunisia with C-47's. The 7th Troop Carrier Squadron, 62d Troop Carrier Group, transfers from El Djem, Tunisia to Gourbrine, Tunisia with C-47's. The 37th Fighter Squadron, 14th Fighter Group, transfers from El Bathan, Tunisia to Ste-Marie-du-Zit, Tunisia with P-38's."
EVT_19430602_04689,1943-06-02,1943,6,MTO,MEDITERRANEAN THEATER OF OPERATIONS,Ninth Air Force,,Tunisia,,P-40,0,0,0,"EASTERN MEDITERRANEAN (Ninth Air Force) HQ 324th Fighter Group and it's 315th and 316th Fighter Squadrons with P-40's transfer from an unknown location in Tunisia to Kairouan, Tunisia."
EVT_19430602_04690,1943-06-02,1943,6,MTO,MEDITERRANEAN THEATER OF OPERATIONS,NASAF,,,,"WELLINGTON, P-40, P-38, B-25",0,0,0,"WESTERN MEDITERRANEAN (Northwest African Air Force) During the night of 1/2 Jun, Wellingtons of Northwest African Strategic Air Force (NASAF) hit Pantelleria Island in the Mediterranean and drop pamphlets on Naples, Italy. Fighters and medium bombers hit Pantelleria during the following morning and afternoon. P-38's attack the airfield at Milo, Sicily while P-40's strafe targets of opportunity in Sardinia. HQ 12th Bombardment Group (Medium) and it's 81st, 82d and 434th Bombardment Squadrons (Medium) with B-25's and HQ 340th Bombardment Group (Medium) transfer from Sfax, Tunisia to Hergla, Tunisia."
EVT_19430603_04696,1943-06-03,1943,6,MTO,MEDITERRANEAN THEATER OF OPERATIONS,NASAF,,,,"WELLINGTON, P-40, P-38, B-25",0,0,0,"WESTERN MEDITERRANEAN (Northwest African Air Force) Fighters, light and medium bombers of the Northwest African Strategic Air Force (NASAF) and Northwest Tactical Air Force NATAF) attack defended positions on Pantelleria Island in the Mediterranean following a raid on the town area and docks by Wellingtons during the night of 2/3 Jun. HQ 14th Fighter Group and it's 48th and 49th Fighter Squadrons with P-38's transfer from Telergma, Algeria to El Bathan, Tunisia. HQ 86th Bombardment Group (Dive) and it's 309th Bombardment Squadron (Dive) transfer with A-36's from La Senia, Algeria to Marnia, French Morocco. HQ 325th Fighter Group and it's 317th and 318th Fighter Squadrons transfer with P-40's from Montesquieu, Algeria to Souk-el-Khemis, Tunisia. The 83d Bombardment Squadron (Medium), 12th Bombardment Group (Medium) transfers with B-25's from Sfax, Tunisia to Hergla, Tunisia. The 154th Reconnaissance Squadron (Fighter), 68th Reconnaissance Group transfers with P-38/F-5s from Korba, Tunisia to Nouvion, Algeria. The 486th, 487th, 488th and 489th Bombardment Squadrons (Medium), 340th Bombardment Group (Medium) transfer with B-25's from Sfax, Tunisia to Hergla, Tunisia."
EVT_19430610_04739,1943-06-10,1943,6,MTO,MEDITERRANEAN THEATER OF OPERATIONS,Eighth Air Force,,,,P-40,0,0,0,"WESTERN MEDITERRANEAN (Northwest African Air Force) Following attacks during the night of 9/10 Jun by fighter-bombers, Northwest African Strategic Air Force (NASAF) and Northwest Tactical Air Force (NATAF) aircraft (fighters, and light, medium and heavy bombers) maintain all-day attacks on Pantelleria Island; over 1,000 sorties are flown. The 60th Fighter Squadron, 33d Fighter Group transfers with P-40's from Menzel Temime, Tunisia to Sousse, Tunisia."
EVT_19430616_04776,1943-06-16,1943,6,MTO,MEDITERRANEAN THEATER OF OPERATIONS,Eighth Air Force,,Italy,,C-47,0,0,0,"WESTERN MEDITERRANEAN (Northwest African Air Force) Northwest African Photographic Reconnaissance Wing continues coverage of areas of mainland Italy, Sicily, and Sardinia. HQ 313th Troop Carrier Group and it's 29th, 47th and 49th Troop Carrier Squadrons transfer with C-47's from Oujda, French Morocco to Kairouan, Tunisia."
EVT_19430618_04785,1943-06-18,1943,6,MTO,MEDITERRANEAN THEATER OF OPERATIONS,Ninth Air Force,,Tunisia,,P-40,0,0,0,"EASTERN MEDITERRANEAN (Ninth Air Force) HQ 324th Fighter Group and it's 314th, 315th and 316th Fighter Squadrons transfer with P-40's from Kairouan, Tunisia to El Haouaria, Tunisia."
EVT_19430618_04786,1943-06-18,1943,6,MTO,MEDITERRANEAN THEATER OF OPERATIONS,Seventh Air Force,,Italy,,"P-40, B-26, P-38, B-25, B-17",0,0,0,"WESTERN MEDITERRANEAN (Northwest African Air Force) B-17's strike the Messina, Italy ferry slip and railroad yards while P-38's bomb the airfield at Milo, Sicily. B-26's and B-25's, with P-38 escort, hit docks and shipping at Olbia, Sardinia and shipping at Golfo Aranci, Italy. Northwest African Tactical Air Force (NATAF) and  Northwest African Coastal Air Force (NACAF) airplanes maintain patrol and reconnaissance flights. Northwest African Air Force (NAAF) aircraft claim over 40 aircraft destroyed. The 59th Fighter Squadron, 33d Fighter Group transfers with P-40's from Sousse, Tunisia to Pantelleria Island in the Mediterranean. The 429th Bombardment Squadron (Heavy), 2d Bombardment Group (Heavy) transfers with B-17's from Chateaudun-du-Rhumel, Algeria to Ain M'lila, Algeria."
EVT_19430619_04792,1943-06-19,1943,6,MTO,MEDITERRANEAN THEATER OF OPERATIONS,NASAF,,Sicily,,"WELLINGTON, P-40, BEAUFIGHTER",0,0,0,"WESTERN MEDITERRANEAN (Northwest African Air Force) During the night of 18/19 Jun, Northwest African Strategic Air Force (NASAF) Wellingtons bomb Syracuse, Sicily. Northwest Tactical Air Force (NATAF), Northwest African Coastal Air Force (NACAF), and Northwest African Photographic Reconnaissance Wing airplanes maintain patrols and reconnaissance over areas of N Africa, the Mediterranean, Sicily, Sardinia, and mainland Italy. HQ 33d Fighter Group transfers from Sousse, Tunisia to Pantelleria Island in the Mediterranean. HQ 325th Fighter Group and it's 318th and 319th Fighter Squadrons transfer with P-40's from Souk-el-Khemis, Tunisia to Mateur, Tunisia. The air echelon of the 415th Night Fighter Squadron, Twelfth Air Force with Beaufighters joins the ground echelon at La Senia, Algeria after training in England."
EVT_19430620_04796,1943-06-20,1943,6,MTO,MEDITERRANEAN THEATER OF OPERATIONS,NASAF,,Sicily,,"WELLINGTON, C-47, B-26, P-38, P-51",0,0,0,"WESTERN MEDITERRANEAN (Northwest African Air Force) Northwest African Strategic Air Force (NASAF) Wellingtons bomb Messina, Sicily during the night of 19/20 Jun. The following morning B-26's bomb the airfields at Milo, Castelvetrano, and Bo Rizzo, Sicily. The Northwest Tactical Air Force (NATAF) and Northwest African Coastal Air Force (NACAF) maintain patrols, reconnaissance, and convoy escort while the Northwest African Photographic Reconnaissance Wing continues coverage of areas in Sicily and mainland Italy. The 12th Photographic Squadron (Light), 3d Photographic Reconnaissance and Mapping Group transfers with F-5's from La Marsa, Tunisia to Ariana, Tunisia. The squadron has a detachment operating on Malta. The 48th Troop Carrier Squadron, 313th Troop Carrier Group transfers with C-47's from Oujda, French Morocco to Kairouan, Tunisia. The 94th Fighter Squadron, 1st Fighter Group transfers with P-38's from Chateaudun-du-Rhumel, Algeria to Mateur, Tunisia. The air echelon of the 111th Reconnaissance Squadron (Fighter), 68th Reconnaissance Group based at Nouvion, Algeria begins operating at Bou Ficha, Tunisia with P-51's. The 311th Bombardment Squadron (Dive), Twelfth Air Force transfers with A-36's from La Senia, Algeria to Sale, French Morocco. This squadron is attached to the Northwest African Training Command and trains A-36 pilots."
EVT_19430621_04803,1943-06-21,1943,6,MTO,MEDITERRANEAN THEATER OF OPERATIONS,Seventh Air Force,,Italy,,"WELLINGTON, P-40, C-47, B-17",0,0,0,"WESTERN MEDITERRANEAN (Northwest African Air Force) In Italy, Wellingtons bomb Naples during the night of 20/21 Jun. The following day, B-17's hit the Naples railroad yards, Salerno marshalling yard and trestle, Battipaglia marshalling yard, and Cancello Arnone air depot. Fighters fly patrol, reconnaissance, and convoy escort. HQ 61st Troop Carrier Group and it's 59th Troop Carrier Squadron transfer with C-47's from Lourmel, French Morocco to Kairouan, Tunisia. HQ 480th Antisubmarine Group, AAF Antisubmarine Command is activated at Port Lyautey, French Morocco to control Antisubmarine Squadrons patrolling the Atlantic Ocean off Morocco. The 60th Fighter Squadron, 33d Fighter Group transfers with P-40's from Sousse, Tunisia to Pantelleria Island in the Mediterranean. The 317th Fighter Squadron, 325th Fighter Group transfers with P-40's from Souk-el-Khemis, Tunisia to Mateur, Tunisia."
EVT_19430626_04826,1943-06-26,1943,6,MTO,MEDITERRANEAN THEATER OF OPERATIONS,Eighth Air Force,,Italy,,"WELLINGTON, C-47, B-26, B-24",0,0,0,"WESTERN MEDITERRANEAN (Northwest African Air Force) Wellingtons bomb the Bari, Italy oil refinery during the night of 25/26 Jun. HQ 314th Troop Carrier Group and it's 32d, 50th and 61st Troop Carrier Squadrons transfer with C-47's from Berguent, French Morocco to Kairouan, Tunisia. HQ 319th Bombardment Group (Medium) and it's 437th, 438th, 439th and 440th Bombardment Squadrons (Medium) transfer with B-26's from Sedrata, Algeria to Djedeida, Tunisia. The 10th Troop Carrier Squadron, 60th Troop Carrier Group transfers with C-47's from Thiersville, Algeria to El Djem, Tunisia. A detachment of the 68th Bombardment Squadron (Heavy), 44th Bombardment Group (Heavy) based at Shipdham, England begins operating from Benina, Libya with B-24's."
EVT_19430628_04839,1943-06-28,1943,6,MTO,MEDITERRANEAN THEATER OF OPERATIONS,NASAF,,Sicily,,"WELLINGTON, C-47, P-40, B-26, P-38, B-24, P-39, B-25, B-17",0,0,0,"WESTERN MEDITERRANEAN (Northwest African Air Force) During the night of 27/28 Jun Northwest African Strategic Air Force (NASAF) Wellingtons bomb the Messina, Sicily marshalling yards and Villa San Giovanni, Italy. The following day, B-17's hit Leghorn, Italy, B-25's hit airfields near Olbia, Sardinia and Alghero, Sicily, B-26's attack the landing ground at Milis, Sardinia, and fighters hit the airfield at Decimomannu, Sardinia. HQ 60th Troop Carrier Group and it's 11th Troop Carrier Squadron transfer with C-47's from Thiersville, Algeria to El Djem, Tunisia. HQ 64th Troop Carrier Group and it's 16th, 17th and 35th Troop Carrier Squadrons transfer with C-47's from Blida, Algeria to Kairouan, Tunisia. ""A"" Flight of the 15th Photographic Squadron (Heavy), 3d Photographic Reconnaissance and Mapping Group transfers with F-5's from Le Kroub, Algeria to La Marsa, Tunisia. ""B"" and ""C"" Flights are still in the US. The 27th and 71st Fighter Squadrons, 1st Fighter Group transfer with P-38's from Chateaudun-du-Rhumel, Algeria to Mateur, Tunisia. The 58th Fighter Squadron, 33d Fighter Group transfers with P-40's from Menzel Temime, Tunisia to Pantelleria Island in the Mediterranean. The 66th and 67th Bombardment Squadrons (Heavy), 44th Bombardment Group (Heavy) based at Shipdham, England begin operating from Benina, Libya with B-24's. The 345th Fighter Squadron, 350th Fighter Group transfers with P-39's from Maison Blanche, Algeria to Bone, Algeria."
EVT_19430629_04843,1943-06-29,1943,6,MTO,MEDITERRANEAN THEATER OF OPERATIONS,Ninth Air Force,,Italy,,P-40,0,0,0,"EASTERN MEDITERRANEAN (Ninth Air Force) Royal Air Force (RAF) heavy bombers hit the airfield at Reggio di Calabria, Italy. P-40's patrol the sea off Cap Bon, Tunisia; there are no incidents."
EVT_19430630_04847,1943-06-30,1943,6,MTO,MEDITERRANEAN THEATER OF OPERATIONS,Ninth Air Force,,Tunisia,,P-40,0,0,0,"EASTERN MEDITERRANEAN (Ninth Air Force) P-40's fly escort for a sea rescue airplane 35 mi (56 km) N of Cap Bon, Tunisia."
EVT_19420303_05314,1942-03-03,1942,3,ATO,ZONE OF INTERIOR: The Combined Chiefs of Staff (CCS) take under,,,Tunisia,,,0,0,0,"consideration a recommendation to continue Operation SUPERGYMNAST (projected plan to combine the US and British plans for the seizure of Dakar, Casablanca and Tunisia) as an ""academic study"" only. Thus the proposed N African venture ceases to affect the 8th Air Force until it is revived later as Operation TORCH."
EVT_19430303_05368,1943-03-03,1943,3,MTO,MEDITERRANEAN THEATER OF OPERATIONS,Ninth Air Force,,Italy,,"B-25, P-40, B-24",0,0,0,"EASTERN MEDITERRANEAN (Ninth Air Force) In Italy, B-24s dispatched against Naples fail to reach the primary target.  Several bomb the secondary target, Messina, while 3 bomb bridges at Bianco and Siderno Marina. In Tunisia, P-40s fly fighter-bomber missions along the Mareth Line as a probing attack against the British 51 Division positions near Mareth is driven back.  The German Afrika Korps issues a plan for a counterattack from the Mareth Line. The 83d Bombardment Squadron (Medium), 12th Bombardment Group (Medium) with B-25s transfers from Castel Benito, Libya to El Assa, Libya The 343d Bombardment Squadron (Heavy), 98th Bombardment Group (Heavy) with B-24s transfers from Gamut, Libya to Lete, Libya."
EVT_19430303_05369,1943-03-03,1943,3,MTO,MEDITERRANEAN THEATER OF OPERATIONS,Tenth Air Force,,Tunisia,,"B-26, B-17",0,0,0,"WESTERN MEDITERRANEAN (Northwest African Air Force) In Tunisia, B-17s bomb docks and shipping at Tunis and shipping and a power plant at La Goulette harbor.  Fighters and medium bombers of the Northwest African Tactical Air Force hit ground forces in the areas around Bedja, Bou Arada, and Mateur.  Fighting around Bedja subsides but enemy forces take Sedjenane. HQ 319th Bombardment Group (Medium) and it's 437th, 438th, 439th and 440th Bombardment Squadrons (Medium) with B-26s are pulled out of combat for training and reorganization and transfer from Telergma, Algeria to Oujda, French Morocco."
EVT_19430304_05374,1943-03-04,1943,3,MTO,MEDITERRANEAN THEATER OF OPERATIONS,Ninth Air Force,,Tunisia,,"P-40, B-24",0,0,0,"EASTERN MEDITERRANEAN (Ninth Air Force) In Tunisia, P-40s fly top cover missions as the British Eighth Army completes the concentration of troops and weapons in forward areas and awaits an attack which seems imminent in view of German troop movements in the mountains W of Medenine. The 344th Bombardment Squadron (Heavy), 98th Bombardment Group (Heavy) with B-24s transfers from Kabrit, Egypt to Lete, Libya."
EVT_19430304_05375,1943-03-04,1943,3,MTO,MEDITERRANEAN THEATER OF OPERATIONS,Eighth Air Force,,Tunisia,,"B-26, B-25, B-17",0,0,0,"WESTERN MEDITERRANEAN (Northwest African Air Force) In the Mediterranean, B-25s and B-26s fly unsuccessful missions against shipping between Tunisia and Sicily.  B-17s attack a convoy NW of Bizerte, Tunisia, claiming 4 vessels sunk."
EVT_19430305_05380,1943-03-05,1943,3,MTO,MEDITERRANEAN THEATER OF OPERATIONS,Eleventh Air Force,,Tunisia,,"B-26, P-38, B-17",0,0,0,"WESTERN MEDITERRANEAN (Northwest African Air Force) In the Mediterranean, Northwest African Strategic Air Force B-17s hit convoys NW of Bizerte, Tunisia while B-26s attack motor vessels between Tunisia and Sicily. Northwest African Tactical Air Force fighters and medium bombers hit the Djedeida, Siki Nsir area, and ground forces in the Bedja-Mateur areas. HQ 14th Fighter Group and it's 49th Fighter Squadron with P-38s are pulled out of combat and transferred from Berteaux, Algeria to Mediuna, French Morocco. HQ 81st Fighter Group transfers from Le Kouif Airfield, Algeria to Thelepte, Tunisia."
EVT_19430306_05385,1943-03-06,1943,3,MTO,MEDITERRANEAN THEATER OF OPERATIONS,Ninth Air Force,,Tunisia,,,0,0,0,"EASTERN MEDITERRANEAN (Ninth Air Force) In Tunisia, 35 planes strafe and bomb installations in the Mareth Line as Rommel's expected attack in Tunisia takes place and is defeated.  Four thrusts toward Medenine are repulsed by the British, and the enemy retreats after nightfall, having lost about 50 tanks."
EVT_19430306_05386,1943-03-06,1943,3,MTO,MEDITERRANEAN THEATER OF OPERATIONS,Eighth Air Force,,Tunisia,,P-39,0,0,0,"WESTERN MEDITERRANEAN (Northwest African Air Force) Weather cancels Northwest African Strategic Air Force bomber missions. In Tunisia, fighters fly reconnaissance along the battle line. HQ 47th Bombardment Group (Light) transfers from Youks-les-Bains, Algeria to Canrobert, Algeria. HQ 301st Bombardment Group (Heavy) transfers from Ain M'lila, Algeria to St-Donat, Algeria. The 92d and 93d Fighter Squadrons, 81st Fighter Group with P-39s transfer from Le Kouif Airfield, Algeria to Thelepte, Tunisia."
EVT_19430307_05391,1943-03-07,1943,3,MTO,MEDITERRANEAN THEATER OF OPERATIONS,Tenth Air Force,,Tunisia,,"B-25, B-17",0,0,0,"WESTERN MEDITERRANEAN (Northwest African Air Force) In the Mediterranean, B-25s hit shipping between Tunisia and Sicily while B-17s bomb a convoy in the Gulf of Tunis and shipping and the marshalling yard at Souase, Tunisia. The 352d Bombardment Squadron (Heavy) with B-17s transfers from Ain M'lila, Algeria to St-Donat, Algeria. The 445th, 446th, 447th and 448th Bombardment Squadrons (Medium), 321st Bombardment Group (Medium) with B-25's arrive at Oujda, French Morocco from the U.S."
EVT_19430308_05399,1943-03-08,1943,3,MTO,MEDITERRANEAN THEATER OF OPERATIONS,NASAF,,Tunisia,,"P-40, SPITFIRE, P-38, B-25, B-17",0,0,0,"WESTERN MEDITERRANEAN (Northwest African Air Force) In the Mediterranean, Northwest African Strategic Air Force (NASAF) B-17s and B-25s attack shipping between Tunisia and Sicily, claiming the destruction  or the heavy damage of several motor vessels. In Tunisia, other B-17s hit shipping and marshalling yard at Sousse. P-38s escort the bomb missions.  Fighters of the Northwest African Tactical Air Force (NATAF) fly several reconnaissance and patrol missions along the Tunisian British First Army battlefront while Western Desert Air Force P-40s and Spitfires hit the rear of columns attacking Medenine from the west. The 2d, 4th and 5th Fighter Squadrons, 52d Fighter Group with Spitfire Mk Vs transfer from Telergma, Algeria to Youks-les-Bains, Algeria. The 32d, 353d and 419th Bombardment Squadrons (Heavy), 301st Bombardment Group (Heavy) with B-17's transfer from Ain M'lila, Algeria to St-Donat, Algeria."
EVT_19430310_05412,1943-03-10,1943,3,MTO,MEDITERRANEAN THEATER OF OPERATIONS,Eighth Air Force,,Tunisia,,"P-39, B-17",0,0,0,"WESTERN MEDITERRANEAN (Northwest African Air Force) In Tunisia, B-17s bomb El Aouins Airfield and La Marsa landing ground, destroying several parked airplanes and hit the town of Gafsa.  Fighters escort the B-17's and carry out numerous reconnaissance missions. The 93d Fighter Squadron, 81st Fighter Group with P-39s transfers from Berteaux, Algeria to Youks-les-Bains, Algeria."
EVT_19430311_05416,1943-03-11,1943,3,MTO,MEDITERRANEAN THEATER OF OPERATIONS,,,Tunisia,,"SPITFIRE, B-26, B-24, B-25",0,0,0,"WESTERN MEDITERRANEAN (Northwest African Air Force) In the Mediterranean, B-26s attack a convoy between Tunisia and Sicily. B-25s in the area carry out no attacks on vessels. In Tunisia, fighters escort medium bombers and attack guns, vehicles. and tanks in the Sedjenane, Jefna, and Bedja areas. HQ 31st Fighter Group and it's 307th, 308th and 309th Fighter Squadrons with Spitfire Mk V's transfer from Kalaa Djerda, Tunisia to Thelepte, Tunisia. The 2d Antisubmarine Squadron (Heavy), 25th Antisubmarine Wing with B-24's transfers from St. Eval, England to Port Lyautey, French Morocco."
EVT_19430312_05423,1943-03-12,1943,3,MTO,MEDITERRANEAN THEATER OF OPERATIONS,Ninth Air Force,,Libya,,"WELLINGTON, B-26, B-25, B-17",0,0,0,"EASTERN MEDITERRANEAN (Ninth Air Force) HQ 79th Fighter Group transfers from Libya to Tunisia. WESTERN MEDITERRANEAN (Northwest African Air Force) In Tunisia, B-17s bomb the docks and marshalling yards at Sousse. B-26s pound supply dumps and score near misses on bridges at Enfidaville, while B-25s bomb shipping between Tunisia and Sicily. Fighters escort the bombers and carry out attacks on ground targets, destroying several vehicles in the Pichon area and south of Pont-du-Fahs.  RAF Wellingtons bomb the Tunis docks during the night of 12/13 March. The 321st Bombardment Group (Medium) and it's 445th, 446th, 447th and 448th Bombardment Squadrons (Medium) with B-25's transfer from Oujda, French Morocco to Ain M'lila, Algeria. The squadrons will enter combat on next Monday and Tuesday."
EVT_19430313_05430,1943-03-13,1943,3,MTO,MEDITERRANEAN THEATER OF OPERATIONS,Eighth Air Force,,Tunisia,,"P-51, P-39, B-25",0,0,0,"WESTERN MEDITERRANEAN (Northwest African Air Force) B-25s are sent against shipping NE of Bizerte, Tunisia but fail to locate the target.  Fighters hit positions and movement in the Mareth Line area, and fly patrols and reconnaissance. HQ XII Air Support Command transfers from Algeria to Tunisia. The 154th Observation Squadron, 68th Observation Group with P-39's and P-51's transfers from Youks-les-Bains, Algeria to Thelepte, Algeria. The 154th is an ex-Arkansas National Guard outfit."
EVT_19430314_05435,1943-03-14,1943,3,MTO,MEDITERRANEAN THEATER OF OPERATIONS,Ninth Air Force,,Italy,,"P-40, B-25",0,0,0,"EASTERN MEDITERRANEAN (Ninth Air Force) In Italy during the night of 13/14 Mar, RAF Liberators under the operational control of the IX Bomber Command hit the harbor at Naples. In Tunisia during the day, fighters fly cover and sweep over the battle area.  The 85th and 87th Fighter Squadrons of the 79th Fighter Group fly their first combat mission when 12 P-40's escort 11 B-25's on a mission against the Mareth Line."
EVT_19430314_05436,1943-03-14,1943,3,MTO,MEDITERRANEAN THEATER OF OPERATIONS,Eleventh Air Force,,Tunisia,,,0,0,0,WESTERN MEDITERRANEAN (Northwest African Air Force) Weather cancels all missions except Northwest African Tactical Air Force fighter reconnaissance in the Enfidaville-Sfax area and between Tunisia and Sicily.
EVT_19430315_05441,1943-03-15,1943,3,MTO,MEDITERRANEAN THEATER OF OPERATIONS,Ninth Air Force,,Tunisia,,"P-40, B-25",0,0,0,"EASTERN MEDITERRANEAN (Ninth Air Force) In Tunisia, B-25s, escorted by P-40's of 79th Fighter Group (the group's first operation in the theater), bomb Zarat.  Fighters also fly strafing and bombing raids against ground targets. The 81st and 82d Bombardment Squadron (Medium), 12th Bombardment Group (Medium) with B-25's transfer from Berteaux, Algeria to Canrobert, Algeria. These Ninth Air Force units are TDY to the Northwest African Air Force. The 316th Fighter Squadron, 324th Fighter Group with P-40's transfers from El Kabrit, Egypt to Libya."
EVT_19430315_05442,1943-03-15,1943,3,MTO,MEDITERRANEAN THEATER OF OPERATIONS,NASAF,,Tunisia,,"B-26, B-25, B-17",0,0,0,"WESTERN MEDITERRANEAN (Northwest African Air Force) In Tunisia, Northwest African Strategic Air Force (NASAF) B-26s, with fighter escort, attack the landing pound at Mezzouna. B-25's follow with an attack on the same target. Fighters of the Northwest African Tactical Air Force (NATAF) fly tactical reconnaissance over the battle area as the units of the US II Corps prepare to attack east from the Gafsa area. In the Mediterranean, B-17s, with fighter escort, hit shipping off Northern Tunisia."
EVT_19430316_05447,1943-03-16,1943,3,MTO,MEDITERRANEAN THEATER OF OPERATIONS,Ninth Air Force,,Tunisia,,P-40,0,0,0,"EASTERN MEDITERRANEAN (Ninth Air Force) In Tunisia, P-40s fly fighter-bomber operations against enemy positions as British ground forces prepare to conduct limited attacks as a preliminary to the main assault against the Mareth Line."
EVT_19430316_05448,1943-03-16,1943,3,MTO,MEDITERRANEAN THEATER OF OPERATIONS,Eleventh Air Force,,Tunisia,,B-17,0,0,0,"WESTERN MEDITERRANEAN (Northwest African Air Force) In the Mediterranean, B-17s attack shipping between Tunisia and Sicily, leaving 2 small vessels aflame.  Weather prevents completion of other bomber operations. In Tunisia, fighters fly reconnaissance and patrols but bad weather hides enemy ground activity. The 346th and 348th Bombardment Squadrons (Heavy), 99th Bombardment Group (Heavy) with B-17's arrive at Navarin, Algeria from the U.S.  The squadrons will fly their first mission on 31 March."
EVT_19430317_05454,1943-03-17,1943,3,MTO,MEDITERRANEAN THEATER OF OPERATIONS,Ninth Air Force,,Tunisia,,P-40,0,0,0,"EASTERN MEDITERRANEAN (Ninth Air Force) In Tunisia, P-40s fly scramble and fighter-bomber operations as British ground forces continue local operations in preparation for the assault on the Mareth Line."
EVT_19430318_05461,1943-03-18,1943,3,MTO,MEDITERRANEAN THEATER OF OPERATIONS,Ninth Air Force,,Italy,,"P-40, B-24",0,0,0,"EASTERN MEDITERRANEAN (Ninth Air Force) In Italy, B-24's, escorted by P-40's, bomb the harbor at Naples. WESTERN MEDITERRANEAN (Northwest African Air Force) Weather cancels operations of the Northwest African Strategic Air Force (NASAF) bombers. In Tunisia, Northwest African Tactical Air Force (NATAF) fighters fly sweeps and reconnaissance over the Sidi Nsir-Sedjenane-Medjez el Bab areas and attack a railway station, other buildings, railroad sidings, and motor transport at Temara."
EVT_19430320_05474,1943-03-20,1943,3,MTO,MEDITERRANEAN THEATER OF OPERATIONS,Ninth Air Force,,Tunisia,,"P-40, B-25",0,0,0,"EASTERN MEDITERRANEAN (Ninth Air Force) In Tunisia, B-25's bomb the Mareth area. AA is intense and all medium bombers suffer hits.  P-40's escort bombers and carry out fighter-bomber and top cover operations as British ground troops open the assault on positions with infantry and artillery.  The British 30 Corps gains a bridgehead across the Oued Zigzaou."
EVT_19430320_05475,1943-03-20,1943,3,MTO,MEDITERRANEAN THEATER OF OPERATIONS,,,,,"P-40, B-26, B-25",0,0,0,"WESTERN MEDITERRANEAN (Northwest African Air Force) Northwest African Tactical Bomber Force (NATBF) is formed under the Northwest African Tactical Air Force with a small combined HQ which has under it the 47th Bombardment Group (Light), the RAF 326 Wing, and air echelons of 2 squadrons of the 12th Bombardment Group (Medium) which are attached for operational control. B-26's and B-25's launch consecutive attacks against the landing ground at Djebel Tebaga. Fighters fly escort and carry out numerous reconnaissance missions as the British Eighth Army opens an assault on the Mareth Line. In the Mediterranean, B-25's bomb shipping between Tunisia and Sicily. HQ XII Fighter Command transfers from La Senia, Algeria to Algiers, Algeria. A detachment of the 59th Fighter Squadron, 33d Fighter Group based at Berteaux, Algeria with P-40's begins operating from Thelepte, Tunisia."
EVT_19430321_05481,1943-03-21,1943,3,MTO,MEDITERRANEAN THEATER OF OPERATIONS,Ninth Air Force,,Italy,,"B-25, P-40, B-24",0,0,0,"EASTERN MEDITERRANEAN (Ninth Air Force) In Italy during the night of 20/21 March, B-24's attack the harbor and surrounding area of Naples, hitting a vessel, the city area, and in the vicinity of the railroad yards. In Tunisia, B-25's bomb targets, including a highway, in the Gabes area. They are escorted by almost 100 P-40's."
EVT_19430321_05482,1943-03-21,1943,3,MTO,MEDITERRANEAN THEATER OF OPERATIONS,Eleventh Air Force,,Tunisia,,"WELLINGTON, C-47, P-38, B-17",0,0,0,"WESTERN MEDITERRANEAN (Northwest African Air Force) In Tunisia during the night of 20/21 March, RAF Wellingtons bomb the docks at Ferryville. On the morning of 21 Mar, B-17's, with P-38 escort, attack the landing grounds at Djebel Tebaga, and Mezzouna. Elements of the US 1st Armored Division push toward Maknassy, placing it under artillery fire in preparation for the assault on the town. The 35th Troop Carrier Squadron, 64th Troop Carrier Group which has been operating it's C-47's from Telergma, Algeria returns to its base at Blida, Algeria."
EVT_19430322_05488,1943-03-22,1943,3,MTO,MEDITERRANEAN THEATER OF OPERATIONS,Ninth Air Force,,Italy,,"P-40, B-25",0,0,0,"EASTERN MEDITERRANEAN (Ninth Air Force) In Italy during the night of 21/22 Mar, RAF Liberators, under operational control of the IX Bomber Command, bomb Naples. In Tunisia, B-25's hit the Gabes area, bombing a road junction, motor transport, and troop concentrations. P-40's fly 5 escort missions during the day. British ground forces, after expanding the Oued Zigzaou bridgehead during 21/22 Mar, are severely handicapped by heavy rain. The enemy counter-attacks and forces 50 Division to give ground."
EVT_19430322_05489,1943-03-22,1943,3,MTO,MEDITERRANEAN THEATER OF OPERATIONS,Eighth Air Force,,,,"WELLINGTON, B-17, B-26, A-20",0,0,0,"WESTERN MEDITERRANEAN (Northwest African Air Force) In the Atlantic, German submarine U-524, is sunk north of the Canary Islands at 3O-15N 18-13W, by aircraft of 1st Antisubmarine Squadron (Heavy). In Tunisia, Northwest African Strategic Air Force (NASAF) Wellingtons hit the landing ground near Sfax during the night of 21/22 March. Northwest African Tactical Air Force (NATAF) fighters fly numerous reconnaissance and patrol missions while A-20's bomb Mezzouna and fighter-bombers hit motor transport and tanks in the northern Tunisian battle area. In the Mediterranean, B-26's on a sea sweep attack vessels near Zembra Island. In Sicily, B-17's bomb shipping in the harbor at Palermo."
EVT_19430323_05495,1943-03-23,1943,3,MTO,MEDITERRANEAN THEATER OF OPERATIONS,Ninth Air Force,,Italy,,"B-25, P-40, B-24",0,0,0,"EASTERN MEDITERRANEAN (Ninth Air Force) In Italy, B-24's bomb Messina, concentrating on the ferry slip. In Tunisia, B-25's hit the Mareth area. P-40's fly fighter-bomber operations and bomber escort over the battle area as the British 50 Division withdraws from the Oued Zigzaou bridgehead under cover of artillery fire."
EVT_19430323_05496,1943-03-23,1943,3,MTO,MEDITERRANEAN THEATER OF OPERATIONS,Eleventh Air Force,,Tunisia,,"WELLINGTON, B-17",0,0,0,"WESTERN MEDITERRANEAN (Northwest African Air Force) In Tunisia during the night of 22/23 March, RAF Wellingtons hit El Maou Airfield near Sfax. During the day, B-17's bomb shipping in Bizerte harbor. Fighters fly reconnaissance and patrol, bomb and strafe trucks, tanks, and troops near Bir Zallujah, hit tanks and trucks east of Mezzouna and Maknassy, and east of El Guettar, where the enemy ground forces are making thrusts toward the town."
EVT_19430324_05500,1943-03-24,1943,3,MTO,MEDITERRANEAN THEATER OF OPERATIONS,Ninth Air Force,,Italy,,"B-25, P-40, B-24",0,0,0,"EASTERN MEDITERRANEAN (Ninth Air Force) In Italy, B-24's attack the ferry installations at Messina. Direct hits are scored in the target area and adjacent railroad yards and naval oil and storage tanks are set afire. Just before midnight, RAF Liberators, under operational control of the IX Bomber Command, blast the docks at Messina. In Tunisia, B-25's hit Zarat. P-40's fly an escort, armed reconnaissance, and strafing mission. The British Eighth Army prepares to assault the west flank of the Mareth Line."
EVT_19430324_05501,1943-03-24,1943,3,MTO,MEDITERRANEAN THEATER OF OPERATIONS,NASAF,,Tunisia,,"P-40, SPITFIRE, B-26, P-38, A-20, P-39, B-25, B-17",0,0,0,"WESTERN MEDITERRANEAN (Northwest African Air Force) In Tunisia, Northwest African Strategic Air Force (NASAF) B-17's hit shipping and the the dock area at Ferryville. B-26's bomb the La Smala des Souassi landing ground and B-25's hit the Djebel Tebaga North landing ground.  Northwest African Tactical Air Force (NATAF) A-20's and B-25's hit troop concentrations near El Guettar (where the US 1st Infantry Division is under attack) and the landing ground at Djebel Tebaga. Fighters escort bombers and strafe ground forces along the battleline. HQ 68th Observation Group and it's 16th and 122d Observation Squadrons transfer from Oujda, French Morocco to Berrechid, French Morocco.  The 16th and 122d, with P-38's, P-39's, P-40's and Spitfires, begin training fighter pilots."
EVT_19430325_05506,1943-03-25,1943,3,MTO,MEDITERRANEAN THEATER OF OPERATIONS,Ninth Air Force,,Tunisia,,"P-40, B-25",0,0,0,"EASTERN MEDITERRANEAN (Ninth Air Force) In Tunisia, B-25's, in the early daylight hours, bomb installations in the Mareth area. P-40's attack motor transport, tanks, and communications targets in the battle area. During the night of 25/26 Mar heavy, medium and light bombers blast forces gathering in the El Hamma area."
EVT_19430325_05507,1943-03-25,1943,3,MTO,MEDITERRANEAN THEATER OF OPERATIONS,NASAF,,Tunisia,,"B-25, B-17",0,0,0,"WESTERN MEDITERRANEAN (Northwest African Air Force) In Tunisia, Northwest African Strategic Air Force (NASAF) B-17's bomb the docks and shipping at Sousse. B-25's hit the Djebel Tebaga landing ground. Northwest African Tactical Air Force (NATAF) fighters fly numerous patrols, sweeps, and reconnaissance flights over the battle areas. Northwest African Tactical Bomber Force (NATBF) bombers hit the Djebel Tebaga Airfield and motor transport west of Sfax and Sousse during the night of 24/25 March). XII Air Support Command medium bombers and fighters hit Djebel Tebaga Airfield, vehicles near Gabes, Mezzouna, Maknassy, and at several other points in the battle area. The 416th Bombardment Squadron (Heavy), 99th Bombardment Group (Heavy) with B-17's arrives at Navarin, Algeria from the U.S. The squadron will fly it's first mission on 31 Mar."
EVT_19430326_05511,1943-03-26,1943,3,MTO,MEDITERRANEAN THEATER OF OPERATIONS,Ninth Air Force,,Tunisia,,"P-40, B-25",0,0,0,"EASTERN MEDITERRANEAN (Ninth Air Force) In Tunisia, B-25's attack the Mareth area, dropping over 28.5 tons of bombs during 2 strikes. P-40's fly fighter-bomber and strafing missions, destroying or damaging over 50 military transport vehicles, tanks, and gun emplacements. Intense ground fire downs several US fighters. Following the aerial bombardment, Allied ground forces renew their assault on the Mareth Line."
EVT_19430326_05512,1943-03-26,1943,3,MTO,MEDITERRANEAN THEATER OF OPERATIONS,Eleventh Air Force,,Tunisia,,"P-39, B-25, B-17",0,0,0,"WESTERN MEDITERRANEAN (Northwest African Air Force) In Tunisia, B-25's bomb the Grombalia area. Other B-25's and B-17's of the Northwest African Strategic Air Force (NASAF) fail to complete missions because of weather. P-39's destroy several trucks in the Maknassy-Mezzouna area. Northwest African Tactical Air Force (NATAF) fighters and light and medium bombers bomb a fuel dump at Oudref, roads and a railway near Cekhira, docks at Sfax, and the airfield at Djebel Tebaga. Fighters strafe vehicles during armored reconnaissance between Faid and Gabes. The 347th Bombardment Squadron (Heavy), 99th Bombardment Group (Heavy) with B-17's arrives at Navarin, Algeria from the U.S.  The squadron will fly it's first mission on 31 Mar."
EVT_19430327_05518,1943-03-27,1943,3,MTO,MEDITERRANEAN THEATER OF OPERATIONS,NATAF,,Tunisia,,B-25,0,0,0,"WESTERN MEDITERRANEAN (Northwest African Air Force) In Tunisia, Northwest African Tactical Air Force (NATAF) fighters attack machinegun installations NE of Maknassy and a train at Mezzouna, and hit Djebel Naimia. Northwest African Coastal Air Force (NACAF) fighters on patrol claim several aircraft shot down. Weather prevents completion of an antishipping sweep by North African Strategic Air Force (NASAF) B-25's."
EVT_19430328_05522,1943-03-28,1943,3,MTO,MEDITERRANEAN THEATER OF OPERATIONS,Ninth Air Force,,Tunisia,,P-40,0,0,0,"EASTERN MEDITERRANEAN (Ninth Air Force) In Tunisia, P-40's launch a fighter-bomber attack against El Hamma, which the enemy has held as an escape corridor through which troops have been withdrawing during the night of 27/28 Mar."
EVT_19430328_05523,1943-03-28,1943,3,MTO,MEDITERRANEAN THEATER OF OPERATIONS,NASAF,,Tunisia,,"P-38, B-25",0,0,0,"WESTERN MEDITERRANEAN (Northwest African Air Force) In Tunisia, weather again prevents completion of Northwest African Strategic Air Force (NASAF) B-25 shipping strike. Northwest African Tactical Air Force (NATAF) fighters attack trucks south of Maknassy and near Gabes, hit gun positions and tanks near Mezzouna, where fierce ground fighting is taking place, and fly patrols and reconnaissance throughout the battle areas of Tunisia. Bombers hit roads, railroads, and military transport in the Sousse and Sfax areas during the night of 28/29 Mar. HQ 51st Troop Carrier Wing transfers from Algiers, Algeria to La Senia, Algeria. HQ 82d Fighter Group and it's 95th and 97th Fighter Squadrons with P-38's transfer from Telergma, Algeria to Berteaux, Algeria."
EVT_19430329_05529,1943-03-29,1943,3,MTO,MEDITERRANEAN THEATER OF OPERATIONS,Ninth Air Force,,Tunisia,,"P-40, B-25",0,0,0,"EASTERN MEDITERRANEAN (Ninth Air Force) In Tunisia, B-25's attack Sfax and El Maou area, scoring hits on several parked aircraft. P-40's fly escort and fighter-bomber missions as British ground forces pursue the enemy north through Gabes. The British Eighth Army completes the occupation of the Mareth Line. HQ 340th Bombardment Group (Medium) and it's 486th, 487th, 488th and 489th Bombardment Squadrons (Medium) with B-25's arrive at El Kabrit, Egypt from the U.S. The group will fly it's first mission on 6 Apr. The 315th Fighter Squadron, 324th Fighter Group with P-40's arrives at El Kabrit, Egypt from the U.S."
EVT_19430329_05530,1943-03-29,1943,3,MTO,MEDITERRANEAN THEATER OF OPERATIONS,NASAF,,Tunisia,,"C-47, P-39, A-20",0,0,0,"WESTERN MEDITERRANEAN (Northwest African Air Force) Weather cancels all Northwest African Strategic Air Force (NASAF) operations. In Tunisia, Northwest African Tactical Air Force (NATAF) fighters bomb and strafe a truck column south of Djebel Chemsi, a troop concentration near Mezzouna, and vehicles at other points along the Tunisian battlefront. The 4th Troop Carrier Squadron, 62d Troop Carrier Group with C-47's transfers from Casablanca, French Morocco to Nouvion, Algeria. The 84th Bombardment Squadron (Light), 47th Bombardment Group (Light) with A-20's transfers from Youks-les-Bains, Algeria to Canrobert, Algeria. The 92d Fighter Squadron, 81st Fighter Group with P-39's transfers from Thelepte, Tunisia to Youks-les-Bains, Algeria."
EVT_19430330_05536,1943-03-30,1943,3,MTO,MEDITERRANEAN THEATER OF OPERATIONS,Ninth Air Force,,Italy,,"B-25, P-40, B-24",0,0,0,"EASTERN MEDITERRANEAN (Ninth Air Force) In Italy, 3 B-24's sent to bomb the Messina ferry slip are unable to rendezvous because of bad weather; 1 B-24 bombs the Crotone chemical factory, hitting the center of the factory area, warehouses, and rail facilities. RAF Liberators sent against the same target return without bombing. In Tunisia, B-25's hit the landing ground at Sfax, scoring direct hits on 4 aircraft. P-40's fly escort missions. British ground forces make contact with the enemy's new line along Oued el Akarit."
EVT_19430330_05537,1943-03-30,1943,3,MTO,MEDITERRANEAN THEATER OF OPERATIONS,NASAF,,Tunisia,,A-20,0,0,0,"WESTERN MEDITERRANEAN (Northwest African Air Force) Weather halts all Northwest African Strategic Air Force (NASAF) missions except fighter reconnaissance. In Tunisia, Northwest African Tactical Air Force (NATAF) fighters bomb the area northeast of Oued Zarga, attack tanks, trucks, and troops southeast of Slourhin, at Djebel ben Kheir, at Djebel Chemsi, near El Ayacha and El Avoua, along the El Guettar-Mahares road, and in the El Agahea area. A-20's bomb the La Fauconnerie Airfield, hit troops at Djebel Chemsi, and bomb tanks and troops at Djebel Berda which is being assaulted by the US 9th Infantry Division. HQ 47th Bombardment Group (Light) and it's 85th and 86th Bombardment Squadron (Light) with A-20's transfer from Canrobert, Algeria to Thelepte, Tunisia."
EVT_19430331_05544,1943-03-31,1943,3,MTO,MEDITERRANEAN THEATER OF OPERATIONS,Ninth Air Force,,Tunisia,,"P-40, B-25",0,0,0,"EASTERN MEDITERRANEAN (Ninth Air Force) In Tunisia, B-25's bomb Sfax Airfield; bombs explode among 6 parked airplanes. P-40's escort bombers and fly fighter-bomber operations, during which motor transport along the highway north of Gabes is hit. The 9th Fighter Wing is inactivated at El Kabrit, Egypt."
EVT_19430331_05545,1943-03-31,1943,3,MTO,MEDITERRANEAN THEATER OF OPERATIONS,Eighth Air Force,,Sardinia,,"WELLINGTON, P-38, A-20, B-25, B-17",0,0,0,"WESTERN MEDITERRANEAN (Northwest African Air Force) In Sardinia during the night of 30/31 Mar, RAF Wellingtons bomb Decimomannu Airfield. During the day, B-17's hit Villacidro, Monserrato and Decimomannu Airfields and Cagliari harbor. In the Mediterranean, B-25's hit shipping off northeastern Tunisia. The B-l7 and B-25 missions are escorted by P-38's. In Tunisia, Northwest African Tactical Air Force (NATAF) fighters, and light and medium bombers attack La Fauconnerie Airfield, hit concentrations on the El Guettar-Gabes road (enemy positions through which the US II Corps is trying to break), bomb transport in the Djebel Tabouna area, attack roads in the Mezzouna-Mahares-Sfax-Sousse areas, hit trucks, halftracks, and tanks south of Djebel Berda and in the Djebel Berrani area, bomb the Djebel Chemsi Pass, strafe trucks on the Djebel Hadifa-Sidi Rouda road and in the Ofel- El Guettar area. Western Desert Air Force (WDAF) aircraft hit the El Maou landing ground. The 97th Bombardment Squadron (Light), 47th Bombardment Group (Light) with A-20's transfers from Canrobert, Algeria to Thelepte, Tunisia."
EVT_19430502_06202,1943-05-02,1943,5,MTO,MEDITERRANEAN THEATER OF OPERATIONS,Ninth Air Force,,Tunisia,,P-40,0,0,0,"EASTERN MEDITERRANEAN (Ninth Air Force) In Tunisia, P-40's attack shipping off the coast. WESTERN MEDITERRANEAN (Northwest African Air Force) In Tunisia, bad weather restricts the Northwest African Strategic Air Force (NASAF) to reconnaissance missions. Northwest African Tactical Air Force (NATAF) fighters hit tank and troop concentrations near Massicault and Tebourba and fly battle area reconnaissance as the US II Corps occupies Kef en Nsour while the enemy withdraws toward Bizerte."
EVT_19430503_06207,1943-05-03,1943,5,MTO,MEDITERRANEAN THEATER OF OPERATIONS,Ninth Air Force,,Tunisia,,P-40,0,0,0,"EASTERN MEDITERRANEAN (Ninth Air Force) In Tunisia, P-40's fly fighter-bomber missions against a bridge, buildings, and docks in the NE part of the country."
EVT_19430503_06208,1943-05-03,1943,5,MTO,MEDITERRANEAN THEATER OF OPERATIONS,NASAF,,Tunisia,,"B-25, B-17",0,0,0,"WESTERN MEDITERRANEAN (Northwest African Air Force) In Tunisia, Northwest African Strategic Air Force (NASAF) B-25's bomb a landing ground near Protville and B-17's hit shipping at Bizerte. Northwest African Tactical Air Force (NATAF) fighters fly numerous reconnaissance missions over the battle area as Mateur falls to the US 1st Armored Division. Other fighters escort NASAF bombers. Fighter-bombers bomb the Massicault area."
EVT_19430504_06216,1943-05-04,1943,5,MTO,MEDITERRANEAN THEATER OF OPERATIONS,NASAF,,Tunisia,,A-20,0,0,0,"WESTERN MEDITERRANEAN (Northwest African Air Force) In Tunisia, weather restricts Northwest African Strategic Air Force (NASAF) operations to a reconnaissance and uneventful shipping sweep; Northwest African Tactical Air Force (NATAF) fighters attack gun positions and vehicles near Zaghouan and Massicault and at other points in the surrounding areas. A-20's and medium bombers hit Zaghouan in support of the French advance."
EVT_19430505_06221,1943-05-05,1943,5,MTO,MEDITERRANEAN THEATER OF OPERATIONS,Ninth Air Force,,Tunisia,,P-40,0,0,0,"EASTERN MEDITERRANEAN (Ninth Air Force) In Tunisia, P-40's strafe and bomb a bridge, vessels, docks, warehouses, and other buildings at Nabeul harbor."
EVT_19430505_06222,1943-05-05,1943,5,MTO,MEDITERRANEAN THEATER OF OPERATIONS,NASAF,,Sicily,,"WELLINGTON, B-26, P-38, B-25, B-17",0,0,0,"WESTERN MEDITERRANEAN (Northwest African Air Force) In Sicily, Northwest African Strategic Air Force (NASAF) B-l7's bomb a vessel off Capo San Vito. In Italy, B-25's and B-26's bomb shipping off Marettimo Island. In Tunisia, NASAF B-17's hit Tunis harbor and attack ships and docks at La Goulette. B-25's and B-26's bomb shipping E of Cape Zebib, and hit a landing ground at Galaat el Andeless and near Protville. Northwest African Tactical Air Force (NATAF) fighters and bombers fly 6 missions against strongholds on the NE and E slopes of Djebel Bou Aoukaz as the British 5 Corps' 1 Division attacks and gains the position. Fighters hit shipping in Gulf of Tunis and attack landing grounds and concentrations near Protville. Wellingtons bomb roads at Bir Meherga. After regrouping and re-equipping, HQ 14th Fighter Group and it's 37th and 49th Fighter Squadrons with P-38's transfer from Mediouna, French Morocco to Telergma, Algeria."
EVT_19430506_06226,1943-05-06,1943,5,MTO,MEDITERRANEAN THEATER OF OPERATIONS,Ninth Air Force,,Italy,,"B-25, P-40, B-24",0,0,0,"EASTERN MEDITERRANEAN (Ninth Air Force) In Italy, B-24's bomb Reggio di Calabria harbor, hitting several vessels and shore installations. In Tunisia, B-25's attack Furna and Massicault and surrounding areas. P-40's hit shipping in the Gulf of Tunis and vehicles and buildings along the coast."
EVT_19430506_06227,1943-05-06,1943,5,MTO,MEDITERRANEAN THEATER OF OPERATIONS,NASAF,,Sicily,,"B-26, P-38, A-20, B-25, B-17",0,0,0,"WESTERN MEDITERRANEAN (Northwest African Air Force) In Sicily, Northwest African Strategic Air Force (NASAF) B-17's, escorted by fighters, bomb Marsala and Trapani. In Italy, B-25's and B-26's, escorted by fighters, bomb a convoy SW of Marettimo Island, the port of Favignana, and vessels W of Mitrettimo. In Tunisia, the British 18 Army Group opens the final assault on Tunis and Bizerte before dawn. The assault is supported by massed artillery fire and the most intensive air bombardment yet employed in North Africa. Northwest African Tactical Air Force (NATAF) airplanes bomb El Aouina, La Sebala, and Ariana Airfields during the night of 5/6 May. Today, fighters, A-20's, and medium bombers fly over 1,400 sorties, attacking Protville and La Sebala Airfields, trucks on the Massicault-Tunis road, Bordj Frendj, Djebel Achour, traffic SW of Tunis, troops N of Massicault, the Djedeida- Saint-Cyprien road, the road S of Djedeida, and numerous other points of strength in extreme NE Tunisia.  B-25's and B-26's bomb 2 beached vessels at Cape Zebib, and ships, a lighthouse, and parked aircraft near Capes Fortass, Zebib, Cap Serrat and at Protville. Fighters escort the bombing missions. The 48th Fighter Squadron, 14th Fighter Group with P-38's transfers from Mediouna, French Morocco to Telergma, Algeria."
EVT_19430507_06232,1943-05-07,1943,5,MTO,MEDITERRANEAN THEATER OF OPERATIONS,Ninth Air Force,,Tunisia,,"P-40, B-25",0,0,0,"EASTERN MEDITERRANEAN (Ninth Air Force) In Tunisia, B-25's hit the town of Kelibia. P-40's bomb and strafe shipping in the Gulf of Tunis, severely damaging 3 boats."
EVT_19430507_06233,1943-05-07,1943,5,MTO,MEDITERRANEAN THEATER OF OPERATIONS,NASAF,,Sicily,,"WELLINGTON, P-40, A-20",0,0,0,"WESTERN MEDITERRANEAN (Northwest African Air Force) In Sicily during the night of 6/7 May, Northwest African Strategic Air Force (NASAF) Wellingtons bomb the docks and shipping at Trapani as a diversion for a mine-laying mission off Malta. In Tunisia, NASAF P-40's attack motor vessels, the quay and dock area at Tunis harbor. Northwest African Tactical Air Force (NATAF) fighters, A-20's, and medium bombers hit El Aouina Airfield and traffic on the roads around Tunis, especially the Tunis-Bizerte road, as the Allied forces of Lieutenant General Harold R. Alexander's 18 Army Group overrun both Tunis and Bizerte, splitting the enemy's forces."
EVT_19430508_06236,1943-05-08,1943,5,MTO,MEDITERRANEAN THEATER OF OPERATIONS,Ninth Air Force,,Tunisia,,"P-40, B-25",0,0,0,"EASTERN MEDITERRANEAN (Ninth Air Force) In the Mediterranean, B-25's hit the landing ground on Pantelleria Island. In Tunisia, P-40's strafe and bomb shipping in the Cap Bon area and shipping and shore installations on the Gulf of Tunis. Fighters claim 5 Bf 109's destroyed."
EVT_19430508_06237,1943-05-08,1943,5,MTO,MEDITERRANEAN THEATER OF OPERATIONS,NASAF,,,,"P-40, B-26, P-38, A-20, B-25",0,0,0,"WESTERN MEDITERRANEAN (Northwest African Air Force) In the Mediterranean, Northwest African Strategic Air Force (NASAF) P-38's and Northwest African Tactical Air Force (NATAF) fighters and A-20's bomb the landing ground on Pantelleria Island. In Tunisia, NASAF B-26's and P-4O's attack small vessels off NE Tunisia. Weather prevents the success of other shipping sweeps, but B-25's hit a road junction and railroad at Korba and a highway N of Beni Khalled. P-40's bomb docks near Thonara. NATAF fighters and A-20's bomb shipping between Tunisia and Sicily, convoys and road network near Soliman and Hammamet, tanks near Protville, troops, emplacements, trucks, landing grounds, and vessels on and near Cap Bon and in the area S of Tunis. On the ground, CORPS FRANC D'AFRIQUE makes an official entry into Bizerte as the British 7 Armored Division pushes N from Tunis toward the US II Corps zone. The British 6 Armored and Indian 4 Infantry Divisions, pushing SE toward Hammamet, are stopped at Hammam Lif as the enemy strives to keep their line of retreat to the Cap Bon peninsula open. The British 5 Corps' l Division and 4 Indian Division push E with the French 19th Corps which meets firm resistance near Zaghouan. HQ 52d Troop Carrier Wing arrives at Oujda, French Morocco from the US. This begins the buildup of troop carrier units for the planned airborne assault on Sicily."
EVT_19430509_06240,1943-05-09,1943,5,MTO,MEDITERRANEAN THEATER OF OPERATIONS,Ninth Air Force,,Italy,,"B-25, P-40, B-24",0,0,0,"EASTERN MEDITERRANEAN (Ninth Air Force) In Italy, B-24's attack harbor facilities at Messina, scoring hits on the ferry terminal, roundhouse, 2 ferries, and a ship. In the Mediterranean, B-25's hit the landing ground on Pantelleria Island. In Tunisia, over 300 P-40's fly escort and reconnaissance missions, and strafing and bombing raids on landing grounds vessels, vehicles, bridges, and gun positions in the areas of Zembra Island, Cap Bon, and Pantelleria Island. HQ 316th Troop Carrier Group transfers from Fayidk Egypt to Nouvion, Algeria and begins training for the invasion of Sicily."
EVT_19430510_06245,1943-05-10,1943,5,MTO,MEDITERRANEAN THEATER OF OPERATIONS,Ninth Air Force,,Tunisia,,"P-40, C-47, B-25",1,0,0,"EASTERN MEDITERRANEAN (Ninth Air Force) In the Mediterranean B-25's and P-40's bomb Pantelleria landing ground. In Tunisia, P-40's bomb the Medi and Cap Bon peninsula. Fighters claim 4 airplanes destroyed. The 36th and 44th Troop Carrier Squadrons, 316th Troop Carrier Group with C-47's transfer from Egypt to Nouvion, Algeria and begin training for the aerial assault on Sicily."
EVT_19430510_06246,1943-05-10,1943,5,MTO,MEDITERRANEAN THEATER OF OPERATIONS,NASAF,,Sicily,,"WELLINGTON, A-20, BEAUFIGHTER, B-17",0,0,0,"WESTERN MEDITERRANEAN (Northwest African Air Force) In Sicily during the night of 9/10 May, Northwest African Strategic Air Force (NASAF) Wellingtons bomb Palermo and the surrounding area. B-17's follow up, shortly past noon, with raids on the airfields at Milo and Bo Rizzo. In Tunisia, Northwest Tactical Air Force (NATAF) fighters, A-20's, and medium bombers attack Pantelleria harbor in the Mediterranean, Korba bridge, Menzel Temime landing ground, Kelibia areas, and town of Menzel Bou Zelfa. Numerous motor transport and troop concentrations on Cap Bon peninsula are bombed and strafed as British 6 Armored Division drives to Hammamet, cutting off the peninsula. HQ 17th Bombardment Group (Medium) transfers from Telergma, Algeria to Sedrata, Algeria. The ground echelon of the 414th Night Fighter Squadron, Twelfth Air Force, arrives at La Senia, Algeria from the U.S. The air echelon is in England training on Beaufighters."
EVT_19430511_06253,1943-05-11,1943,5,MTO,MEDITERRANEAN THEATER OF OPERATIONS,Ninth Air Force,,Sicily,,"B-25, P-40, B-24",0,0,0,"EASTERN MEDITERRANEAN (Ninth Air Force) In Sicily, B-24's strike Catania harbor, severely damaging the harbor area and several ships. In Tunisia, B-25's strike the battle area in NE Tunisia.  P-40's fly escort and armed reconnaissance, and carry out bombing and strafing missions in the Cap Bon area against motor transport, concentrations, roads, docks, and AA batteries."
EVT_19430511_06254,1943-05-11,1943,5,MTO,MEDITERRANEAN THEATER OF OPERATIONS,NASAF,,Sicily,,"C-47, P-40, B-26, A-20, B-25, B-17",0,0,0,"WESTERN MEDITERRANEAN (Northwest African Air Force) In Sicily, Northwest African Strategic Air Force (NASAF) B-17's, B-26's, and B-25's bomb Marsala, hitting the warehouse, docks, railroad yards, seaplane base, and city area. In Italy, NASAF P-40's bomb and strafe harbor at San Michele. In Tunisia, Northwest African Tactical Air Force (NATAF) fighters and A-20's attack vehicles, gun positions and troop concentrations in the Zaghouan-Sainte-Marie du Zit area and on Cap Bon as the British 4 Division completes an uneventful sweep around the Cap Bon peninsula, revealing no important forces there. Resistance in the Zaghouan sector weakens. The 29th and 48th Troop Carrier Squadrons, 313th Troop Carrier Group, with C-47's arrive at Oujda, French Morocco from the US. The 310th, 311th and 312th Bombardment Squadrons (Dive), 86th Bombardment Group (Dive), with A-36's, arrive at La Senia, Algeria from the US."
EVT_19430512_06259,1943-05-12,1943,5,MTO,MEDITERRANEAN THEATER OF OPERATIONS,Ninth Air Force,,Tunisia,,"WELLINGTON, BEAUFIGHTER, P-39, B-25",0,0,0,"EASTERN MEDITERRANEAN (Ninth Air Force) In Tunisia, B-25's bomb targets in the battle area in NE Tunisia. WESTERN MEDITERRANEAN (Northwest African Air Force) In Sicily, Northwest African Strategic Air Force (NASAF) Wellingtons bomb the docks at Marsala during the night of 11/12 May; some bombs fall on Mazara del Vallo and Trapani. In Tunisia, Northwest African Tactical Air Force (NATAF) fighters, A- 20's, and medium bombers fly sweeps and tactical reconnaissance over the battle area and hit positions S of Bou Ficha which form the last link between the enemy forces and the sea. By night, enemy resistance in the S is almost ended. Enemy troops, including Colonel-General Jurgen von Arnim, Commander-in-Chief, Army Group Africa, are surrendering en masse. HQ 86th Bombardment Group (Dive) and it's 309th Bombardment Squadron (Dive) with A-36's arrive at La Senia, Algeria from the US. The 92d Fighter Squadron, 81st Fighter Group, with P-39's, transfers from Maison Blanche, Algeria to Warnier, Algeria. The ground echelon of the 415th Night Fighter Squadron, Twelfth Air Force arrives at La Senia, Algeria from the US. The air echelon is in England training with Beaufighters."
EVT_19430514_06272,1943-05-14,1943,5,MTO,MEDITERRANEAN THEATER OF OPERATIONS,Ninth Air Force,,Sardinia,,"WELLINGTON, C-47, P-40, B-26, P-38, P-39, B-25, B-17",0,0,0,"EASTERN MEDITERRANEAN (Ninth Air Force) P-40's fly sea patrol and escort for bombers. WESTERN MEDITERRANEAN (Northwest African Air Force) In Sardinia during the night of 13/14 May, Wellingtons hit Cagliari. During the day, B-25's and P-38 escorts bomb the dock and town area of Olbia claiming destruction of 3 vessels. B-26's hit Porto Ponte Romano. In Italy, B-17's bomb Civitavecchia. During the day, P-38's bomb tunnel, barracks, airfield, industry, power station, and town areas at Sassari and Abbasanta, Italy; and Alghero and Porto Torres, Sardinia. HQ 1st Air Defense Wing transfers from Casablanca, French Morocco to Sousse, Tunisia. The unit will be redesignated the 62d Fighter Wing in Jul 43. The 10th Troop Carrier Squadron, 60th Troop Carrier Group, with C-47's, transfers from Relizane, Algeria to Thiersville, Algeria. The 14th Troop Carrier Squadron, 61st Troop Carrier Group, with C-47's, arrives at Lourmel, Algeria from the US. The 95th Bombardment Squadron (Medium), 17th Bombardment Group (Medium), with B-26's, transfers from Telergma, Algeria to Sedrata, Algeria. The 347th Fighter Squadron, 350th Fighter Group, with P-39's, transfers from Le Sers, Tunisia to Djidjelli, Algeria."
EVT_19430519_06297,1943-05-19,1943,5,MTO,MEDITERRANEAN THEATER OF OPERATIONS,Ninth Air Force,,Tunisia,,P-40,0,0,0,"EASTERN MEDITERRANEAN (Ninth Air Force) In Tunisia after 2 days of sand storms, aircraft are again airborne. P-40's fly escort for ships in area E of Kelibia off Cap Bon peninsula."
EVT_19430520_06304,1943-05-20,1943,5,MTO,MEDITERRANEAN THEATER OF OPERATIONS,Ninth Air Force,,,,P-40,0,0,0,"EASTERN MEDITERRANEAN (Ninth Air Force) In the Mediterranean, P-40's escort ships and fly sea patrol off Cap Bon and in the Kelibia area."
EVT_19430522_06316,1943-05-22,1943,5,MTO,MEDITERRANEAN THEATER OF OPERATIONS,Ninth Air Force,,Tunisia,,"WELLINGTON, P-40, P-39",0,0,0,"EASTERN MEDITERRANEAN (Ninth Air Force) In the Mediterranean, P-40's fly sea patrol off NE Tunisia. WESTERN MEDITERRANEAN (Northwest African Air Force) In Sicily, as a diversion for a convoy passing off Sicily during the night of 21/22 May, Northwest African Strategic Air Force (NASAF) Wellingtons fly intrusion missions dropping bombs on Castelvetrano, Sciacca, Milo, and Bo Rizzo Airfields. In the Mediterranean, Northwest African Tactical Air Force (NATAF) fighters fly convoy escort. The 60th Fighter Squadron, 33d Fighter Group transfers with P-40's from Ebba Ksour, Tunisia to Menzel Termime, Tunisia. The 93d Fighter Squadron, 81st Fighter Group transfers with P-39's from Bone, Algeria to Monastir, Tunisia. The 346th Fighter Squadron, 350th Fighter Group transfers with P-39's from Orleansville, Algeria to Maison Blanche, Algeria."
EVT_19430523_06322,1943-05-23,1943,5,MTO,MEDITERRANEAN THEATER OF OPERATIONS,Ninth Air Force,,Tunisia,,"P-40, B-26, P-38, P-39, B-25",0,0,0,"EASTERN MEDITERRANEAN (Ninth Air Force) In the Mediterranean, P-40's fly convoy escort off Tunisia. WESTERN MEDITERRANEAN (Northwest African Air Force) In the Mediterranean, Northwest African Strategic Air Force (NASAF) B-25's and B-26's bomb the docks and airfield on Pantelleria Island and P-40's attack gun positions on the island. In Italy, P-38's attack the zinc works at Iglesias and Carloforte harbor on San Pietro Island. The 91st Fighter Squadron, 81st Fighter Group transfers with P-39's from Bone, Algeria to Sfax, Tunisia."
EVT_19440503_06388,1944-05-03,1944,5,MTO,MEDITERRANEAN THEATER OF OPERATIONS (MTO),Eighth Air Force,,Tunisia,,B-17,0,0,0,"AAF, MTO: 16th Reconnaissance Squadron (Heavy, Special), AAF, MTO, moves from Foch Field, Tunisia to Foggia, Italy with B-17s; a detachment is operating from Borgo, Corsica. The 16th serves as a radar detection and countermeasures unit in the MTO."
EVT_19421116_06959,1942-11-16,1942,11,MTO,MEDITERRANEAN THEATER OF OPERATIONS (MTO),Twelfth Air Force,,Tunisia,,"A-20, C-47, B-17",0,0,0,"NW AFRICA (Twelfth Air Force): In Tunisia, Twelfth AF C-47s drop British paratroops at Souk el Arba; 6 B-17s, of the 97th Bombardment Group (Heavy) based at Maison Blanche, Algeria, raid Sidi Ahmed Airfield at Bizerte; thus the 97th which flew the first US heavy bomber mission from the UK, on 17 Aug, becomes the first Twelfth AF bombardment group to fly a combat mission in Africa. In Algeria, the 8th Troop Carrier Squadron, 62d Troop Carrier Group, arrives at Tafaraoui from the UK with C-47s; the 111th and 154th Observation Squadrons, 68th Observation Group, moves from St Leu to Tafaraoui with A-20s; the 341st Bombardment Squadron (Heavy), 97th Bombardment Group (Heavy) arrives at Maison Blanche from the UK with B-17s."
EVT_19421119_06973,1942-11-19,1942,11,MTO,MEDITERRANEAN THEATER OF OPERATIONS (MTO),Twelfth Air Force,,Tunisia,,"B-25, P-38, P-39, B-17",0,0,0,"NW AFRICA (Twelfth Air Force): B-17s, escorted by P-38s, bomb El Aouina Airfield, Tunisia. In Algeria, the 342d and 414th Bombardment Squadrons (Heavy), 97th Bombardment Group (Heavy), arrive at Maison Blanche from the UK with B-17s. In French Morocco, the 345th and 346th Fighter Squadrons, 350th Fighter Group, arrive at Casablanca, the air echelon from the UK with P-39s and P-400s and the ground echelon from the US; the 379th and 428th Bombardment Squadrons (Medium), 310th Bombardment Group (Medium), arrive at Mediouna with B-25s."
EVT_19421121_06982,1942-11-21,1942,11,MTO,MEDITERRANEAN THEATER OF OPERATIONS (MTO),Twelfth Air Force,,Tunisia,,"B-26, P-38, B-17",0,0,0,"NW AFRICA (Twelfth Air Force):  B-17s hit El Aouina Airfield, Tunisia. In Algeria, P-38s of the 1st Fighter Group arrive at Nouvion to replace the 14th Fighter Group in escorting B-17s; during the night of 21/22 Nov enemy aircraft again hit Algiers, damaging several aircraft and destroying a B-17; the 71st and 94th Fighter Squadrons, 1st Fighter Group, move from Tafaraoui to Nouvion; the 440th Bombardment Squadron (Medium), 319th Bombardment Group (Medium), moves from Tafaraoui to Maison Blanche with B-26s. In French Morocco, the 12th Photographic Reconnaissance Squadron, 3d Photographic Group, arrives at Casablanca from the US with F-4s."
EVT_19421124_06998,1942-11-24,1942,11,MTO,MEDITERRANEAN THEATER OF OPERATIONS (MTO),Ninth Air Force,,Libya,,"P-40, B-26, P-38, B-17",0,0,0,"NE AFRICA (Ninth Air Force): In Libya, P-40s patrol over the Bengasi and Derna areas. NW AFRICA (Twelfth Air Force): B-17s, with P-38 escort, are dispatched against the harbor at Bizerte, Tunisia but must abort because of bad weather. In Algeria, fighters patrol the Oran-Nouvion-Tafaraoui area, and fly sea patrol off Oran and destroy several aircraft and attack ground targets in the vicinity of Gabes, Tunisia. In Algeria, HQ 319th Bombardment Group (Medium) and the 439th Bombardment Squadron (Medium) move from Tafaraoui to Maison Blanche with B-26s; the 352d and 419th Bombardment Squadrons (Heavy), 301st Bombardment Group (Heavy), arrive at Tafaraoui from the UK with B-17s."
EVT_19421128_07017,1942-11-28,1942,11,MTO,MEDITERRANEAN THEATER OF OPERATIONS (MTO),Twelfth Air Force,,Tunisia,,"B-26, P-38, B-17",0,1,0,"NW AFRICA (Twelfth Air Force): In Tunisia, 35 B-17s of the 97th Bombardment Group (Heavy) and the newly-arrived 301st Bombardment Group (Heavy) bomb Bizerte airfield and dock area; because of mud, no P-38 escort is provided; 2 B-17s are lost to fighter attacks; B-26s of the newly-arrived 319th Bombardment Group (Medium) bomb oil tanks, warehouses, and rail yards at Sfax, marking the debut of Twelfth AF medium bombers in NW Africa. The 94th Fighter Squadron, 1st Fighter Group, moves from Nouvion to Youks-les-Bains, Algeria with P-38s."
EVT_19421129_07022,1942-11-29,1942,11,MTO,MEDITERRANEAN THEATER OF OPERATIONS (MTO),Ninth Air Force,,Libya,,"C-47, P-38, B-24",0,0,0,"NE AFRICA (Ninth Air Force): B-24s bomb Tripoli, Libya harbor at dusk, hitting docks, warehouses, 2 vessels, and silencing an AA battery. NW AFRICA (Twelfth Air Force): In Tunisia, the British First Army, after taking Tebourba on 27 Nov, is stalled at Djedeida; in an effort to rejuvenate the drive on Tunis elements of the British 1 Parachute Brigade are dropped at Depienne by Twelfth AF C-47s, but the objective of capturing Oudna airfield and threatening Tunis, 10 miles (16 km) to the N, fails because of overwhelming defense of the airfield; over 300 casualties are suffered by the paratroops; P-38s and DB-7s attack Gabes Airfield while other US fighters operate with the RAF out of Bone, Algeria, furnishing air cover for ground units in the battle area. The 11th Troop Carrier Squadron, 60th Troop Carrier Group, moves from Tafaraoui to Relizane, Algeria with C-47s."
EVT_19421130_07030,1942-11-30,1942,11,MTO,MEDITERRANEAN THEATER OF OPERATIONS (MTO),Twelfth Air Force,,Tunisia,,"C-47, B-26, P-38, B-17",0,0,0,"NW AFRICA (Twelfth Air Force): In Tunisia, B-17s bomb the N quay at Bizerte; B-26s hit the airfield and railroad at Gabes; DB-7s attack a bridge and railway station at Djedeida; P-38s escort all 3 missions; other P-38s strafe Gabes Airfield, fly reconnaissance, and shoot down a Bf 109 in an aerial battle near Tunis; elements of the British First Army remain hard pressed at Djedeida. The 12th Troop Carrier Squadron, 60th Troop Carrier Group, moves from Tafaraoui to Relizane, Algeria with C-47s."
EVT_19431101_07042,1943-11-01,1943,11,OTHER,STRATEGIC OPERATIONS (Fifteenth Air Force): The Fifteenth Air Force is,Fifteenth Air Force,,Tunisia,,,0,0,0,"activated, with HQ at Tunis, Tunisia and Lieutenant General James H. Doolittle as Commanding General. The following Twelfth Air Force units are transferred to the new Fifteenth Air Force:"
EVT_19431101_07043,1943-11-01,1943,11,OTHER,STRATEGIC OPERATIONS (Fifteenth Air Force): The Fifteenth Air Force is,Fifteenth Air Force,,Tunisia,,B-17,0,0,0,"B-17 Units ---------- 5th Bombardment Wing at Depienne, Tunisa 2d  Bombardment Group (Heavy) [20th, 49th, 96th and 429th Bombardment Squadrons (Heavy)] at Massicault, Tunisia 97th Bombardment Group (Heavy) [340th, 341st, 342d and 414th Bombardment Squadrons (Heavy)] at Depienne, Tunisia 99th Bombardment Group (Heavy) [346th, 347th, 348th and 416th Bombardment Squadrons (Heavy)] at Oudna, Tunisia 301st Bombardment Group (Heavy) [32d, 352d, 353d and 419th Bombardment Squadrons (Heavy)] at Oudna, Tunisia"
EVT_19431101_07044,1943-11-01,1943,11,OTHER,STRATEGIC OPERATIONS (Fifteenth Air Force): The Fifteenth Air Force is,Fifteenth Air Force,,Tunisia,,B-24,0,0,0,"B-24 Units ---------- 98th Bombardment Group (Heavy) [343d, 344th, 345th and 415th Bombardment Squadrons (Heavy)] at Hergla, Tunisia 376th Bombardment Group (Heavy) [512th, 513th, 514th and 515th Bombardment Squadrons (Heavy)] at Enfidaville, Tunisia"
EVT_19431101_07045,1943-11-01,1943,11,OTHER,STRATEGIC OPERATIONS (Fifteenth Air Force): The Fifteenth Air Force is,Fifteenth Air Force,,Tunisia,,B-25,0,0,0,"B-25 Units (Groups transferred to Twelfth Air Force on 3 Nov 43) ---------- 47th Bombardment Wing (Medium) at Hammamet, Tunisia 310th Bombardment Group (Medium) [379th, 380th, 381st and 428th Bombardment Squadrons (Medium)] at Menzel Temime, Tunisia 321st Bombardment Group (Medium) [445th, 446th, 447th and 448th Bombardment Squadrons (Medium)] at Grottaglie, Italy"
EVT_19431101_07046,1943-11-01,1943,11,OTHER,STRATEGIC OPERATIONS (Fifteenth Air Force): The Fifteenth Air Force is,Fifteenth Air Force,,Tunisia,,B-26,0,0,0,"B-26 Units (all transferred back to Twelfth Air Force at end of year) ---------- 42d  Bombardment Wing (Medium) at Ariana, Tunisia 17th Bombardment Group (Medium) [34th, 37th, 95th and 432d Bombardment Squadrons (Medium)] at Djedeida, Tunisia 319th Bombardment Group (Medium) [437th, 438th, 439th and 440th Bombardment Squadrons (Medium)] in Sardinia 320th Bombardment Group (Medium) [441st, 442d, 443d and 444th Bombardment Squadrons (Medium)] in Sardinia"
EVT_19431101_07048,1943-11-01,1943,11,OTHER,STRATEGIC OPERATIONS (Fifteenth Air Force): The Fifteenth Air Force is,Fifteenth Air Force,,Tunisia,,P-47,0,0,0,"P-47 Unit --------- 325th Fighter Group [317th, 318th and 319th Fighter Squadrons] at Mateur, Tunisia"
EVT_19431101_07049,1943-11-01,1943,11,OTHER,STRATEGIC OPERATIONS (Fifteenth Air Force): The Fifteenth Air Force is,Fifteenth Air Force,,Tunisia,,"P-51, B-17",0,0,0,"Other aircraft -------------- 68th Reconnaissance Group at Massicault, Tunisia 16th Reconnaissance Squadron (Bomber) at Foch Field, Tunisia with B-17 111th Reconnaissance Squadron (Fighter) at Pomigliano, Italy with A-36 and F-6 122d  Liaison Squadron at Berteaux, Algeria with B-17 154th Reconnaissance Squadron (Fighter) at Nouvion, Algeria with P-51"
EVT_19431111_07123,1943-11-11,1943,11,OTHER,"STRATEGIC OPERATIONS (Fifteenth Air Force): In France, 28 B-24's attack the",Fifteenth Air Force,VIII Bomber Command,Tunisia,,,0,0,0,"Annecy ball bearing plant and the viaduct at Antheor. HQ 47th Bombardment Wing (Medium) transfers from Hammamet, Tunisia to Manduria, Italy."
EVT_19431119_07178,1943-11-19,1943,11,OTHER,STRATEGIC OPERATIONS (Fifteenth Air Force): Weather causes the recall of all,Fifteenth Air Force,VIII Bomber Command,Tunisia,,B-24,0,0,0,"aircraft dispatched. The 512th, 513th and 515th Bombardment Squadrons (Heavy), 376th Bombardment Group (Heavy), transfer from Enfidaville, Tunisia to San Pancrazio, Italy with B-24's."
EVT_19431009_07746,1943-10-09,1943,10,MTO,MEDITERRANEAN THEATER OF OPERATIONS (Twelfth Air Force): XII Bomber Command,Twelfth Air Force,XII Bomber Command,Greece,,"P-38, B-24, B-17",0,0,0,"B-17's bomb airfields at Larissa, Athens and Salonika, Greece and Argos, Italy. B-24's hit Kastelli/Pediada Airfield on Crete. P-38's fly a sweep between the island of Corfu, Greece and Dubrovnik, Yugoslavia and escort shipping in the Karpathos Straits between Carpathos and Rhodes. In Italy, the XII Air Support Command does not operate, but the NATBF and RAF DAF hit traffic in the Termoli and Montenero areas, guns N of Capua, a HQ at Palata, and roads and railroads N of Naples. HQ 79th Fighter Group transfers from Crotone to Foggia, Italy. The 66th, 67th, 68th and 506th Bombardment Squadrons (Heavy), 44th Bombardment Group (Heavy), cease operating from Tunis, Tunisia and return to their base at Shipdham, England with B-24's."
EVT_19430901_08298,1943-09-01,1943,9,MTO,MEDITERRANEAN THEATER OF OPERATIONS,Twelfth Air Force,,,,"P-40, C-47",0,0,0,"WESTERN MEDITERRANEAN (Twelfth Air Force): All ADMINISTRATIVE functions of the Army Air Forces elements of the Northwest African Air Force are transferred to the appropriate  Twelfth Air Force organizations: HQ Northwest African Air Force (NAAF) to HQ Twelfth Air Force, Northwest African Strategic Air Force (NASAF) to XII Bomber Command, Northwest African Tactical Air Force (NATAF) to XII Air Support Command, Northwest African Coastal Air Force to XII Fighter Command, Northwest African Air Service Command (NAASC) to XII Air Force Services Command, Northwest African Air Force Troop Carrier Command to XII Troop Carrier Command (Provisional), NW African Photographic Reconnaissance Wing to  Photo Reconnaissance Wing (Provisional), and Northwest African Training Command (NATC) to XII Training Command (Provisional). OPERATIONAL control remains with the Northwest African Air Force. In Italy, P-40's bomb a zinc plant at Iglesias and strafe a factory N of Gonnesa; medium and light bombers hit Bova Marina, areas near Salina and Sant' Eufemia d'Aspromonte town area and bridge at Oliveto. HQ 52d Troop Carrier Wing transfers from Kairouan, Tunisia to Agrigento, Sicily. HQ 64th Fighter Wing transfers from Gela to Milazzo, Sicily. HQ 61st Troop Carrier Group transfers from Kairouan, Tunisia to Licata, Sicily. The 32d and 61st Troop Carrier Squadrons, 314th Troop Carrier Group, transfer from Kairouan, Tunisia to Castelvetrano, Sicily with C-47's. The 111th Reconnaissance Squadron (Fighter), 68th Reconnaissance Group, transfers from Termini to San Antonio, Sicily with F-6's. The 526th Fighter-Bomber Squadron, 86th Fighter-Bomber Group, transfers from Gela to Barcelona, Sicily with A-36's."
EVT_19430902_08303,1943-09-02,1943,9,MTO,MEDITERRANEAN THEATER OF OPERATIONS,Twelfth Air Force,XII Bomber Command,Italy,,"SPITFIRE, C-47, B-25, B-17",1,0,0,"WESTERN MEDITERRANEAN (Twelfth Air Force): In Italy, almost 200 B-17's and B-25's of the XII Bomber Command bomb marshalling yards at Bologna, Trento, Bolzano, and Cancello Arnone; bombers and fighters escorting the B-25's claim 28 enemy airplanes shot down; and tactical aircraft, including Royal Air Force (RAF) and Ninth Air Force airplanes, hit gun positions and other targets on the Italian toe, bomb rail communications at Bova Marina, Locri, Marina di Monasterace, Siderno Marina, Lamezia, and Catanzaro, and attack barges in the Golfo di Sant' Eufemia and an ammunition dump at Saptri. HQ 31st Fighter Group and it's 308th Fighter Squadron transfer from Termini to Milazzo, Sicily with Spitfires. The 15th Troop Carrier Squadron, 61st Troop Carrier Group, transfers from Kairouan, Tunisia to Licata, Sicily with C-47's."
EVT_19430903_08309,1943-09-03,1943,9,MTO,MEDITERRANEAN THEATER OF OPERATIONS,Twelfth Air Force,VIII Bomber Command,Sardinia,,"C-47, P-40, SPITFIRE, BEAUFIGHTER, A-20",0,0,0,"WESTERN MEDITERRANEAN (Twelfth Air Force): P-40's on a sweep over Sardinia hit Pula and Capo Carbonara radar installations. In Italy, A-20's, A-36's, fighters and RAF light bombers hit gun positions throughout the toe of Italy, attack airfields at Crotone and Camigliatello and hit railway yards at Marina di Catanzaro and Punta di Staletti, troop concentration near Santo Stefano d'Aspromonte and road junctions and bridges at Cosenza. On the ground in Italy, the British Eighth Army lands on the toe of Italy between Reggio di Calabria and Villa San Giovanni (Operation BAYTOWN). The Italian government signs surrender terms. HQ 316th Troop Carrier Group and it's 36th Troop Carrier Squadron transfer from Enfidaville, Tunisia to Mazzara, Sicily with C-47's. The 17th Troop Carrier Squadron, 64th Troop Carrier Group, transfers from El Djem, Tunisia to Comiso, Sicily with C-47's. The 62d Troop Carrier Squadron, 314th Troop Carrier Group, transfers from Kairouan, Tunisia to Castelvetrano, Sicily with C-47's. The 307th Fighter Squadron, 31st Fighter Group, transfers from Termini to Milazzo, Sicily with Spitfires. The 415th Night Fighter Squadron, XII Fighter Command, transfers from La Sebala, Tunisia to Cantania, Sicily with Beaufighters. The 522d and 524th Fighter-Bomber Squadrons, 27th Fighter-Bomber Group, transfer from Gela to Barcelona, Sicily and San Antonio, Sicily respectively with A-36's."
EVT_19430906_08327,1943-09-06,1943,9,MTO,MEDITERRANEAN THEATER OF OPERATIONS,Twelfth Air Force,XII Bomber Command,Italy,,"C-47, P-40, SPITFIRE, B-26, P-38, P-39, B-25, B-17",0,0,0,"WESTERN MEDITERRANEAN (Twelfth Air Force): In Italy, XII Bomber Command B-17's hit Capodichino Airfield, Villa Literno marshalling yard, Gaeta harbor, and Minturno railroad facilities; weather prevents a B-17 attack on Pomigliano airfield. B-25's and B-26's hit Capua airfield and landing grounds at Grazzanise. P-40's hit the landing ground at Pabillonis, Sardinia. US and RAF planes of NATAF operate on reduced scale, flying patrols and hitting railroads and targets of opportunity on the Italian toe. HQ 62d Troop Carrier Group and it's 7th Troop Carrier Squadron transfers from Goubrine, Tunisia to Ponte Olivo, Sicily with C-47's. The 10th, 11th and 12th Troop Carrier Squadrons, 60th Troop Carrier Group, transfer from El Djem, Tunisia to Gela, Sicily with C-47's. The 14th Troop Carrier Squadron, 61st Troop Carrier Group, transfers from Kairouan, Tunisia to Licata, Sicily with C-47's. The 16th Reconnaissance Squadron (Bomber), 68th Reconnaissance Group, transfers from Berrechid, French Morocco to Berteaux, Algeria. The squadron is operating a school for fighter pilots until 23 Sep with P-38's, P-39's, P-40's and Spitfires. The 27th and 94th Fighter Squadrons, 1st Fighter Group, based at Mateur, Tunisia begin operating from Dittaino, Sicily with P-38's."
EVT_19430915_08381,1943-09-15,1943,9,MTO,MEDITERRANEAN THEATER OF OPERATIONS,Twelfth Air Force,XII Bomber Command,Italy,,"P-40, B-26, BEAUFIGHTER, B-25, B-17",0,0,0,"WESTERN MEDITERRANEAN (Twelfth Air Force): In Italy, B-17's of the XII Bomber Command bomb highways and a railroad at Torre del Greco while B-25's and B-26's hit highways and road junctions at or near Torre Annunziata, Battipaglia, Eboli, Serre, Auletta, and Polla. The XII Air Support Command and other NATAF elements attack buildings, railroads, highways and motor transport in support of US Fifth Army as German counterattacks astride Sele River subside. British Eighth Army forces reach Saptri, threatening the enemy with entrapment between US and British forces. HQ 57th Fighter Group transfers from Sicily to Rocco Bernardo, Italy. HQ 79th Fighter Group and it's 85th, 86th and 87th Fighter Squadrons transfer from Sicily to Crotone, Italy with P-40's. The 416th Night Fighter Squadron, Twelfth Air Force, transfers from Bone, Algeria to Bizerte, Tunisia with Beaufighters. The 526th Fighter-Bomber Squadron, 86th Fighter-Bomber Group, transfers from Barcelona, Sicily to Sele Airfield, Italy with A-36's."
EVT_19430918_08398,1943-09-18,1943,9,MTO,MEDITERRANEAN THEATER OF OPERATIONS,First Air Force,VIII Air Support Command,Tunisia,,B-24,0,0,0,"ANTISUBMARINE WARFARE (First Air Force): The 1st Antisubmarine Squadron (Heavy), 480th Antisubmarine Group, ceases operating from Protville, Tunisia and returns to it's base at Port Lyautey, French Morocco with B-24's."
EVT_19430919_08405,1943-09-19,1943,9,MTO,MEDITERRANEAN THEATER OF OPERATIONS,Ninth Air Force,VIII Air Support Command,Tunisia,,B-24,0,0,0,"EASTERN MEDITERRANEAN (Ninth Air Force): The 66th, 67th, 68th and 506th Bombardment Squadrons (Heavy), 44th Bombardment Group (Heavy), based at Shipdham, England begin operating from Tunis, Tunisia with B-24's. The 564th, 566th and 567th Bombardment Squadron (Heavy), 389th Bombardment Group (Heavy), based at Hethel, England begin operating from Massicault, Tunisia with B-24's."
EVT_19430921_08417,1943-09-21,1943,9,MTO,MEDITERRANEAN THEATER OF OPERATIONS,Ninth Air Force,VIII Air Support Command,Libya,,"SPITFIRE, B-26, BEAUFIGHTER, B-25, B-24, B-17",0,0,0,"EASTERN MEDITERRANEAN (Ninth Air Force): HQ IX Fighter Command at Tripoli, Libya closes. WESTERN MEDITERRANEAN (Twelfth Air Force): In Italy, XII Bomber Command B-17's hit a bridge and the town area at Benevento; B-25's and B-26's hit landing craft and a ferry near Elba Island and bridges at Cancello Arnone and Capua; B-24's on detached service from the Eighth Air Force bomb Leghorn and Bastia; medium bombers and fighter-bombers of the NATBF and XII Air Support Command hit town areas, troop concentrations, trucks and tanks, and targets of opportunity in the Solofra-Avellino-Benevento areas. HQ 98th Bombardment Group (Heavy) transfers from Benina, Libya to Hergla, Tunisia. The 307th and 309th Fighter Squadrons, 31st Fighter Group, transfer from Milazzo, Sicily to Montecorvino, Italy with Spitfires. The 416th Night Fighter Squadron, Twelfth Air Force, transfers from Bizerte, Tunisia to Catania, Sicily with Beaufighters."
